name,address,latitude,longitude,category_large,category_small,source_file
서울역,,37.55315,126.972533,metro,1호선,metro_station_seoul_cleaned.csv
시청역,,37.56359,126.975407,metro,1호선,metro_station_seoul_cleaned.csv
종각역,,37.570203,126.983116,metro,1호선,metro_station_seoul_cleaned.csv
종로3가역,,37.570429,126.992095,metro,1호선,metro_station_seoul_cleaned.csv
종로5가역,,37.570971,127.0019,metro,1호선,metro_station_seoul_cleaned.csv
동대문역,,37.57179,127.011383,metro,1호선,metro_station_seoul_cleaned.csv
동묘앞역,,37.573265,127.016459,metro,1호선,metro_station_seoul_cleaned.csv
신설동역,,37.576117,127.02471,metro,1호선,metro_station_seoul_cleaned.csv
제기동역,,37.578116,127.034902,metro,1호선,metro_station_seoul_cleaned.csv
청량리역,,37.580148,127.045063,metro,1호선,metro_station_seoul_cleaned.csv
을지로입구역,,37.565998,126.982569,metro,2호선,metro_station_seoul_cleaned.csv
을지로3가역,,37.566292,126.991773,metro,2호선,metro_station_seoul_cleaned.csv
을지로4가역,,37.566611,126.998122,metro,2호선,metro_station_seoul_cleaned.csv
동대문역사문화공원역,,37.565597,127.009113,metro,2호선,metro_station_seoul_cleaned.csv
신당역,,37.565681,127.019488,metro,2호선,metro_station_seoul_cleaned.csv
상왕십리역,,37.564504,127.028872,metro,2호선,metro_station_seoul_cleaned.csv
왕십리역,,37.561159,127.035505,metro,2호선,metro_station_seoul_cleaned.csv
한양대역,,37.55658,127.043504,metro,2호선,metro_station_seoul_cleaned.csv
뚝섬역,,37.54718,127.047413,metro,2호선,metro_station_seoul_cleaned.csv
성수역,,37.544628,127.055983,metro,2호선,metro_station_seoul_cleaned.csv
건대입구역,,37.540408,127.069231,metro,2호선,metro_station_seoul_cleaned.csv
구의역,,37.536857,127.085024,metro,2호선,metro_station_seoul_cleaned.csv
강변역,,37.535161,127.094684,metro,2호선,metro_station_seoul_cleaned.csv
잠실나루역,,37.520688,127.103836,metro,2호선,metro_station_seoul_cleaned.csv
잠실역,,37.513305,127.100129,metro,2호선,metro_station_seoul_cleaned.csv
잠실새내역,,37.520731,127.103738,metro,2호선,metro_station_seoul_cleaned.csv
종합운동장역,,37.511008,127.073641,metro,2호선,metro_station_seoul_cleaned.csv
삼성역,,37.508827,127.063203,metro,2호선,metro_station_seoul_cleaned.csv
선릉역,,37.504257,127.048174,metro,2호선,metro_station_seoul_cleaned.csv
역삼역,,37.500658,127.03643,metro,2호선,metro_station_seoul_cleaned.csv
강남역,,37.497958,127.027539,metro,2호선,metro_station_seoul_cleaned.csv
교대역,,37.493957,127.014631,metro,2호선,metro_station_seoul_cleaned.csv
서초역,,37.49191,127.007945,metro,2호선,metro_station_seoul_cleaned.csv
방배역,,37.481469,126.997627,metro,2호선,metro_station_seoul_cleaned.csv
사당역,,37.476536,126.981631,metro,2호선,metro_station_seoul_cleaned.csv
낙성대역,,37.47693,126.963783,metro,2호선,metro_station_seoul_cleaned.csv
서울대입구역,,37.481233,126.952745,metro,2호선,metro_station_seoul_cleaned.csv
봉천역,,37.482416,126.941896,metro,2호선,metro_station_seoul_cleaned.csv
신림역,,37.484216,126.929573,metro,2호선,metro_station_seoul_cleaned.csv
신대방역,,37.487534,126.913279,metro,2호선,metro_station_seoul_cleaned.csv
구로디지털단지역,,37.485005,126.902626,metro,2호선,metro_station_seoul_cleaned.csv
대림역,,37.492426,126.895293,metro,2호선,metro_station_seoul_cleaned.csv
신도림역,,37.508815,126.891222,metro,2호선,metro_station_seoul_cleaned.csv
문래역,,37.517993,126.894766,metro,2호선,metro_station_seoul_cleaned.csv
영등포구청역,,37.525766,126.896627,metro,2호선,metro_station_seoul_cleaned.csv
당산역,,37.533877,126.902011,metro,2호선,metro_station_seoul_cleaned.csv
합정역,,37.550025,126.914557,metro,2호선,metro_station_seoul_cleaned.csv
홍대입구역,,37.556748,126.923643,metro,2호선,metro_station_seoul_cleaned.csv
신촌역,,37.555153,126.93689,metro,2호선,metro_station_seoul_cleaned.csv
이대역,,37.556734,126.945897,metro,2호선,metro_station_seoul_cleaned.csv
아현역,,37.557407,126.956079,metro,2호선,metro_station_seoul_cleaned.csv
충정로역,,37.559742,126.964455,metro,2호선,metro_station_seoul_cleaned.csv
시청역,,37.563534,126.975271,metro,2호선,metro_station_seoul_cleaned.csv
신설동역,,37.574653,127.025158,metro,2호선,metro_station_seoul_cleaned.csv
용두역,,37.574012,127.03811,metro,2호선,metro_station_seoul_cleaned.csv
신답역,,37.56147,127.056348,metro,2호선,metro_station_seoul_cleaned.csv
용답역,,37.566412,126.977863,metro,2호선,metro_station_seoul_cleaned.csv
도림천역,,37.514759,126.882586,metro,2호선,metro_station_seoul_cleaned.csv
양천구청역,,37.512194,126.865193,metro,2호선,metro_station_seoul_cleaned.csv
신정네거리역,,37.520218,126.852849,metro,2호선,metro_station_seoul_cleaned.csv
까치산역,,37.53181,126.846706,metro,2호선,metro_station_seoul_cleaned.csv
지축역,,37.648281,126.912551,metro,3호선,metro_station_seoul_cleaned.csv
구파발역,,37.636612,126.918827,metro,3호선,metro_station_seoul_cleaned.csv
연신내역,,37.618855,126.920859,metro,3호선,metro_station_seoul_cleaned.csv
불광역,,37.610554,126.929843,metro,3호선,metro_station_seoul_cleaned.csv
녹번역,,37.600882,126.935758,metro,3호선,metro_station_seoul_cleaned.csv
홍제역,,37.588851,126.944092,metro,3호선,metro_station_seoul_cleaned.csv
무악재역,,37.582658,126.950131,metro,3호선,metro_station_seoul_cleaned.csv
독립문역,,37.574534,126.957902,metro,3호선,metro_station_seoul_cleaned.csv
경복궁역,,37.575844,126.973576,metro,3호선,metro_station_seoul_cleaned.csv
안국역,,37.576562,126.98547,metro,3호선,metro_station_seoul_cleaned.csv
종로3가역,,37.571537,126.991237,metro,3호선,metro_station_seoul_cleaned.csv
을지로3가역,,37.566299,126.992616,metro,3호선,metro_station_seoul_cleaned.csv
충무로역,,37.561302,126.995473,metro,3호선,metro_station_seoul_cleaned.csv
동대입구역,,37.55816,127.005273,metro,3호선,metro_station_seoul_cleaned.csv
약수역,,37.554674,127.010628,metro,3호선,metro_station_seoul_cleaned.csv
금호역,,37.548269,127.015785,metro,3호선,metro_station_seoul_cleaned.csv
옥수역,,37.541653,127.017303,metro,3호선,metro_station_seoul_cleaned.csv
압구정역,,37.526169,127.028502,metro,3호선,metro_station_seoul_cleaned.csv
신사역,,37.516438,127.020247,metro,3호선,metro_station_seoul_cleaned.csv
잠원역,,37.512989,127.011613,metro,3호선,metro_station_seoul_cleaned.csv
고속터미널역,,37.504953,127.004916,metro,3호선,metro_station_seoul_cleaned.csv
교대역,,37.49306,127.013796,metro,3호선,metro_station_seoul_cleaned.csv
남부터미널역,,37.48494,127.016289,metro,3호선,metro_station_seoul_cleaned.csv
양재역,,37.48466,127.03513,metro,3호선,metro_station_seoul_cleaned.csv
매봉역,,37.487114,127.046907,metro,3호선,metro_station_seoul_cleaned.csv
도곡역,,37.491129,127.055694,metro,3호선,metro_station_seoul_cleaned.csv
대치역,,37.494601,127.063449,metro,3호선,metro_station_seoul_cleaned.csv
학여울역,,37.496757,127.070541,metro,3호선,metro_station_seoul_cleaned.csv
대청역,,37.493607,127.079526,metro,3호선,metro_station_seoul_cleaned.csv
일원역,,37.48389,127.08416,metro,3호선,metro_station_seoul_cleaned.csv
수서역,,37.487507,127.101324,metro,3호선,metro_station_seoul_cleaned.csv
가락시장역,,37.492368,127.118101,metro,3호선,metro_station_seoul_cleaned.csv
경찰병원역,,37.495754,127.124198,metro,3호선,metro_station_seoul_cleaned.csv
오금역,,37.502288,127.128344,metro,3호선,metro_station_seoul_cleaned.csv
당고개역,,37.66956,127.078404,metro,4호선,metro_station_seoul_cleaned.csv
상계역,,37.660576,127.073199,metro,4호선,metro_station_seoul_cleaned.csv
노원역,,37.656274,127.063183,metro,4호선,metro_station_seoul_cleaned.csv
창동역,,37.652993,127.046746,metro,4호선,metro_station_seoul_cleaned.csv
쌍문역,,37.648274,127.034381,metro,4호선,metro_station_seoul_cleaned.csv
수유역,,37.637127,127.024731,metro,4호선,metro_station_seoul_cleaned.csv
미아역,,37.626435,127.026151,metro,4호선,metro_station_seoul_cleaned.csv
미아사거리역,,37.613276,127.030083,metro,4호선,metro_station_seoul_cleaned.csv
길음역,,37.604087,127.025353,metro,4호선,metro_station_seoul_cleaned.csv
성신여대입구역,,37.592782,127.017338,metro,4호선,metro_station_seoul_cleaned.csv
한성대입구역,,37.58838,127.006751,metro,4호선,metro_station_seoul_cleaned.csv
혜화역,,37.582116,127.001759,metro,4호선,metro_station_seoul_cleaned.csv
동대문역,,37.5708397,127.009403,metro,4호선,metro_station_seoul_cleaned.csv
동대문역사문화공원역,,37.565083,127.007645,metro,4호선,metro_station_seoul_cleaned.csv
명동역,,37.561055,126.988271,metro,4호선,metro_station_seoul_cleaned.csv
회현역,,37.559698,126.979565,metro,4호선,metro_station_seoul_cleaned.csv
서울역,,37.553172,126.972836,metro,4호선,metro_station_seoul_cleaned.csv
숙대입구역,,37.545124,126.971952,metro,4호선,metro_station_seoul_cleaned.csv
삼각지역,,37.535057,126.973354,metro,4호선,metro_station_seoul_cleaned.csv
신용산역,,37.52919,126.96858,metro,4호선,metro_station_seoul_cleaned.csv
이촌역,,37.522525,126.97335,metro,4호선,metro_station_seoul_cleaned.csv
동작역,,37.503567,126.980171,metro,4호선,metro_station_seoul_cleaned.csv
총신대입구역,,37.487521,126.982309,metro,4호선,metro_station_seoul_cleaned.csv
사당역,,37.476563,126.981746,metro,4호선,metro_station_seoul_cleaned.csv
남태령역,,37.464339,126.989081,metro,4호선,metro_station_seoul_cleaned.csv
방화역,,37.577669,126.812822,metro,5호선,metro_station_seoul_cleaned.csv
개화산역,,37.572458,126.806838,metro,5호선,metro_station_seoul_cleaned.csv
김포공항역,,37.56217,126.801273,metro,5호선,metro_station_seoul_cleaned.csv
송정역,,37.561411,126.812052,metro,5호선,metro_station_seoul_cleaned.csv
마곡역,,37.562182,126.82693,metro,5호선,metro_station_seoul_cleaned.csv
발산역,,37.562182,126.82693,metro,5호선,metro_station_seoul_cleaned.csv
우장산역,,37.548864,126.83633,metro,5호선,metro_station_seoul_cleaned.csv
화곡역,,37.541585,126.840436,metro,5호선,metro_station_seoul_cleaned.csv
신정역,,37.525001,126.856176,metro,5호선,metro_station_seoul_cleaned.csv
목동역,,37.526088,126.864296,metro,5호선,metro_station_seoul_cleaned.csv
오목교역,,37.524557,126.875049,metro,5호선,metro_station_seoul_cleaned.csv
양평역,,37.525614,126.886177,metro,5호선,metro_station_seoul_cleaned.csv
영등포구청역,,37.524209,126.895022,metro,5호선,metro_station_seoul_cleaned.csv
영등포시장역,,37.52276,126.905143,metro,5호선,metro_station_seoul_cleaned.csv
신길역,,37.51763,126.914886,metro,5호선,metro_station_seoul_cleaned.csv
여의도역,,37.521578,126.924318,metro,5호선,metro_station_seoul_cleaned.csv
여의나루역,,37.527145,126.932807,metro,5호선,metro_station_seoul_cleaned.csv
마포역,,37.539718,126.946043,metro,5호선,metro_station_seoul_cleaned.csv
공덕역,,37.544005,126.951058,metro,5호선,metro_station_seoul_cleaned.csv
애오개역,,37.553592,126.956733,metro,5호선,metro_station_seoul_cleaned.csv
충정로역,,37.560061,126.962783,metro,5호선,metro_station_seoul_cleaned.csv
서대문역,,37.565812,126.966639,metro,5호선,metro_station_seoul_cleaned.csv
광화문역,,37.570545,126.976568,metro,5호선,metro_station_seoul_cleaned.csv
종로3가역,,37.572546,126.990447,metro,5호선,metro_station_seoul_cleaned.csv
을지로4가역,,37.56658,126.998127,metro,5호선,metro_station_seoul_cleaned.csv
동대문역사문화공원역,,37.564682,127.00533,metro,5호선,metro_station_seoul_cleaned.csv
청구역,,37.560237,127.01379,metro,5호선,metro_station_seoul_cleaned.csv
신금호역,,37.554504,127.020403,metro,5호선,metro_station_seoul_cleaned.csv
행당역,,37.557297,127.029482,metro,5호선,metro_station_seoul_cleaned.csv
왕십리역,,37.56197,127.037264,metro,5호선,metro_station_seoul_cleaned.csv
마장역,,37.566066,127.042921,metro,5호선,metro_station_seoul_cleaned.csv
답십리역,,37.566833,127.05266,metro,5호선,metro_station_seoul_cleaned.csv
장한평역,,37.561438,127.064601,metro,5호선,metro_station_seoul_cleaned.csv
군자역,,37.557102,127.079559,metro,5호선,metro_station_seoul_cleaned.csv
아차산역,,37.552005,127.089609,metro,5호선,metro_station_seoul_cleaned.csv
광나루역,,37.545301,127.103478,metro,5호선,metro_station_seoul_cleaned.csv
천호역,,37.538566,127.123539,metro,5호선,metro_station_seoul_cleaned.csv
강동역,,37.53581,127.13249,metro,5호선,metro_station_seoul_cleaned.csv
길동역,,37.538022,127.140085,metro,5호선,metro_station_seoul_cleaned.csv
굽은다리역,,37.545442,127.142844,metro,5호선,metro_station_seoul_cleaned.csv
명일역,,37.551317,127.144002,metro,5호선,metro_station_seoul_cleaned.csv
고덕역,,37.555002,127.154214,metro,5호선,metro_station_seoul_cleaned.csv
상일동역,,37.556714,127.166381,metro,5호선,metro_station_seoul_cleaned.csv
둔촌동역,,37.527787,127.136219,metro,5호선,metro_station_seoul_cleaned.csv
올림픽공원역,,37.516217,127.130957,metro,5호선,metro_station_seoul_cleaned.csv
방이역,,37.508752,127.126054,metro,5호선,metro_station_seoul_cleaned.csv
오금역,,37.502228,127.127701,metro,5호선,metro_station_seoul_cleaned.csv
개롱역,,37.498097,127.134817,metro,5호선,metro_station_seoul_cleaned.csv
거여역,,37.493208,127.143983,metro,5호선,metro_station_seoul_cleaned.csv
마천역,,37.494972,127.152784,metro,5호선,metro_station_seoul_cleaned.csv
강일역,,37.557521,127.176018,metro,5호선,metro_station_seoul_cleaned.csv
미사역,,37.56329,127.192954,metro,5호선,metro_station_seoul_cleaned.csv
응암역,,37.59859,126.915583,metro,6호선,metro_station_seoul_cleaned.csv
역촌역,,37.60605,126.922764,metro,6호선,metro_station_seoul_cleaned.csv
불광역,,37.610919,126.929504,metro,6호선,metro_station_seoul_cleaned.csv
독바위역,,37.618413,126.933035,metro,6호선,metro_station_seoul_cleaned.csv
연신내역,,37.618596,126.920519,metro,6호선,metro_station_seoul_cleaned.csv
구산역,,37.611223,126.917246,metro,6호선,metro_station_seoul_cleaned.csv
새절역,,37.591148,126.913613,metro,6호선,metro_station_seoul_cleaned.csv
증산역,,37.583989,126.909785,metro,6호선,metro_station_seoul_cleaned.csv
디지털미디어시티역,,37.577005,126.898643,metro,6호선,metro_station_seoul_cleaned.csv
월드컵경기장역,,37.569439,126.899077,metro,6호선,metro_station_seoul_cleaned.csv
마포구청역,,37.563535,126.903326,metro,6호선,metro_station_seoul_cleaned.csv
망원역,,37.556031,126.910129,metro,6호선,metro_station_seoul_cleaned.csv
합정역,,37.549033,126.913546,metro,6호선,metro_station_seoul_cleaned.csv
상수역,,37.547704,126.92292,metro,6호선,metro_station_seoul_cleaned.csv
광흥창역,,37.547464,126.931971,metro,6호선,metro_station_seoul_cleaned.csv
대흥역,,37.547732,126.942214,metro,6호선,metro_station_seoul_cleaned.csv
공덕역,,37.543592,126.951664,metro,6호선,metro_station_seoul_cleaned.csv
효창공원앞역,,37.539279,126.961348,metro,6호선,metro_station_seoul_cleaned.csv
삼각지역,,37.535563,126.973996,metro,6호선,metro_station_seoul_cleaned.csv
녹사평역,,37.53469,126.98665,metro,6호선,metro_station_seoul_cleaned.csv
이태원역,,37.534485,126.994369,metro,6호선,metro_station_seoul_cleaned.csv
한강진역,,37.53956,127.001729,metro,6호선,metro_station_seoul_cleaned.csv
버티고개역,,37.547933,127.006948,metro,6호선,metro_station_seoul_cleaned.csv
약수역,,37.554087,127.010237,metro,6호선,metro_station_seoul_cleaned.csv
청구역,,37.560221,127.013776,metro,6호선,metro_station_seoul_cleaned.csv
신당역,,37.566174,127.016158,metro,6호선,metro_station_seoul_cleaned.csv
동묘앞역,,37.572275,127.015666,metro,6호선,metro_station_seoul_cleaned.csv
창신역,,37.579772,127.015246,metro,6호선,metro_station_seoul_cleaned.csv
보문역,,37.585293,127.019377,metro,6호선,metro_station_seoul_cleaned.csv
안암역,,37.586261,127.02903,metro,6호선,metro_station_seoul_cleaned.csv
고려대역,,37.59034,127.03626,metro,6호선,metro_station_seoul_cleaned.csv
월곡역,,37.60192,127.041492,metro,6호선,metro_station_seoul_cleaned.csv
상월곡역,,37.606392,127.048509,metro,6호선,metro_station_seoul_cleaned.csv
돌곶이역,,37.610522,127.056419,metro,6호선,metro_station_seoul_cleaned.csv
석계역,,37.614937,127.065922,metro,6호선,metro_station_seoul_cleaned.csv
태릉입구역,,37.617319,127.074741,metro,6호선,metro_station_seoul_cleaned.csv
화랑대역,,37.619875,127.084106,metro,6호선,metro_station_seoul_cleaned.csv
봉화산역,,37.617293,127.091375,metro,6호선,metro_station_seoul_cleaned.csv
신내역,,37.612571,127.104326,metro,6호선,metro_station_seoul_cleaned.csv
도봉산역,,37.689131,127.046548,metro,7호선,metro_station_seoul_cleaned.csv
수락산역,,37.677804,127.055314,metro,7호선,metro_station_seoul_cleaned.csv
마들역,,37.664985,127.057701,metro,7호선,metro_station_seoul_cleaned.csv
노원역,,37.654478,127.060555,metro,7호선,metro_station_seoul_cleaned.csv
중계역,,37.645052,127.064084,metro,7호선,metro_station_seoul_cleaned.csv
하계역,,37.636363,127.067999,metro,7호선,metro_station_seoul_cleaned.csv
공릉역,,37.625642,127.072969,metro,7호선,metro_station_seoul_cleaned.csv
먹골역,,37.610638,127.077719,metro,7호선,metro_station_seoul_cleaned.csv
중화역,,37.602604,127.079254,metro,7호선,metro_station_seoul_cleaned.csv
상봉역,,37.595673,127.085708,metro,7호선,metro_station_seoul_cleaned.csv
면목역,,37.588671,127.087503,metro,7호선,metro_station_seoul_cleaned.csv
사가정역,,37.580912,127.088502,metro,7호선,metro_station_seoul_cleaned.csv
용마산역,,37.573752,127.086802,metro,7호선,metro_station_seoul_cleaned.csv
중곡역,,37.565877,127.084291,metro,7호선,metro_station_seoul_cleaned.csv
군자역,,37.557151,127.079484,metro,7호선,metro_station_seoul_cleaned.csv
어린이대공원역,,37.547962,127.07465,metro,7호선,metro_station_seoul_cleaned.csv
건대입구역,,37.540882,127.071103,metro,7호선,metro_station_seoul_cleaned.csv
뚝섬유원지역,,37.531558,127.066714,metro,7호선,metro_station_seoul_cleaned.csv
청담역,,37.519097,127.051851,metro,7호선,metro_station_seoul_cleaned.csv
강남구청역,,37.517185,127.04122,metro,7호선,metro_station_seoul_cleaned.csv
학동역,,37.514262,127.031738,metro,7호선,metro_station_seoul_cleaned.csv
논현역,,37.511108,127.021385,metro,7호선,metro_station_seoul_cleaned.csv
반포역,,37.508171,127.011717,metro,7호선,metro_station_seoul_cleaned.csv
고속터미널역,,37.503387,127.005055,metro,7호선,metro_station_seoul_cleaned.csv
내방역,,37.48764,126.993541,metro,7호선,metro_station_seoul_cleaned.csv
총신대입구역,,37.485258,126.981766,metro,7호선,metro_station_seoul_cleaned.csv
남성역,,37.484688,126.971108,metro,7호선,metro_station_seoul_cleaned.csv
숭실대입구역,,37.496258,126.953649,metro,7호선,metro_station_seoul_cleaned.csv
상도역,,37.50279,126.947949,metro,7호선,metro_station_seoul_cleaned.csv
장승배기역,,37.504845,126.939025,metro,7호선,metro_station_seoul_cleaned.csv
신대방삼거리역,,37.499717,126.928218,metro,7호선,metro_station_seoul_cleaned.csv
보라매역,,37.499916,126.920112,metro,7호선,metro_station_seoul_cleaned.csv
신풍역,,37.500107,126.909806,metro,7호선,metro_station_seoul_cleaned.csv
대림역,,37.492984,126.896997,metro,7호선,metro_station_seoul_cleaned.csv
남구로역,,37.486181,126.887372,metro,7호선,metro_station_seoul_cleaned.csv
가산디지털단지역,,37.480376,126.882704,metro,7호선,metro_station_seoul_cleaned.csv
철산역,,37.47616,126.868217,metro,7호선,metro_station_seoul_cleaned.csv
광명사거리역,,37.47927,126.854854,metro,7호선,metro_station_seoul_cleaned.csv
천왕역,,37.486699,126.838684,metro,7호선,metro_station_seoul_cleaned.csv
온수역,,37.492059,126.823294,metro,7호선,metro_station_seoul_cleaned.csv
암사역,,37.550127,127.127521,metro,8호선,metro_station_seoul_cleaned.csv
천호역,,37.53792,127.123179,metro,8호선,metro_station_seoul_cleaned.csv
강동구청역,,37.530348,127.120461,metro,8호선,metro_station_seoul_cleaned.csv
몽촌토성역,,37.517692,127.11274,metro,8호선,metro_station_seoul_cleaned.csv
잠실역,,37.514649,127.104267,metro,8호선,metro_station_seoul_cleaned.csv
석촌역,,37.505396,127.106995,metro,8호선,metro_station_seoul_cleaned.csv
송파역,,37.49978,127.11212,metro,8호선,metro_station_seoul_cleaned.csv
가락시장역,,37.493004,127.118279,metro,8호선,metro_station_seoul_cleaned.csv
문정역,,37.485931,127.122473,metro,8호선,metro_station_seoul_cleaned.csv
장지역,,37.478609,127.126229,metro,8호선,metro_station_seoul_cleaned.csv
복정역,,37.471016,127.126746,metro,8호선,metro_station_seoul_cleaned.csv
남위례역,,37.462839,127.139047,metro,8호선,metro_station_seoul_cleaned.csv
산성역,,37.456886,127.149927,metro,8호선,metro_station_seoul_cleaned.csv
남한산성입구역,,37.451568,127.159845,metro,8호선,metro_station_seoul_cleaned.csv
단대오거리역,,37.445057,127.156735,metro,8호선,metro_station_seoul_cleaned.csv
신흥역,,37.440952,127.14759,metro,8호선,metro_station_seoul_cleaned.csv
수진역,,37.437575,127.140936,metro,8호선,metro_station_seoul_cleaned.csv
모란역,,37.433888,127.129921,metro,8호선,metro_station_seoul_cleaned.csv
언주역,,37.507324,127.033905,metro,9호선,metro_station_seoul_cleaned.csv
선정릉역,,37.510278,127.043902,metro,9호선,metro_station_seoul_cleaned.csv
삼성중앙역,,37.51306,127.053334,metro,9호선,metro_station_seoul_cleaned.csv
봉은사역,,37.514258,127.060257,metro,9호선,metro_station_seoul_cleaned.csv
종합운동장역,,37.511433,127.076313,metro,9호선,metro_station_seoul_cleaned.csv
삼전역,,37.504356,127.08804,metro,9호선,metro_station_seoul_cleaned.csv
석촌고분역,,37.502453,127.096961,metro,9호선,metro_station_seoul_cleaned.csv
석촌역,,37.504929,127.106682,metro,9호선,metro_station_seoul_cleaned.csv
송파나루역,,37.510303,127.112231,metro,9호선,metro_station_seoul_cleaned.csv
한성백제역,,37.516311,127.116168,metro,9호선,metro_station_seoul_cleaned.csv
올림픽공원역,,37.516132,127.130282,metro,9호선,metro_station_seoul_cleaned.csv
둔촌오륜역,,37.519395,127.138706,metro,9호선,metro_station_seoul_cleaned.csv
중앙보훈병원역,,37.528321,127.148376,metro,9호선,metro_station_seoul_cleaned.csv
한강버스.여의도선착장,,37.52901,126.934607,bus,hanriver_bus,bus_station_seoul_cleaned.csv
한강버스.망원선착장,,37.55468,126.894245,bus,hanriver_bus,bus_station_seoul_cleaned.csv
한강버스.마곡선착장,,37.5751,126.84404,bus,hanriver_bus,bus_station_seoul_cleaned.csv
종로2가사거리,,37.56980554,126.9877523,bus,bus,bus_station_seoul_cleaned.csv
창경궁.서울대학교병원,,37.57943293,126.9965206,bus,bus,bus_station_seoul_cleaned.csv
명륜3가.성대입구,,37.58258001,126.9982508,bus,bus,bus_station_seoul_cleaned.csv
종로2가.삼일교,,37.56857927,126.9876131,bus,bus,bus_station_seoul_cleaned.csv
혜화동로터리.여운형활동터,,37.586243,127.001744,bus,bus,bus_station_seoul_cleaned.csv
서대문역사거리,,37.566137,126.966893,bus,bus,bus_station_seoul_cleaned.csv
서울역사박물관.경희궁앞,,37.569135,126.97038,bus,bus,bus_station_seoul_cleaned.csv
서울역사박물관.경희궁앞,,37.56951198,126.970759,bus,bus,bus_station_seoul_cleaned.csv
광화문역,,37.57014168,126.9763534,bus,bus,bus_station_seoul_cleaned.csv
광화문역,,37.57023966,126.9778803,bus,bus,bus_station_seoul_cleaned.csv
종로1가,,37.57014825,126.9810661,bus,bus,bus_station_seoul_cleaned.csv
종로1가,,37.57027101,126.9816283,bus,bus,bus_station_seoul_cleaned.csv
종로2가,,37.57017238,126.9849903,bus,bus,bus_station_seoul_cleaned.csv
종로2가,,37.57023789,126.9865354,bus,bus,bus_station_seoul_cleaned.csv
종로3가.탑골공원,,37.57020889,126.9893256,bus,bus,bus_station_seoul_cleaned.csv
종로3가.탑골공원,,37.57036054,126.9899878,bus,bus,bus_station_seoul_cleaned.csv
종로4가.종묘,,37.570507,126.9947219,bus,bus,bus_station_seoul_cleaned.csv
종로4가.종묘,,37.570635,126.9953957,bus,bus,bus_station_seoul_cleaned.csv
종로5가.광장시장,,37.570786,126.9990605,bus,bus,bus_station_seoul_cleaned.csv
종로5가.광장시장,,37.57093017,126.9996038,bus,bus,bus_station_seoul_cleaned.csv
종로6가.동대문종합시장,,37.57101117,127.0044628,bus,bus,bus_station_seoul_cleaned.csv
종로6가.동대문종합시장,,37.57112723,127.0057137,bus,bus,bus_station_seoul_cleaned.csv
동대문역.흥인지문,,37.57244754,127.0138159,bus,bus,bus_station_seoul_cleaned.csv
동대문역.흥인지문,,37.57215245,127.0124191,bus,bus,bus_station_seoul_cleaned.csv
동묘앞.서울혜화경찰서,,37.57383216,127.0186103,bus,bus,bus_station_seoul_cleaned.csv
동묘앞.서울혜화경찰서,,37.57424646,127.0195528,bus,bus,bus_station_seoul_cleaned.csv
경기상고,,37.58755022,126.9693635,bus,bus,bus_station_seoul_cleaned.csv
신교동,,37.58329552,126.9702627,bus,bus,bus_station_seoul_cleaned.csv
경기상고,,37.58719079,126.9697701,bus,bus,bus_station_seoul_cleaned.csv
경복고교,,37.58516003,126.9708802,bus,bus,bus_station_seoul_cleaned.csv
청운중학교,,37.58781058,126.9726741,bus,bus,bus_station_seoul_cleaned.csv
자하문고개.윤동주문학관,,37.59218662,126.9671262,bus,bus,bus_station_seoul_cleaned.csv
자하문고개.윤동주문학관,,37.59233532,126.9671907,bus,bus,bus_station_seoul_cleaned.csv
청운중학교,,37.58842196,126.9722631,bus,bus,bus_station_seoul_cleaned.csv
경복고교,,37.5850633,126.9714039,bus,bus,bus_station_seoul_cleaned.csv
통인시장종로구보건소,,37.5803257,126.97105,bus,bus,bus_station_seoul_cleaned.csv
통인시장종로구보건소,,37.58051321,126.9713851,bus,bus,bus_station_seoul_cleaned.csv
효자동,,37.58309104,126.970621,bus,bus,bus_station_seoul_cleaned.csv
사직단.어린이도서관,,37.57513553,126.9679907,bus,bus,bus_station_seoul_cleaned.csv
경복궁역1번출구,,37.57616149,126.9714158,bus,bus,bus_station_seoul_cleaned.csv
경복궁역2번출구,,37.57704014,126.9721994,bus,bus,bus_station_seoul_cleaned.csv
경복궁역3번출구,,37.57767139,126.9722829,bus,bus,bus_station_seoul_cleaned.csv
경복궁,,37.57557679,126.9787471,bus,bus,bus_station_seoul_cleaned.csv
광화문역2번출구.KT광화문지사,,37.57232093,126.9774163,bus,bus,bus_station_seoul_cleaned.csv
영추문,,37.57893039,126.9739818,bus,bus,bus_station_seoul_cleaned.csv
광화문역6번출구,,37.57004483,126.9764072,bus,bus,bus_station_seoul_cleaned.csv
서울역사박물관.강북삼성병원,,37.570023,126.971248,bus,bus,bus_station_seoul_cleaned.csv
새문안교회,,37.57033689,126.9728386,bus,bus,bus_station_seoul_cleaned.csv
광화문역7번출구,,37.570365,126.975837,bus,bus,bus_station_seoul_cleaned.csv
세종문화회관,,37.57364893,126.9769976,bus,bus,bus_station_seoul_cleaned.csv
서울경찰청.경복궁역,,37.57574466,126.9714843,bus,bus,bus_station_seoul_cleaned.csv
사직단,,37.57485535,126.968189,bus,bus,bus_station_seoul_cleaned.csv
광화문역6번출구.광화문빌딩,,37.56950355,126.9768637,bus,bus,bus_station_seoul_cleaned.csv
덕성여중고,,37.57576939,126.9819722,bus,bus,bus_station_seoul_cleaned.csv
안국역.서울공예박물관,,37.57606956,126.9839958,bus,bus,bus_station_seoul_cleaned.csv
국민은행세검정지점,,37.60466298,126.960888,bus,bus,bus_station_seoul_cleaned.csv
세검정초등학교,,37.60250228,126.9612198,bus,bus,bus_station_seoul_cleaned.csv
세검정.상명대,,37.60047709,126.9582921,bus,bus,bus_station_seoul_cleaned.csv
상명대입구.석파랑,,37.59941335,126.9585702,bus,bus,bus_station_seoul_cleaned.csv
하림각,,37.59813307,126.9617068,bus,bus,bus_station_seoul_cleaned.csv
자하문터널입구.석파정,,37.59559351,126.9636435,bus,bus,bus_station_seoul_cleaned.csv
부암동주민센터.무계원,,37.59276708,126.9642222,bus,bus,bus_station_seoul_cleaned.csv
부암동주민센터.무계원,,37.59278617,126.9651419,bus,bus,bus_station_seoul_cleaned.csv
자하문터널입구.석파정,,37.59555757,126.9639776,bus,bus,bus_station_seoul_cleaned.csv
하림각,,37.59814765,126.9622153,bus,bus,bus_station_seoul_cleaned.csv
상명대입구.세검정교회,,37.59961633,126.9592406,bus,bus,bus_station_seoul_cleaned.csv
세검정.세검정성당,,37.6006471,126.9591558,bus,bus,bus_station_seoul_cleaned.csv
세검정초등학교,,37.60226807,126.9614329,bus,bus,bus_station_seoul_cleaned.csv
국민은행세검정지점,,37.60484616,126.9611927,bus,bus,bus_station_seoul_cleaned.csv
승가사입구,,37.61158441,126.956306,bus,bus,bus_station_seoul_cleaned.csv
구기동현대빌라,,37.6100355,126.9564576,bus,bus,bus_station_seoul_cleaned.csv
구기터널.삼성출판박물관,,37.60860989,126.9562103,bus,bus,bus_station_seoul_cleaned.csv
구기터널.삼성출판박물관,,37.6083054,126.9564167,bus,bus,bus_station_seoul_cleaned.csv
구기동,,37.60696445,126.9585298,bus,bus,bus_station_seoul_cleaned.csv
구기동,,37.6070088,126.9591017,bus,bus,bus_station_seoul_cleaned.csv
승가사입구,,37.61148,126.956482,bus,bus,bus_station_seoul_cleaned.csv
갑을씨티텔앞,,37.60437097,126.963535,bus,bus,bus_station_seoul_cleaned.csv
평창파출소,,37.60532237,126.9660433,bus,bus,bus_station_seoul_cleaned.csv
평창동주민센터,,37.60660737,126.9695663,bus,bus,bus_station_seoul_cleaned.csv
일성아파트,,37.60887236,126.9729237,bus,bus,bus_station_seoul_cleaned.csv
롯데아파트,,37.61038972,126.9763156,bus,bus,bus_station_seoul_cleaned.csv
롯데아파트,,37.610248,126.976652,bus,bus,bus_station_seoul_cleaned.csv
벽산평창힐스아파트,,37.60819,126.972797,bus,bus,bus_station_seoul_cleaned.csv
예능교회,,37.606517,126.97,bus,bus,bus_station_seoul_cleaned.csv
서울예술고등학교.평창동주민센터,,37.60577876,126.9676276,bus,bus,bus_station_seoul_cleaned.csv
화정박물관,,37.60450382,126.9648103,bus,bus,bus_station_seoul_cleaned.csv
삼성강북병원.경교장,,37.56814593,126.9686005,bus,bus,bus_station_seoul_cleaned.csv
독립문역.서대문형무소역사관,,37.573395,126.959322,bus,bus,bus_station_seoul_cleaned.csv
금화초등학교.서울시교육청,,37.567879,126.964867,bus,bus,bus_station_seoul_cleaned.csv
서대문역사거리.적십자병원,,37.56710815,126.9675878,bus,bus,bus_station_seoul_cleaned.csv
독립문,,37.57134302,126.9614303,bus,bus,bus_station_seoul_cleaned.csv
창덕궁.우리소리박물관,,37.57754057,126.9885394,bus,bus,bus_station_seoul_cleaned.csv
서린동.SK서린빌딩,,37.5692639,126.9800948,bus,bus,bus_station_seoul_cleaned.csv
청계1가.장통교,,37.56868439,126.9849267,bus,bus,bus_station_seoul_cleaned.csv
청계2가.수표교,,37.56844532,126.9908172,bus,bus,bus_station_seoul_cleaned.csv
청계4가.세운교,,37.5689254,126.9965617,bus,bus,bus_station_seoul_cleaned.csv
청계5가.광장시장,,37.56945128,126.9997974,bus,bus,bus_station_seoul_cleaned.csv
원남동,,37.57453251,126.9973383,bus,bus,bus_station_seoul_cleaned.csv
창덕궁.우리소리박물관,,37.57727265,126.9889539,bus,bus,bus_station_seoul_cleaned.csv
안국역6번출구.인사동문화의거리,,37.57579898,126.9841344,bus,bus,bus_station_seoul_cleaned.csv
조계사.종로경찰서,,37.57252231,126.9831556,bus,bus,bus_station_seoul_cleaned.csv
조계사.종로경찰서,,37.57248581,126.9828259,bus,bus,bus_station_seoul_cleaned.csv
안국동사거리,,37.57461057,126.9827201,bus,bus,bus_station_seoul_cleaned.csv
효제동.김상옥의거터,,37.5745,127.00223,bus,bus,bus_station_seoul_cleaned.csv
종로5가.효제초등학교,,37.57287901,127.0021442,bus,bus,bus_station_seoul_cleaned.csv
창덕궁.돈화문국악당,,37.57743277,126.991235,bus,bus,bus_station_seoul_cleaned.csv
종로5가역6번출구,,37.5705596,127.0021827,bus,bus,bus_station_seoul_cleaned.csv
청계5가.마전교,,37.56983511,127.0028494,bus,bus,bus_station_seoul_cleaned.csv
동대문,,37.57172624,127.0084126,bus,bus,bus_station_seoul_cleaned.csv
충신동,,37.57402235,127.0062788,bus,bus,bus_station_seoul_cleaned.csv
충신동,,37.57446028,127.0063434,bus,bus,bus_station_seoul_cleaned.csv
연지공원앞,,37.57591041,127.0008066,bus,bus,bus_station_seoul_cleaned.csv
방송통신대.이화장,,37.578043,127.002437,bus,bus,bus_station_seoul_cleaned.csv
혜화역2번출구.마로니에공원,,37.58111949,127.0022769,bus,bus,bus_station_seoul_cleaned.csv
혜화역3번출구.서울대병원입구,,37.58095597,127.0018482,bus,bus,bus_station_seoul_cleaned.csv
방송통신대.이화장,,37.57778897,127.0019783,bus,bus,bus_station_seoul_cleaned.csv
연지공원앞,,37.57611936,127.0006951,bus,bus,bus_station_seoul_cleaned.csv
창경궁.서울대학교병원,,37.57882799,126.9968717,bus,bus,bus_station_seoul_cleaned.csv
이화동(이화장),,37.57593729,127.0032708,bus,bus,bus_station_seoul_cleaned.csv
혜화동로터리,,37.58558033,127.0006878,bus,bus,bus_station_seoul_cleaned.csv
명륜동2가.성균관대입구,,37.58341708,126.9993413,bus,bus,bus_station_seoul_cleaned.csv
혜화역.서울연극센터(장면총리가옥),,37.58403069,127.0014609,bus,bus,bus_station_seoul_cleaned.csv
혜화역.동성중고(장면총리가옥),,37.58453294,127.0015562,bus,bus,bus_station_seoul_cleaned.csv
종로구민회관.창신동두산아파트,,37.57409268,127.0155555,bus,bus,bus_station_seoul_cleaned.csv
동묘앞역6번출구,,37.57168496,127.0156014,bus,bus,bus_station_seoul_cleaned.csv
동묘앞역5번출구,,37.57192215,127.015945,bus,bus,bus_station_seoul_cleaned.csv
청계2가교차로,,37.5684809,126.9878779,bus,bus,bus_station_seoul_cleaned.csv
창신3동주민센터,,37.578413,127.015178,bus,bus,bus_station_seoul_cleaned.csv
숭인1동주민센터.창신역4번출구,,37.57862816,127.0154558,bus,bus,bus_station_seoul_cleaned.csv
동묘앞역.롯데캐슬천지인,,37.57418005,127.0158024,bus,bus,bus_station_seoul_cleaned.csv
신설동역오거리,,37.57569473,127.0228414,bus,bus,bus_station_seoul_cleaned.csv
동묘앞역2번출구,,37.57364311,127.0175235,bus,bus,bus_station_seoul_cleaned.csv
구기동현대빌라,,37.609682,126.956622,bus,bus,bus_station_seoul_cleaned.csv
광장시장,,37.56949631,126.9977438,bus,bus,bus_station_seoul_cleaned.csv
서울특별시재향군인회관,,37.57258074,126.9974788,bus,bus,bus_station_seoul_cleaned.csv
서울역사박물관,,37.56990034,126.9721318,bus,bus,bus_station_seoul_cleaned.csv
청계3가.관수교,,37.56868879,126.9937794,bus,bus,bus_station_seoul_cleaned.csv
청계6가.버들다리,,37.56993039,127.0080377,bus,bus,bus_station_seoul_cleaned.csv
청계7가.맑은내다리,,37.57004196,127.0130967,bus,bus,bus_station_seoul_cleaned.csv
청계8가.영도교,,37.57089499,127.0181256,bus,bus,bus_station_seoul_cleaned.csv
원남동사거리,,37.57576174,126.9981123,bus,bus,bus_station_seoul_cleaned.csv
숭인2동주민센터,,37.57427215,127.0204373,bus,bus,bus_station_seoul_cleaned.csv
조계사,,37.57280034,126.9831609,bus,bus,bus_station_seoul_cleaned.csv
세종문화회관,,37.57336557,126.9770167,bus,bus,bus_station_seoul_cleaned.csv
이화동(이화장),,37.576257,127.002955,bus,bus,bus_station_seoul_cleaned.csv
상명대정문,,37.601417,126.955143,bus,bus,bus_station_seoul_cleaned.csv
이북오도청,,37.61272348,126.955973,bus,bus,bus_station_seoul_cleaned.csv
경복궁역(효자로입구),,37.57670951,126.9743023,bus,bus,bus_station_seoul_cleaned.csv
상명대입구.세검정교회,,37.59944351,126.9597922,bus,bus,bus_station_seoul_cleaned.csv
상명대입구.석파랑,,37.59957181,126.9581941,bus,bus,bus_station_seoul_cleaned.csv
종로중부새마을금고,,37.57241749,127.0065911,bus,bus,bus_station_seoul_cleaned.csv
신설동역오거리.서울풍물시장,,37.57425481,127.0231951,bus,bus,bus_station_seoul_cleaned.csv
청계2가.삼일교,,37.56834543,126.9869891,bus,bus,bus_station_seoul_cleaned.csv
청계8가.황학교,,37.57213073,127.022787,bus,bus,bus_station_seoul_cleaned.csv
평창동삼성아파트,,37.61118009,126.9787981,bus,bus,bus_station_seoul_cleaned.csv
안국역5번출구,,37.57633293,126.9855365,bus,bus,bus_station_seoul_cleaned.csv
안국역.서울공예박물관,,37.57641401,126.9848871,bus,bus,bus_station_seoul_cleaned.csv
창덕궁,,37.57722809,126.9890031,bus,bus,bus_station_seoul_cleaned.csv
남인사마당,,37.57131917,126.9874286,bus,bus,bus_station_seoul_cleaned.csv
평창파출소,,37.60568122,126.9668167,bus,bus,bus_station_seoul_cleaned.csv
삼청공원,,37.58822768,126.9816469,bus,bus,bus_station_seoul_cleaned.csv
수성동계곡,,37.58208138,126.9644679,bus,bus,bus_station_seoul_cleaned.csv
명륜3가종점,,37.59094838,126.9928637,bus,bus,bus_station_seoul_cleaned.csv
명륜새마을금고,,37.58778547,126.9967901,bus,bus,bus_station_seoul_cleaned.csv
서대문역3번출구,,37.56633706,126.9663939,bus,bus,bus_station_seoul_cleaned.csv
낙산공원,,37.58040372,127.0087216,bus,bus,bus_station_seoul_cleaned.csv
인사미술공간.세탁소,,37.58141098,126.9893671,bus,bus,bus_station_seoul_cleaned.csv
화정박물관,,37.6048012,126.9648837,bus,bus,bus_station_seoul_cleaned.csv
금융연수원,,37.58663983,126.9816583,bus,bus,bus_station_seoul_cleaned.csv
박노수미술관,,37.58099674,126.9666035,bus,bus,bus_station_seoul_cleaned.csv
샘미용실.종로구청소년상담복지센터,,37.59030953,126.9932227,bus,bus,bus_station_seoul_cleaned.csv
서울국제고등학교,,37.58907159,126.9972903,bus,bus,bus_station_seoul_cleaned.csv
화정박물관,,37.60498061,126.9652008,bus,bus,bus_station_seoul_cleaned.csv
적십자병원후문앞,,37.56790794,126.9649058,bus,bus,bus_station_seoul_cleaned.csv
서울성곽.성대후문,,37.58936638,126.9895694,bus,bus,bus_station_seoul_cleaned.csv
빨래터.고희동미술관,,37.58298722,126.9890634,bus,bus,bus_station_seoul_cleaned.csv
세검초등학교,,37.60425228,126.9614908,bus,bus,bus_station_seoul_cleaned.csv
삼청동주민센터,,37.58426383,126.9819072,bus,bus,bus_station_seoul_cleaned.csv
통인시장,,37.58044175,126.9684957,bus,bus,bus_station_seoul_cleaned.csv
양현관,,37.58979142,126.9936044,bus,bus,bus_station_seoul_cleaned.csv
국민생활관,,37.58974563,126.998862,bus,bus,bus_station_seoul_cleaned.csv
오거리,,37.60706212,126.9622629,bus,bus,bus_station_seoul_cleaned.csv
경희궁자이2.3단지,,37.56878711,126.9640686,bus,bus,bus_station_seoul_cleaned.csv
창신쌍용2단지.한성대후문,,37.5812648,127.0127581,bus,bus,bus_station_seoul_cleaned.csv
통일부,,37.58759481,126.9859477,bus,bus,bus_station_seoul_cleaned.csv
원서고개,,37.58308055,126.9878088,bus,bus,bus_station_seoul_cleaned.csv
종로5가입구,,37.57179285,126.9976709,bus,bus,bus_station_seoul_cleaned.csv
삼청파출소,,37.58181366,126.981251,bus,bus,bus_station_seoul_cleaned.csv
오거리.한옥마을입구,,37.57940462,126.9696089,bus,bus,bus_station_seoul_cleaned.csv
명륜시장.성대후문,,37.58851105,126.9952543,bus,bus,bus_station_seoul_cleaned.csv
혜화초등학교,,37.58725323,126.9998517,bus,bus,bus_station_seoul_cleaned.csv
청련사입구,,37.60798038,126.9624312,bus,bus,bus_station_seoul_cleaned.csv
영천시장,,37.57008186,126.9627389,bus,bus,bus_station_seoul_cleaned.csv
명신초.삼선푸르지오.힐스테이트,,37.58210621,127.0145563,bus,bus,bus_station_seoul_cleaned.csv
감사원,,37.58621065,126.9852901,bus,bus,bus_station_seoul_cleaned.csv
중앙중고,,37.58309218,126.9869653,bus,bus,bus_station_seoul_cleaned.csv
인왕빌딩,,37.60792833,126.9577443,bus,bus,bus_station_seoul_cleaned.csv
종로4가.종묘공원,,37.57068903,126.9946203,bus,bus,bus_station_seoul_cleaned.csv
국립민속박물관,,37.57925518,126.9795534,bus,bus,bus_station_seoul_cleaned.csv
광화문새마을금고,,37.57936877,126.9711466,bus,bus,bus_station_seoul_cleaned.csv
새마을금고,,37.58773706,126.9965181,bus,bus,bus_station_seoul_cleaned.csv
혜화우체국,,37.58603766,127.0006137,bus,bus,bus_station_seoul_cleaned.csv
언덕앞,,37.60895398,126.9637922,bus,bus,bus_station_seoul_cleaned.csv
경희궁자이4단지,,37.57070222,126.9621148,bus,bus,bus_station_seoul_cleaned.csv
종로센트레빌후문.e편한세상보문아파트,,37.58177439,127.0161855,bus,bus,bus_station_seoul_cleaned.csv
사우디대사관앞.북촌힐스,,37.58410567,126.9850312,bus,bus,bus_station_seoul_cleaned.csv
안국선원.삼거리,,37.58279098,126.9849941,bus,bus,bus_station_seoul_cleaned.csv
구기터널입구,,37.60820461,126.9567769,bus,bus,bus_station_seoul_cleaned.csv
종로3가역9번출구,,37.57108758,126.9920932,bus,bus,bus_station_seoul_cleaned.csv
경복궁,,37.57695016,126.9793378,bus,bus,bus_station_seoul_cleaned.csv
소나무집,,37.61127707,126.9641105,bus,bus,bus_station_seoul_cleaned.csv
독립문역3번출구,,37.57287848,126.9597453,bus,bus,bus_station_seoul_cleaned.csv
청룡사.보문파크뷰자이아파트,,37.58001895,127.0170071,bus,bus,bus_station_seoul_cleaned.csv
북촌한옥마을입구.정세권활동터,,37.58159973,126.9849422,bus,bus,bus_station_seoul_cleaned.csv
종로1.2.3.4가동주민센터,,37.57438371,126.9911314,bus,bus,bus_station_seoul_cleaned.csv
창덕궁,,37.57608925,126.99062,bus,bus,bus_station_seoul_cleaned.csv
아름다운실버,,37.61201006,126.9654637,bus,bus,bus_station_seoul_cleaned.csv
독립문초등학교,,37.57386997,126.9606775,bus,bus,bus_station_seoul_cleaned.csv
종로센트레빌아파트,,37.58035344,127.0156927,bus,bus,bus_station_seoul_cleaned.csv
가회동주민센터,,37.57997294,126.9849543,bus,bus,bus_station_seoul_cleaned.csv
구기빌라,,37.60626861,126.9579797,bus,bus,bus_station_seoul_cleaned.csv
원남로터리,,37.57623737,126.9975115,bus,bus,bus_station_seoul_cleaned.csv
보현산신각,,37.61348252,126.9657791,bus,bus,bus_station_seoul_cleaned.csv
린덴바움숲유치원,,37.57466928,126.961804,bus,bus,bus_station_seoul_cleaned.csv
쌍용아파트입구.창신역,,37.58051123,127.0149636,bus,bus,bus_station_seoul_cleaned.csv
아름다운가게.정독도서관,,37.57894808,126.9851272,bus,bus,bus_station_seoul_cleaned.csv
산정빌라,,37.60515199,126.9574922,bus,bus,bus_station_seoul_cleaned.csv
이화사거리,,37.57650956,127.0020915,bus,bus,bus_station_seoul_cleaned.csv
박종화고택입구,,37.61431026,126.9676873,bus,bus,bus_station_seoul_cleaned.csv
무악현대아파트후문,,37.57633723,126.9619412,bus,bus,bus_station_seoul_cleaned.csv
헌법재판소.안국역,,37.5773872,126.9858152,bus,bus,bus_station_seoul_cleaned.csv
청구빌라,,37.60461026,126.956984,bus,bus,bus_station_seoul_cleaned.csv
서울대어린이병원응급실.갑상선센터,,37.57811888,126.999503,bus,bus,bus_station_seoul_cleaned.csv
화인빌라,,37.61293453,126.9685386,bus,bus,bus_station_seoul_cleaned.csv
행촌주차장,,37.57527281,126.962888,bus,bus,bus_station_seoul_cleaned.csv
창신초등학교,,37.5769032,127.0153886,bus,bus,bus_station_seoul_cleaned.csv
수운회관,,37.57521894,126.9866693,bus,bus,bus_station_seoul_cleaned.csv
상명대후문,,37.60402558,126.9573354,bus,bus,bus_station_seoul_cleaned.csv
힐탑,,37.61160556,126.9690206,bus,bus,bus_station_seoul_cleaned.csv
성결교신대원총회본부,,37.57397631,126.9634446,bus,bus,bus_station_seoul_cleaned.csv
낙원상가,,37.57375637,126.9874149,bus,bus,bus_station_seoul_cleaned.csv
완성빌라,,37.60340209,126.9575011,bus,bus,bus_station_seoul_cleaned.csv
서울대병원장례식장,,37.5805554,126.997431,bus,bus,bus_station_seoul_cleaned.csv
혜화역1번출구,,37.58347299,127.0017633,bus,bus,bus_station_seoul_cleaned.csv
감나무골공원,,37.61240596,126.9699479,bus,bus,bus_station_seoul_cleaned.csv
한국사회과학도서관.이회영기념관,,37.57366701,126.9641239,bus,bus,bus_station_seoul_cleaned.csv
동묘앞역8번출구,,37.57269435,127.0142454,bus,bus,bus_station_seoul_cleaned.csv
종로2가.탑골공원,,37.57057137,126.9875484,bus,bus,bus_station_seoul_cleaned.csv
경진빌라,,37.60200372,126.9578304,bus,bus,bus_station_seoul_cleaned.csv
성대입구,,37.58335331,126.9992849,bus,bus,bus_station_seoul_cleaned.csv
청와대,,37.5829713,126.9737681,bus,bus,bus_station_seoul_cleaned.csv
춘추문,,37.58312761,126.9796554,bus,bus,bus_station_seoul_cleaned.csv
경복궁.국립민속박물관,,37.57941352,126.9795911,bus,bus,bus_station_seoul_cleaned.csv
EN갤러리,,37.6134218,126.9706087,bus,bus,bus_station_seoul_cleaned.csv
유림회관앞,,37.5858956,126.9969805,bus,bus,bus_station_seoul_cleaned.csv
성균관대정문,,37.58495635,126.9966204,bus,bus,bus_station_seoul_cleaned.csv
600주년기념관,,37.5873281,126.9939426,bus,bus,bus_station_seoul_cleaned.csv
성균관대운동장,,37.587863,126.99237,bus,bus,bus_station_seoul_cleaned.csv
학생회관,,37.58742039,126.9936746,bus,bus,bus_station_seoul_cleaned.csv
종로문화체육센터,,37.57469356,126.9645321,bus,bus,bus_station_seoul_cleaned.csv
동대문역2번출구,,37.57204945,127.0117218,bus,bus,bus_station_seoul_cleaned.csv
종각역.YMCA,,37.57039764,126.9850893,bus,bus,bus_station_seoul_cleaned.csv
서교빌라,,37.60198906,126.9571554,bus,bus,bus_station_seoul_cleaned.csv
경복궁역,,37.57707221,126.9724733,bus,bus,bus_station_seoul_cleaned.csv
성대입구,,37.5832668,126.998853,bus,bus,bus_station_seoul_cleaned.csv
무애사,,37.61390043,126.9718458,bus,bus,bus_station_seoul_cleaned.csv
단군성전앞,,37.57556009,126.9653175,bus,bus,bus_station_seoul_cleaned.csv
동대문종합시장,,37.57121613,127.004958,bus,bus,bus_station_seoul_cleaned.csv
상명초등학교,,37.60092381,126.9567154,bus,bus,bus_station_seoul_cleaned.csv
법련사,,37.57658798,126.9796651,bus,bus,bus_station_seoul_cleaned.csv
광화문새마을금고,,37.57949309,126.9710277,bus,bus,bus_station_seoul_cleaned.csv
성균관대학교,,37.584886,126.996646,bus,bus,bus_station_seoul_cleaned.csv
참샘골공원,,37.6146097,126.9742525,bus,bus,bus_station_seoul_cleaned.csv
황학정앞,,37.57681261,126.9653294,bus,bus,bus_station_seoul_cleaned.csv
종로5가역.중부교육지원청,,37.57141925,127.0020898,bus,bus,bus_station_seoul_cleaned.csv
인사동들머리.3.1독립선언터,,37.57194702,126.983297,bus,bus,bus_station_seoul_cleaned.csv
정독도서관,,37.58026054,126.9800805,bus,bus,bus_station_seoul_cleaned.csv
오거리.한옥마을입구,,37.57946844,126.9697393,bus,bus,bus_station_seoul_cleaned.csv
평창공원지킴터입구,,37.6163964,126.9757439,bus,bus,bus_station_seoul_cleaned.csv
창경궁.고궁호텔.메이플레이스호텔,,37.57655816,126.9974492,bus,bus,bus_station_seoul_cleaned.csv
광화문,,37.57033749,126.9755695,bus,bus,bus_station_seoul_cleaned.csv
종로1가,,37.57037,126.980129,bus,bus,bus_station_seoul_cleaned.csv
종로2가,,37.57008246,126.9864618,bus,bus,bus_station_seoul_cleaned.csv
종로3가역11번출구,,37.5706349,126.9932082,bus,bus,bus_station_seoul_cleaned.csv
종로3가,,37.57010243,126.9909932,bus,bus,bus_station_seoul_cleaned.csv
종로4가,,37.57046926,126.9962507,bus,bus,bus_station_seoul_cleaned.csv
동대문종합시장.종로6가,,37.5708648,127.0032912,bus,bus,bus_station_seoul_cleaned.csv
종로도서관,,37.57648423,126.9671252,bus,bus,bus_station_seoul_cleaned.csv
경복궁역,,37.57617809,126.9715056,bus,bus,bus_station_seoul_cleaned.csv
경복궁역7번출구,,37.57581917,126.971682,bus,bus,bus_station_seoul_cleaned.csv
안국역,,37.57661375,126.9852296,bus,bus,bus_station_seoul_cleaned.csv
안국역,,37.57631851,126.985506,bus,bus,bus_station_seoul_cleaned.csv
창덕궁,,37.57752042,126.9889001,bus,bus,bus_station_seoul_cleaned.csv
성대입구,,37.5832828,126.9992358,bus,bus,bus_station_seoul_cleaned.csv
종로사우나,,37.57380111,126.9877504,bus,bus,bus_station_seoul_cleaned.csv
홍지파크,,37.60124243,126.9557163,bus,bus,bus_station_seoul_cleaned.csv
삼청파출소,,37.58164517,126.9813258,bus,bus,bus_station_seoul_cleaned.csv
통인시장.종로구보건소,,37.58033503,126.9687505,bus,bus,bus_station_seoul_cleaned.csv
종로5가역.광장시장,,37.57077247,127.000039,bus,bus,bus_station_seoul_cleaned.csv
평창동산림제3초소,,37.61735605,126.9771031,bus,bus,bus_station_seoul_cleaned.csv
배화여중고,,37.57677876,126.9676986,bus,bus,bus_station_seoul_cleaned.csv
대학로입구.이화사거리,,37.57598417,127.0025802,bus,bus,bus_station_seoul_cleaned.csv
운현궁,,37.57527161,126.9869814,bus,bus,bus_station_seoul_cleaned.csv
상명대입구,,37.60002101,126.9569583,bus,bus,bus_station_seoul_cleaned.csv
삼청동주민센터,,37.58468468,126.9822105,bus,bus,bus_station_seoul_cleaned.csv
박노수미술관,,37.58102656,126.9668945,bus,bus,bus_station_seoul_cleaned.csv
김창열.윤명로화실,,37.616305,126.9783685,bus,bus,bus_station_seoul_cleaned.csv
사직공원.경복궁역입구,,37.57622069,126.9689039,bus,bus,bus_station_seoul_cleaned.csv
충신시장,,37.57497665,127.0054049,bus,bus,bus_station_seoul_cleaned.csv
안국역2번출구앞,,37.57717282,126.9861183,bus,bus,bus_station_seoul_cleaned.csv
금융연수원,,37.58587767,126.9818479,bus,bus,bus_station_seoul_cleaned.csv
감람산기도원,,37.61594393,126.979873,bus,bus,bus_station_seoul_cleaned.csv
카센터.사직터널앞,,37.57409862,126.9658895,bus,bus,bus_station_seoul_cleaned.csv
재동초등학교,,37.57879109,126.9853617,bus,bus,bus_station_seoul_cleaned.csv
삼청공원삼거리.옥호정터,,37.58741852,126.9817445,bus,bus,bus_station_seoul_cleaned.csv
이화사거리,,37.57532007,127.0022813,bus,bus,bus_station_seoul_cleaned.csv
연화정사,,37.614649,126.9794938,bus,bus,bus_station_seoul_cleaned.csv
대신중고,,37.57261781,126.9616893,bus,bus,bus_station_seoul_cleaned.csv
현대사거리,,37.57924178,126.9866354,bus,bus,bus_station_seoul_cleaned.csv
교남동주민센터,,37.57218198,126.9613278,bus,bus,bus_station_seoul_cleaned.csv
부암동주민센터.무계원,,37.59293534,126.9637682,bus,bus,bus_station_seoul_cleaned.csv
형제봉입구,,37.61286432,126.9816862,bus,bus,bus_station_seoul_cleaned.csv
교남동새마을금고,,37.57149436,126.9623375,bus,bus,bus_station_seoul_cleaned.csv
창신초교,,37.57603721,127.0157201,bus,bus,bus_station_seoul_cleaned.csv
가회동주민센터,,37.57994265,126.9851294,bus,bus,bus_station_seoul_cleaned.csv
볼링장,,37.57925544,126.9879589,bus,bus,bus_station_seoul_cleaned.csv
석파정.서울미술관,,37.59476432,126.9637824,bus,bus,bus_station_seoul_cleaned.csv
지구촌교회,,37.61310603,126.9792421,bus,bus,bus_station_seoul_cleaned.csv
월암공원,,37.57122609,126.9646919,bus,bus,bus_station_seoul_cleaned.csv
숭인1동주민센터,,37.577415,127.0155607,bus,bus,bus_station_seoul_cleaned.csv
북촌한옥마을입구.정세권활동터,,37.58128077,126.9851687,bus,bus,bus_station_seoul_cleaned.csv
하림각,,37.59768473,126.9629664,bus,bus,bus_station_seoul_cleaned.csv
보현빌라,,37.61538226,126.9784206,bus,bus,bus_station_seoul_cleaned.csv
스위스대사관,,37.57014132,126.9656961,bus,bus,bus_station_seoul_cleaned.csv
안국선원.삼거리,,37.58274325,126.9852205,bus,bus,bus_station_seoul_cleaned.csv
세검정교회,,37.59938802,126.9600292,bus,bus,bus_station_seoul_cleaned.csv
혜화동로터리,,37.58591961,127.0010032,bus,bus,bus_station_seoul_cleaned.csv
김종영미술관,,37.61326379,126.9781123,bus,bus,bus_station_seoul_cleaned.csv
서울시교육청,,37.56938168,126.9666999,bus,bus,bus_station_seoul_cleaned.csv
창신쌍용1단지.종로센트레빌아파트,,37.58032282,127.0155693,bus,bus,bus_station_seoul_cleaned.csv
사우디대사관.북촌힐스,,37.58386331,126.9852486,bus,bus,bus_station_seoul_cleaned.csv
상명대입구,,37.59985447,126.9574023,bus,bus,bus_station_seoul_cleaned.csv
혜화초등학교,,37.58738929,126.9999909,bus,bus,bus_station_seoul_cleaned.csv
강북삼성병원,,37.56853152,126.9683377,bus,bus,bus_station_seoul_cleaned.csv
청룡사.보문파크뷰자이아파트,,37.57978465,127.0171509,bus,bus,bus_station_seoul_cleaned.csv
감사원,,37.58626565,126.9855618,bus,bus,bus_station_seoul_cleaned.csv
국민생활관,,37.5896276,126.9993138,bus,bus,bus_station_seoul_cleaned.csv
종로센트레빌후문.e편한세상보문아파트,,37.58189784,127.0162354,bus,bus,bus_station_seoul_cleaned.csv
통일부,,37.58753085,126.9861073,bus,bus,bus_station_seoul_cleaned.csv
서울국제고등학교,,37.58907429,126.9971408,bus,bus,bus_station_seoul_cleaned.csv
성대후문.와룡공원,,37.58915228,126.989734,bus,bus,bus_station_seoul_cleaned.csv
상명초등학교,,37.60090493,126.9568174,bus,bus,bus_station_seoul_cleaned.csv
새마을금고,,37.58784069,126.996569,bus,bus,bus_station_seoul_cleaned.csv
경진빌라,,37.60186409,126.9579482,bus,bus,bus_station_seoul_cleaned.csv
명륜시장.성대후문,,37.58872461,126.9952305,bus,bus,bus_station_seoul_cleaned.csv
완성빌라,,37.60333997,126.9576665,bus,bus,bus_station_seoul_cleaned.csv
양현관,,37.589768,126.9937686,bus,bus,bus_station_seoul_cleaned.csv
상명대후문,,37.60407158,126.9574634,bus,bus,bus_station_seoul_cleaned.csv
샘미용실.종로구청소년상담복지센터,,37.59025457,126.9934084,bus,bus,bus_station_seoul_cleaned.csv
산정빌라,,37.60528358,126.9575782,bus,bus,bus_station_seoul_cleaned.csv
구기빌라,,37.60613345,126.9579809,bus,bus,bus_station_seoul_cleaned.csv
마트앞,,37.60669871,126.9587565,bus,bus,bus_station_seoul_cleaned.csv
국민은행.세검정지점,,37.60495417,126.9608727,bus,bus,bus_station_seoul_cleaned.csv
혜화역4번출구,,37.58350804,127.0015539,bus,bus,bus_station_seoul_cleaned.csv
방송통신대앞,,37.57869736,127.0019927,bus,bus,bus_station_seoul_cleaned.csv
서울대치과대학,,37.5774083,126.997801,bus,bus,bus_station_seoul_cleaned.csv
효제초교.연동교회.김마리아활동터,,37.57364134,127.0022088,bus,bus,bus_station_seoul_cleaned.csv
성균관대학교,,37.58846387,126.9900036,bus,bus,bus_station_seoul_cleaned.csv
서울대치과대학,,37.57757273,126.9978632,bus,bus,bus_station_seoul_cleaned.csv
이화사거리,,37.57694834,127.0020085,bus,bus,bus_station_seoul_cleaned.csv
서울대학교병원현관.암병원현관,,37.57908728,126.9981632,bus,bus,bus_station_seoul_cleaned.csv
종각.공평유적전시관,,37.57159379,126.9832427,bus,bus,bus_station_seoul_cleaned.csv
조계사,,37.57360211,126.9831364,bus,bus,bus_station_seoul_cleaned.csv
동대문역JW메리어트동대문호텔,,37.57063698,127.0092821,bus,bus,bus_station_seoul_cleaned.csv
대학로,,37.58189612,127.0021204,bus,bus,bus_station_seoul_cleaned.csv
창경궁,,37.57915963,126.9964163,bus,bus,bus_station_seoul_cleaned.csv
창덕궁,,37.57753017,126.9901776,bus,bus,bus_station_seoul_cleaned.csv
인사동.북촌,,37.57589502,126.9837978,bus,bus,bus_station_seoul_cleaned.csv
경복궁.국립민속박물관,,37.57933918,126.9795487,bus,bus,bus_station_seoul_cleaned.csv
세종문화회관,,37.57313885,126.976912,bus,bus,bus_station_seoul_cleaned.csv
통인시장,,37.57911876,126.9713316,bus,bus,bus_station_seoul_cleaned.csv
세종문화회관,,37.57315586,126.9770139,bus,bus,bus_station_seoul_cleaned.csv
종각역,,37.56937996,126.9828944,bus,bus,bus_station_seoul_cleaned.csv
인사동.탑골공원,,37.57011554,126.9888006,bus,bus,bus_station_seoul_cleaned.csv
종묘.세운상가,,37.57037362,126.9934997,bus,bus,bus_station_seoul_cleaned.csv
광장시장,,37.57075214,126.9996789,bus,bus,bus_station_seoul_cleaned.csv
동묘.숭인동도깨비시장,,37.5734766,127.0180439,bus,bus,bus_station_seoul_cleaned.csv
서울풍물시장,,37.57334003,127.0231781,bus,bus,bus_station_seoul_cleaned.csv
청와대,,37.58268481,126.97376,bus,bus,bus_station_seoul_cleaned.csv
서울역사박물관.경희궁,,37.569902,126.971956,bus,bus,bus_station_seoul_cleaned.csv
명동성당.남대문세무서,,37.56498481,126.9875299,bus,bus,bus_station_seoul_cleaned.csv
국가인권위.안중근활동터,,37.56435047,126.9878515,bus,bus,bus_station_seoul_cleaned.csv
서울역버스환승센터,,37.55514602,126.9722571,bus,bus,bus_station_seoul_cleaned.csv
서울역버스환승센터,,37.55540298,126.9725925,bus,bus,bus_station_seoul_cleaned.csv
서울역버스환승센터,,37.55538899,126.9727238,bus,bus,bus_station_seoul_cleaned.csv
서울역버스환승센터,,37.55547941,126.9728548,bus,bus,bus_station_seoul_cleaned.csv
서울역버스환승센터.강우규의거터,,37.55541416,126.9729403,bus,bus,bus_station_seoul_cleaned.csv
숭례문,,37.55863886,126.9737784,bus,bus,bus_station_seoul_cleaned.csv
서울시청,,37.56613826,126.9806321,bus,bus,bus_station_seoul_cleaned.csv
만리동고개,,37.55178706,126.9626582,bus,bus,bus_station_seoul_cleaned.csv
손기정체육공원입구,,37.55444595,126.9662339,bus,bus,bus_station_seoul_cleaned.csv
서울의료보건고등학교.서울역서부,,37.5558479,126.9689026,bus,bus,bus_station_seoul_cleaned.csv
서울역서부,,37.55623764,126.9691514,bus,bus,bus_station_seoul_cleaned.csv
서울역서부,,37.555855,126.969293,bus,bus,bus_station_seoul_cleaned.csv
중림동교차로,,37.55838363,126.9691354,bus,bus,bus_station_seoul_cleaned.csv
중림동.충정로역2호선,,37.55964888,126.9645408,bus,bus,bus_station_seoul_cleaned.csv
한국경제신문사.서소문역사공원,,37.56021115,126.967868,bus,bus,bus_station_seoul_cleaned.csv
한국경제신문사.서소문역사공원,,37.56062347,126.9681135,bus,bus,bus_station_seoul_cleaned.csv
경찰청.동북아역사재단,,37.56304949,126.9691267,bus,bus,bus_station_seoul_cleaned.csv
장충동써미트호텔,,37.56227366,127.006675,bus,bus,bus_station_seoul_cleaned.csv
농협은행.유관순활동터,,37.56490628,126.9677868,bus,bus,bus_station_seoul_cleaned.csv
염천교,,37.55986963,126.9731141,bus,bus,bus_station_seoul_cleaned.csv
숭례문,,37.55840106,126.9733579,bus,bus,bus_station_seoul_cleaned.csv
숭례문.한국일보,,37.55877131,126.9737376,bus,bus,bus_station_seoul_cleaned.csv
후암삼거리,,37.5534056,126.9759938,bus,bus,bus_station_seoul_cleaned.csv
숭례문,,37.55876338,126.9743627,bus,bus,bus_station_seoul_cleaned.csv
숭례문,,37.55841953,126.9740437,bus,bus,bus_station_seoul_cleaned.csv
숭례문.서울역4번출구,,37.55800065,126.9736279,bus,bus,bus_station_seoul_cleaned.csv
숭례문.남대문시장8번출입구,,37.5588724,126.9759977,bus,bus,bus_station_seoul_cleaned.csv
숭례문남산방향,,37.55855816,126.9756721,bus,bus,bus_station_seoul_cleaned.csv
남대문시장.신세계앞,,37.56119108,126.9800598,bus,bus,bus_station_seoul_cleaned.csv
북창동.남대문시장,,37.561273,126.978555,bus,bus,bus_station_seoul_cleaned.csv
소공동주민센터,,37.56219717,126.9764437,bus,bus,bus_station_seoul_cleaned.csv
삼성본관앞,,37.56205175,126.9759075,bus,bus,bus_station_seoul_cleaned.csv
시청역8번출구,,37.56276421,126.9761487,bus,bus,bus_station_seoul_cleaned.csv
시청역9번출구.시청서소문2청사,,37.56319014,126.9746522,bus,bus,bus_station_seoul_cleaned.csv
시청역11번출구,,37.563722,126.975314,bus,bus,bus_station_seoul_cleaned.csv
시청.서소문청사,,37.56352484,126.9749539,bus,bus,bus_station_seoul_cleaned.csv
광교,,37.56810692,126.9828444,bus,bus,bus_station_seoul_cleaned.csv
서울신문사,,37.56836329,126.9773647,bus,bus,bus_station_seoul_cleaned.csv
명동성당,,37.56497416,126.9874194,bus,bus,bus_station_seoul_cleaned.csv
우리은행종로지점,,37.56783904,126.9828659,bus,bus,bus_station_seoul_cleaned.csv
롯데백화점,,37.56450698,126.982207,bus,bus,bus_station_seoul_cleaned.csv
해운센터.롯데영플라자,,37.56289078,126.9815478,bus,bus,bus_station_seoul_cleaned.csv
명동.롯데영플라자,,37.562885,126.982008,bus,bus,bus_station_seoul_cleaned.csv
명동입구B,,37.56442477,126.9823981,bus,bus,bus_station_seoul_cleaned.csv
신세계백화점,,37.56112734,126.9814315,bus,bus,bus_station_seoul_cleaned.csv
남대문시장.회현역,,37.55826752,126.9777651,bus,bus,bus_station_seoul_cleaned.csv
남대문시장.회현역,,37.55849203,126.9784645,bus,bus,bus_station_seoul_cleaned.csv
남산3호터널,,37.55831045,126.9827404,bus,bus,bus_station_seoul_cleaned.csv
남산3호터널.정화예술대학교,,37.55952609,126.9826359,bus,bus,bus_station_seoul_cleaned.csv
명동역4번출구,,37.56065785,126.9849158,bus,bus,bus_station_seoul_cleaned.csv
퇴계로2가.명동역5번출구,,37.56093258,126.9843583,bus,bus,bus_station_seoul_cleaned.csv
충무로역.한옥마을.한국의집,,37.56125082,126.9917772,bus,bus,bus_station_seoul_cleaned.csv
충무로역.한옥마을.한국의집,,37.56090197,126.9924098,bus,bus,bus_station_seoul_cleaned.csv
충무로역2번출구,,37.56123759,126.9947285,bus,bus,bus_station_seoul_cleaned.csv
충무로역8번출구,,37.56203716,126.9964922,bus,bus,bus_station_seoul_cleaned.csv
초동,,37.56334618,126.993112,bus,bus,bus_station_seoul_cleaned.csv
을지로입구.로얄호텔,,37.56587574,126.9853903,bus,bus,bus_station_seoul_cleaned.csv
을지로입구.시청입구,,37.56613826,126.9811712,bus,bus,bus_station_seoul_cleaned.csv
을지로2가.기업은행본점.서울노동청,,37.56624623,126.9865234,bus,bus,bus_station_seoul_cleaned.csv
을지로2가.파인에비뉴,,37.56607271,126.9886708,bus,bus,bus_station_seoul_cleaned.csv
을지로3가,,37.56637298,126.99026,bus,bus,bus_station_seoul_cleaned.csv
을지로3가,,37.56613896,126.9914238,bus,bus,bus_station_seoul_cleaned.csv
을지로4가,,37.56668416,126.9959336,bus,bus,bus_station_seoul_cleaned.csv
을지로4가.베스트웨스턴국도,,37.56640104,126.9968473,bus,bus,bus_station_seoul_cleaned.csv
중구청앞.덕수중학교,,37.56471732,126.9981485,bus,bus,bus_station_seoul_cleaned.csv
방산시장.을지로4가역6번출구,,37.56681829,126.9992585,bus,bus,bus_station_seoul_cleaned.csv
을지로5가.중부시장,,37.56662004,127.001115,bus,bus,bus_station_seoul_cleaned.csv
방산시장.훈련원종합체육관,,37.56796085,127.0024045,bus,bus,bus_station_seoul_cleaned.csv
을지로5가,,37.56582435,127.0025946,bus,bus,bus_station_seoul_cleaned.csv
을지로6가.국립중앙의료원,,37.56616983,127.0062316,bus,bus,bus_station_seoul_cleaned.csv
동대문역사문화공원역8번출구,,37.56505283,127.0072097,bus,bus,bus_station_seoul_cleaned.csv
동대문역사문화공원역9번출구,,37.56517255,127.0077223,bus,bus,bus_station_seoul_cleaned.csv
을지로6가.국립중앙의료원,,37.56646311,127.0058435,bus,bus,bus_station_seoul_cleaned.csv
동대문역사문화공원,,37.56735414,127.0083555,bus,bus,bus_station_seoul_cleaned.csv
동대문역사문화공원,,37.5674835,127.0091685,bus,bus,bus_station_seoul_cleaned.csv
충무아트센터.스포츠센터.중부소방서,,37.56516753,127.0135231,bus,bus,bus_station_seoul_cleaned.csv
충무아트센터.스포츠센터.중부소방서,,37.56501789,127.0147409,bus,bus,bus_station_seoul_cleaned.csv
성동공업고등학교(무궁화회관),,37.56834819,127.0157558,bus,bus,bus_station_seoul_cleaned.csv
성동공업고등학교앞,,37.56869506,127.0161295,bus,bus,bus_station_seoul_cleaned.csv
신당역1번출구.서울중앙시장,,37.56572828,127.0187427,bus,bus,bus_station_seoul_cleaned.csv
신당역4번출구.서울중앙시장,,37.56549207,127.0194795,bus,bus,bus_station_seoul_cleaned.csv
성동고등학교,,37.56559419,127.0221822,bus,bus,bus_station_seoul_cleaned.csv
성동고등학교,,37.56524109,127.0223979,bus,bus,bus_station_seoul_cleaned.csv
신당동떡볶이타운.중구여성플라자,,37.56279546,127.015096,bus,bus,bus_station_seoul_cleaned.csv
신당동떡볶이타운.중구여성플라자,,37.56231004,127.0151909,bus,bus,bus_station_seoul_cleaned.csv
청구초등학교.청구역,,37.5589483,127.0132161,bus,bus,bus_station_seoul_cleaned.csv
장충초등학교.청구역,,37.5592574,127.0130317,bus,bus,bus_station_seoul_cleaned.csv
약수역2번출구.가온도서관,,37.55579291,127.0110429,bus,bus,bus_station_seoul_cleaned.csv
약수역3번출구.약수하이츠,,37.55574961,127.0113797,bus,bus,bus_station_seoul_cleaned.csv
약수역4번출구.금호터널입구,,37.553399,127.012012,bus,bus,bus_station_seoul_cleaned.csv
약수역5번출구.금호터널입구,,37.55292373,127.0118693,bus,bus,bus_station_seoul_cleaned.csv
약수역8번출구.신당사회복지관,,37.55386465,127.0099567,bus,bus,bus_station_seoul_cleaned.csv
약수역7번출구.약수동주민센터,,37.55285097,127.0092978,bus,bus,bus_station_seoul_cleaned.csv
송도병원앞,,37.55026765,127.0077187,bus,bus,bus_station_seoul_cleaned.csv
송도병원앞,,37.55022712,127.0073984,bus,bus,bus_station_seoul_cleaned.csv
약수역1번출구,,37.55625253,127.0097556,bus,bus,bus_station_seoul_cleaned.csv
장충체육관앞,,37.55833622,127.0080611,bus,bus,bus_station_seoul_cleaned.csv
장충체육관앞,,37.55800173,127.0078282,bus,bus,bus_station_seoul_cleaned.csv
장충동.동국대입구,,37.56062132,127.0059098,bus,bus,bus_station_seoul_cleaned.csv
장충동.동국대입구,,37.56066639,127.0056291,bus,bus,bus_station_seoul_cleaned.csv
퇴계로6가,,37.56340113,127.0039011,bus,bus,bus_station_seoul_cleaned.csv
퇴계로6가.광희동주민센터,,37.56352844,127.0033758,bus,bus,bus_station_seoul_cleaned.csv
퇴계로5가.충무초등학교,,37.56238041,126.999966,bus,bus,bus_station_seoul_cleaned.csv
퇴계로5가.중구청,,37.56278042,126.9997252,bus,bus,bus_station_seoul_cleaned.csv
국립극장.반얀트리호텔,,37.55148182,127.0010947,bus,bus,bus_station_seoul_cleaned.csv
국립극장.반얀트리호텔,,37.55153396,127.0007526,bus,bus,bus_station_seoul_cleaned.csv
청구역2번출구,,37.55996006,127.0146561,bus,bus,bus_station_seoul_cleaned.csv
청구역3번출구,,37.55993038,127.0142192,bus,bus,bus_station_seoul_cleaned.csv
동화동.청구이편한세상,,37.56002447,127.0181258,bus,bus,bus_station_seoul_cleaned.csv
청구동.신당동삼성아파트,,37.55981268,127.0182737,bus,bus,bus_station_seoul_cleaned.csv
백범광장,,37.555737,126.980093,bus,bus,bus_station_seoul_cleaned.csv
남대문경찰서.서울역10번출구,,37.55412819,126.9738404,bus,bus,bus_station_seoul_cleaned.csv
남대문시장앞.이회영활동터,,37.56093942,126.9785804,bus,bus,bus_station_seoul_cleaned.csv
남산케이블카.남산산책로입구,,37.55526518,126.9839798,bus,bus,bus_station_seoul_cleaned.csv
동대입구역.장충동,,37.558362,127.005445,bus,bus,bus_station_seoul_cleaned.csv
약수역10번출구,,37.556256,127.009322,bus,bus,bus_station_seoul_cleaned.csv
청계1가.광교,,37.56857079,126.9833922,bus,bus,bus_station_seoul_cleaned.csv
청계2가.삼일교,,37.56784047,126.9885302,bus,bus,bus_station_seoul_cleaned.csv
청계4가.배오개다리,,37.56848437,126.9971755,bus,bus,bus_station_seoul_cleaned.csv
청계5가.방산시장,,37.56921496,127.0008266,bus,bus,bus_station_seoul_cleaned.csv
청계6가.평화시장,,37.56944119,127.0043806,bus,bus,bus_station_seoul_cleaned.csv
청계7가.동평화.청평화시장,,37.56951354,127.0138508,bus,bus,bus_station_seoul_cleaned.csv
청계8가.영도교,,37.57072592,127.0189972,bus,bus,bus_station_seoul_cleaned.csv
신한은행본점,,37.56119655,126.9755852,bus,bus,bus_station_seoul_cleaned.csv
퇴계로2가.명동역7번출구,,37.560988,126.985336,bus,bus,bus_station_seoul_cleaned.csv
광희동.동대문역사문화공원역,,37.56541133,127.0091092,bus,bus,bus_station_seoul_cleaned.csv
버티고개,,37.54780415,127.0060242,bus,bus,bus_station_seoul_cleaned.csv
버티고개,,37.54765049,127.0061899,bus,bus,bus_station_seoul_cleaned.csv
청계3가.관수교,,37.56821346,126.9929651,bus,bus,bus_station_seoul_cleaned.csv
청계6가.오간수교,,37.56948518,127.0090361,bus,bus,bus_station_seoul_cleaned.csv
충무로역7번출구,,37.56169057,126.9933889,bus,bus,bus_station_seoul_cleaned.csv
을지로입구역.광교,,37.56764926,126.9825656,bus,bus,bus_station_seoul_cleaned.csv
청계광장,,37.569011,126.978207,bus,bus,bus_station_seoul_cleaned.csv
신당파인힐하나유보라,,37.56498098,127.024856,bus,bus,bus_station_seoul_cleaned.csv
명동입구,,37.56472274,126.9824744,bus,bus,bus_station_seoul_cleaned.csv
남산북측순환로입구,,37.55069862,126.9988218,bus,bus,bus_station_seoul_cleaned.csv
신당동삼성아파트.금호여중,,37.5585545,127.0187299,bus,bus,bus_station_seoul_cleaned.csv
신당동대우푸르지오.금호여중,,37.55780783,127.0192882,bus,bus,bus_station_seoul_cleaned.csv
황학동주민센터,,37.56685562,127.0234024,bus,bus,bus_station_seoul_cleaned.csv
신당초등학교앞,,37.56448134,127.0239173,bus,bus,bus_station_seoul_cleaned.csv
금호베스트빌.래미안하이베르,,37.56164521,127.0240513,bus,bus,bus_station_seoul_cleaned.csv
금호베스트빌.래미안하이베르,,37.56225445,127.0243472,bus,bus,bus_station_seoul_cleaned.csv
신당초등학교,,37.56450284,127.0242404,bus,bus,bus_station_seoul_cleaned.csv
방산종합시장,,37.56780587,127.0019301,bus,bus,bus_station_seoul_cleaned.csv
황학동롯데캐슬,,37.57166017,127.022034,bus,bus,bus_station_seoul_cleaned.csv
광희문.광희동사거리,,37.56454992,127.008611,bus,bus,bus_station_seoul_cleaned.csv
광희문.광희동사거리,,37.56440161,127.0096779,bus,bus,bus_station_seoul_cleaned.csv
황학동롯데캐슬,,37.57081975,127.0232959,bus,bus,bus_station_seoul_cleaned.csv
한국은행앞,,37.56140811,126.97929,bus,bus,bus_station_seoul_cleaned.csv
서울기동대.광희초등학교,,37.56792221,127.0144829,bus,bus,bus_station_seoul_cleaned.csv
동대문역사문화공원동문,,37.56770075,127.0119962,bus,bus,bus_station_seoul_cleaned.csv
서대문역사거리.농협중앙회,,37.56688486,126.9679803,bus,bus,bus_station_seoul_cleaned.csv
서울역9번출구.서울스퀘어빌딩앞,,37.55534163,126.9732317,bus,bus,bus_station_seoul_cleaned.csv
북창동.남대문시장,,37.56084629,126.9769187,bus,bus,bus_station_seoul_cleaned.csv
남산공원.구힐튼호텔,,37.55636774,126.9765672,bus,bus,bus_station_seoul_cleaned.csv
남산공원.구힐튼호텔,,37.55662674,126.9767113,bus,bus,bus_station_seoul_cleaned.csv
시청앞.덕수궁,,37.56621228,126.9768356,bus,bus,bus_station_seoul_cleaned.csv
남대문세무서.국가인권위원회,,37.56508396,126.9878661,bus,bus,bus_station_seoul_cleaned.csv
장충문화체육센터.권기옥활동터,,37.5601745,127.0025921,bus,bus,bus_station_seoul_cleaned.csv
남산1호터널,,37.55740518,126.9921666,bus,bus,bus_station_seoul_cleaned.csv
남산예장버스환승주차장,,37.55974,126.989289,bus,bus,bus_station_seoul_cleaned.csv
약수역.3.6호선,,37.55330466,127.0117056,bus,bus,bus_station_seoul_cleaned.csv
조선일보,,37.56873398,126.9768831,bus,bus,bus_station_seoul_cleaned.csv
시청역,,37.566031,126.97701,bus,bus,bus_station_seoul_cleaned.csv
서울역,,37.55818977,126.9714245,bus,bus,bus_station_seoul_cleaned.csv
숭례문앞,,37.56151644,126.9762361,bus,bus,bus_station_seoul_cleaned.csv
시청역1호선.서울시청,,37.56739609,126.9773391,bus,bus,bus_station_seoul_cleaned.csv
신당역하나은행,,37.56542311,127.0215879,bus,bus,bus_station_seoul_cleaned.csv
염천교,,37.55979257,126.9711137,bus,bus,bus_station_seoul_cleaned.csv
한국경제신문사,,37.56093341,126.9679526,bus,bus,bus_station_seoul_cleaned.csv
응봉근린공원.금호산,,37.5535217,127.016919,bus,bus,bus_station_seoul_cleaned.csv
서울방송고등학교.남산타운아파트,,37.54958602,127.0124098,bus,bus,bus_station_seoul_cleaned.csv
서울방송고등학교.남산타운아파트,,37.54961194,127.0122784,bus,bus,bus_station_seoul_cleaned.csv
중구청소년센터.남산타운2상가,,37.55165491,127.0127512,bus,bus,bus_station_seoul_cleaned.csv
중구청소년센터.남산타운2상가,,37.55190274,127.0121656,bus,bus,bus_station_seoul_cleaned.csv
약수시장.남산타운동문,,37.55173322,127.01085,bus,bus,bus_station_seoul_cleaned.csv
약수지구대,,37.5528411,127.0119578,bus,bus,bus_station_seoul_cleaned.csv
남대문시장,,37.56142846,126.9793973,bus,bus,bus_station_seoul_cleaned.csv
을지로입구역롯데호텔,,37.56580472,126.9803053,bus,bus,bus_station_seoul_cleaned.csv
소공동웨스틴조선호텔,,37.56451783,126.9796461,bus,bus,bus_station_seoul_cleaned.csv
서울광장,,37.565352,126.978885,bus,bus,bus_station_seoul_cleaned.csv
광화문코리아나호텔,,37.56840139,126.9769075,bus,bus,bus_station_seoul_cleaned.csv
서소문KAL빌딩,,37.56333874,126.9743183,bus,bus,bus_station_seoul_cleaned.csv
동국대입구.앰배서더호텔,,37.55977171,127.0026102,bus,bus,bus_station_seoul_cleaned.csv
광화문,,37.568799,126.9769068,bus,bus,bus_station_seoul_cleaned.csv
시청.덕수궁,,37.566254,126.976921,bus,bus,bus_station_seoul_cleaned.csv
바비엥스위트,,37.56510899,126.9676373,bus,bus,bus_station_seoul_cleaned.csv
서울역,,37.55781956,126.9728596,bus,bus,bus_station_seoul_cleaned.csv
명동역.세종호텔,,37.56108601,126.9864493,bus,bus,bus_station_seoul_cleaned.csv
충무로역.호텔피제이,,37.56171802,126.9955605,bus,bus,bus_station_seoul_cleaned.csv
남대문시장,,37.56096738,126.9787309,bus,bus,bus_station_seoul_cleaned.csv
이비스엠버서더호텔,,37.56435343,126.9823877,bus,bus,bus_station_seoul_cleaned.csv
프레이저플레이스,,37.56284768,126.9692683,bus,bus,bus_station_seoul_cleaned.csv
아카시아호텔.웨스턴코업레지던스,,37.56655061,127.0034787,bus,bus,bus_station_seoul_cleaned.csv
을지로코업레지던스,,37.56623336,127.0053975,bus,bus,bus_station_seoul_cleaned.csv
토요코인호텔.이비스버젯호텔,,37.56459135,127.0089473,bus,bus,bus_station_seoul_cleaned.csv
약수역,,37.55378896,127.0098978,bus,bus,bus_station_seoul_cleaned.csv
남산밀레니엄힐튼호텔,,37.55546657,126.9759753,bus,bus,bus_station_seoul_cleaned.csv
서울역,,37.5580158,126.9720457,bus,bus,bus_station_seoul_cleaned.csv
숭례문라마다&스위트호텔,,37.56061096,126.9720685,bus,bus,bus_station_seoul_cleaned.csv
시청역더플라자호텔,,37.564836,126.978066,bus,bus,bus_station_seoul_cleaned.csv
시청.서울신문사,,37.56829932,126.9773647,bus,bus,bus_station_seoul_cleaned.csv
프레이저플레이스남대문,,37.561376,126.9762666,bus,bus,bus_station_seoul_cleaned.csv
프레이저플레이스남대문,,37.56106678,126.9755366,bus,bus,bus_station_seoul_cleaned.csv
동대문역사문화공원,,37.56538519,127.0092451,bus,bus,bus_station_seoul_cleaned.csv
광희동더스프라지르서울동대문,,37.56473333,127.0075553,bus,bus,bus_station_seoul_cleaned.csv
동대문디자인플라자DDP,,37.56785291,127.0092138,bus,bus,bus_station_seoul_cleaned.csv
베이튼호텔,,37.56499932,127.0026364,bus,bus,bus_station_seoul_cleaned.csv
광화문,,37.56894357,126.9768853,bus,bus,bus_station_seoul_cleaned.csv
덕수궁,,37.566106,126.976925,bus,bus,bus_station_seoul_cleaned.csv
남대문시장,,37.56092315,126.9753967,bus,bus,bus_station_seoul_cleaned.csv
명동,,37.56075833,126.9856195,bus,bus,bus_station_seoul_cleaned.csv
남산골한옥마을,,37.56099506,126.9924384,bus,bus,bus_station_seoul_cleaned.csv
앰버서더호텔,,37.5604635,127.0026254,bus,bus,bus_station_seoul_cleaned.csv
신라호텔,,37.5583034,127.0054272,bus,bus,bus_station_seoul_cleaned.csv
동대문디자인플라자.동대문시장,,37.5668754,127.0085549,bus,bus,bus_station_seoul_cleaned.csv
서울역,,37.553928,126.972535,bus,bus,bus_station_seoul_cleaned.csv
동대문디자인프라자,,37.56776256,127.0091304,bus,bus,bus_station_seoul_cleaned.csv
방산.중부시장,,37.56685688,126.9994423,bus,bus,bus_station_seoul_cleaned.csv
을지로3가,,37.56653491,126.9923256,bus,bus,bus_station_seoul_cleaned.csv
을지로입구,,37.56613096,126.9810013,bus,bus,bus_station_seoul_cleaned.csv
명동입구,,37.56415262,126.9823016,bus,bus,bus_station_seoul_cleaned.csv
신당동중앙시장,,37.56575532,127.0194166,bus,bus,bus_station_seoul_cleaned.csv
남산오르미,,37.55819405,126.9831349,bus,bus,bus_station_seoul_cleaned.csv
한강대교북단.LG유플러스,,37.52404994,126.963121,bus,bus,bus_station_seoul_cleaned.csv
한강대교북단.LG유플러스,,37.52430606,126.9631848,bus,bus,bus_station_seoul_cleaned.csv
신용산역,,37.527293,126.966207,bus,bus,bus_station_seoul_cleaned.csv
신용산역,,37.52792049,126.9666192,bus,bus,bus_station_seoul_cleaned.csv
용산우체국,,37.53149701,126.970235,bus,bus,bus_station_seoul_cleaned.csv
용산우체국,,37.53205037,126.9705641,bus,bus,bus_station_seoul_cleaned.csv
삼각지역.전쟁기념관,,37.53518014,126.9736858,bus,bus,bus_station_seoul_cleaned.csv
삼각지역.전쟁기념관,,37.5359845,126.9741609,bus,bus,bus_station_seoul_cleaned.csv
숙대입구역,,37.54329563,126.9725378,bus,bus,bus_station_seoul_cleaned.csv
숙대입구역,,37.54375602,126.9722321,bus,bus,bus_station_seoul_cleaned.csv
갈월동,,37.5509756,126.9722373,bus,bus,bus_station_seoul_cleaned.csv
갈월동,,37.54953372,126.9717082,bus,bus,bus_station_seoul_cleaned.csv
남영역.민주화운동기념관,,37.54200692,126.9719272,bus,bus,bus_station_seoul_cleaned.csv
남영역.민주화운동기념관,,37.541823,126.972069,bus,bus,bus_station_seoul_cleaned.csv
신용산역3번출구,,37.52888957,126.9673498,bus,bus,bus_station_seoul_cleaned.csv
서울드래곤시티,,37.53215669,126.9630604,bus,bus,bus_station_seoul_cleaned.csv
용산역3번출구.용산차고지,,37.53180791,126.9642146,bus,bus,bus_station_seoul_cleaned.csv
한강대교북단,,37.52496899,126.9635707,bus,bus,bus_station_seoul_cleaned.csv
서계동.서울역공항철도15번출구,,37.5524743,126.9693405,bus,bus,bus_station_seoul_cleaned.csv
서계동,,37.5516705,126.969222,bus,bus,bus_station_seoul_cleaned.csv
청파동,,37.54899162,126.970122,bus,bus,bus_station_seoul_cleaned.csv
청파시장,,37.54867903,126.9698626,bus,bus,bus_station_seoul_cleaned.csv
숙대입구역.청파동주민센터,,37.54538125,126.9707772,bus,bus,bus_station_seoul_cleaned.csv
숙대입구역.청파동주민센터,,37.54548616,126.9704189,bus,bus,bus_station_seoul_cleaned.csv
남영역.민주화운동기념관,,37.540813,126.971032,bus,bus,bus_station_seoul_cleaned.csv
남영역.민주화운동기념관,,37.54057027,126.9706761,bus,bus,bus_station_seoul_cleaned.csv
용산전자상가17동,,37.53377926,126.9660271,bus,bus,bus_station_seoul_cleaned.csv
용산전자상가19동,,37.53351349,126.9657072,bus,bus,bus_station_seoul_cleaned.csv
용산전자상가10동,,37.5332725,126.9619641,bus,bus,bus_station_seoul_cleaned.csv
용산전자상가12동,,37.53305741,126.962169,bus,bus,bus_station_seoul_cleaned.csv
용산전자상가.전자랜드,,37.53277906,126.9583252,bus,bus,bus_station_seoul_cleaned.csv
용산전자상가.전자랜드,,37.53305612,126.9583364,bus,bus,bus_station_seoul_cleaned.csv
원효대교북단,,37.53198537,126.956111,bus,bus,bus_station_seoul_cleaned.csv
용산경찰서,,37.54050321,126.9691858,bus,bus,bus_station_seoul_cleaned.csv
용산경찰서,,37.53999946,126.9690615,bus,bus,bus_station_seoul_cleaned.csv
용산꿈나무종합타운.원효로우체국,,37.5386139,126.9669291,bus,bus,bus_station_seoul_cleaned.csv
용산e편한세상,,37.53746206,126.9654678,bus,bus,bus_station_seoul_cleaned.csv
남정초등학교,,37.53631875,126.9636632,bus,bus,bus_station_seoul_cleaned.csv
원효로2가,,37.53623744,126.9629911,bus,bus,bus_station_seoul_cleaned.csv
원효로2가사거리,,37.53493384,126.9610704,bus,bus,bus_station_seoul_cleaned.csv
원효로3가,,37.53404076,126.9581798,bus,bus,bus_station_seoul_cleaned.csv
원효로3가,,37.53379572,126.9583248,bus,bus,bus_station_seoul_cleaned.csv
용암초등학교입구.이태원주공아파트,,37.54411594,126.9886646,bus,bus,bus_station_seoul_cleaned.csv
이태원동남산대림아파트.용산동아파트,,37.53987437,126.98748,bus,bus,bus_station_seoul_cleaned.csv
용산한신아파트,,37.53980547,126.9871086,bus,bus,bus_station_seoul_cleaned.csv
해방촌,,37.53781774,126.9866091,bus,bus,bus_station_seoul_cleaned.csv
국군재정관리단,,37.53731771,126.9868496,bus,bus,bus_station_seoul_cleaned.csv
용산구청,,37.530303,126.991163,bus,bus,bus_station_seoul_cleaned.csv
용산구청,,37.52940958,126.9911699,bus,bus,bus_station_seoul_cleaned.csv
한강중학교,,37.52545875,126.9921715,bus,bus,bus_station_seoul_cleaned.csv
한강중학교,,37.52450259,126.9924288,bus,bus,bus_station_seoul_cleaned.csv
서빙고역1번출구,,37.52004642,126.9899502,bus,bus,bus_station_seoul_cleaned.csv
장충단로입구,,37.545795,127.002202,bus,bus,bus_station_seoul_cleaned.csv
남산맨션아파트.남산예술원,,37.544437,127.00204,bus,bus,bus_station_seoul_cleaned.csv
서울중부기술교육원.블루스퀘어,,37.54169186,127.0033852,bus,bus,bus_station_seoul_cleaned.csv
서울시중부기술교육원.블루스퀘어,,37.54117915,127.0031508,bus,bus,bus_station_seoul_cleaned.csv
순천향대학병원,,37.53644224,127.0057302,bus,bus,bus_station_seoul_cleaned.csv
순천향대학병원,,37.5356114,127.0062994,bus,bus,bus_station_seoul_cleaned.csv
순천향대학병원,,37.53579346,127.0054994,bus,bus,bus_station_seoul_cleaned.csv
순천향대학병원.한남오거리,,37.53549068,127.005729,bus,bus,bus_station_seoul_cleaned.csv
한남오거리,,37.53284782,127.0083126,bus,bus,bus_station_seoul_cleaned.csv
남산도서관.용산도서관,,37.552282,126.980835,bus,bus,bus_station_seoul_cleaned.csv
남산도서관.용산도서관,,37.55204425,126.981134,bus,bus,bus_station_seoul_cleaned.csv
후암약수터,,37.54869,126.98432,bus,bus,bus_station_seoul_cleaned.csv
후암약수터,,37.54839526,126.9841669,bus,bus,bus_station_seoul_cleaned.csv
용산2가동주민센터.보성여중고,,37.54639685,126.98584,bus,bus,bus_station_seoul_cleaned.csv
용산2가동주민센터.보성여중고,,37.54625985,126.9856318,bus,bus,bus_station_seoul_cleaned.csv
남산야외식물원입구,,37.54270388,126.9927902,bus,bus,bus_station_seoul_cleaned.csv
남산야외식물원입구,,37.54250475,126.992917,bus,bus,bus_station_seoul_cleaned.csv
하얏트호텔,,37.54175355,126.9961358,bus,bus,bus_station_seoul_cleaned.csv
하얏트호텔,,37.5408661,126.9974258,bus,bus,bus_station_seoul_cleaned.csv
용마루고개(서울자동차고등학교),,37.54063689,126.9584647,bus,bus,bus_station_seoul_cleaned.csv
용마루고개.효창파크푸르지오아파트,,37.54029991,126.958552,bus,bus,bus_station_seoul_cleaned.csv
효창공원앞역.이봉창역사울림관,,37.53927197,126.9618971,bus,bus,bus_station_seoul_cleaned.csv
효창공원앞역.이봉창역사울림관,,37.53882848,126.9626979,bus,bus,bus_station_seoul_cleaned.csv
용산꿈나무종합타운.보건분소,,37.53842682,126.9649998,bus,bus,bus_station_seoul_cleaned.csv
용산꿈나무종합타운.보건분소,,37.538295,126.964648,bus,bus,bus_station_seoul_cleaned.csv
원효로제1동주민센터,,37.53766072,126.9669923,bus,bus,bus_station_seoul_cleaned.csv
전쟁기념관,,37.53475867,126.9768578,bus,bus,bus_station_seoul_cleaned.csv
전쟁기념관,,37.53465117,126.9753831,bus,bus,bus_station_seoul_cleaned.csv
녹사평역,,37.53510696,126.9851183,bus,bus,bus_station_seoul_cleaned.csv
녹사평역,,37.53475822,126.9853047,bus,bus,bus_station_seoul_cleaned.csv
용산구청.이태원시장,,37.53438305,126.9904707,bus,bus,bus_station_seoul_cleaned.csv
용산구청.이태원시장,,37.53411271,126.9900096,bus,bus,bus_station_seoul_cleaned.csv
이태원역1번출구.해밀턴호텔,,37.534552,126.993043,bus,bus,bus_station_seoul_cleaned.csv
이태원역4번출구.해밀턴호텔,,37.53435397,126.9934293,bus,bus,bus_station_seoul_cleaned.csv
이태원119안전센터,,37.53479,126.996387,bus,bus,bus_station_seoul_cleaned.csv
이태원119안전센터,,37.53460415,126.9971799,bus,bus,bus_station_seoul_cleaned.csv
한남동주민센터,,37.53704589,127.0004667,bus,bus,bus_station_seoul_cleaned.csv
한남동주민센터,,37.5367073,127.0006043,bus,bus,bus_station_seoul_cleaned.csv
한강진역.블루스퀘어,,37.540805,127.001695,bus,bus,bus_station_seoul_cleaned.csv
한강진역.블루스퀘어,,37.54092918,127.0020254,bus,bus,bus_station_seoul_cleaned.csv
서울역11번출구,,37.55361688,126.9738944,bus,bus,bus_station_seoul_cleaned.csv
후암삼거리,,37.55254084,126.9765772,bus,bus,bus_station_seoul_cleaned.csv
후암시장,,37.55068919,126.9770645,bus,bus,bus_station_seoul_cleaned.csv
후암시장,,37.54974673,126.9775446,bus,bus,bus_station_seoul_cleaned.csv
용산중고,,37.54665979,126.9781856,bus,bus,bus_station_seoul_cleaned.csv
용산중고,,37.547205,126.978225,bus,bus,bus_station_seoul_cleaned.csv
후암동종점.용산중학교,,37.54669893,126.9809588,bus,bus,bus_station_seoul_cleaned.csv
용산고등학교,,37.54574,126.977563,bus,bus,bus_station_seoul_cleaned.csv
남영동주민센터,,37.545772,126.976572,bus,bus,bus_station_seoul_cleaned.csv
남영동주민센터,,37.545505,126.975732,bus,bus,bus_station_seoul_cleaned.csv
남영우체국,,37.54512412,126.9732354,bus,bus,bus_station_seoul_cleaned.csv
갈월동사회복지관.남영우체국,,37.545409,126.973962,bus,bus,bus_station_seoul_cleaned.csv
한남시범아파트,,37.53794297,127.0122608,bus,bus,bus_station_seoul_cleaned.csv
한남시범아파트,,37.53770414,127.0126715,bus,bus,bus_station_seoul_cleaned.csv
한남동,,37.5339127,127.0084446,bus,bus,bus_station_seoul_cleaned.csv
한남동,,37.53375499,127.0087003,bus,bus,bus_station_seoul_cleaned.csv
이촌동동부센트레빌,,37.52155954,126.9660096,bus,bus,bus_station_seoul_cleaned.csv
이촌동두산위브트레지움.한강대우아파트,,37.52157348,126.9675283,bus,bus,bus_station_seoul_cleaned.csv
이촌1동충신교회앞,,37.52128315,126.9684808,bus,bus,bus_station_seoul_cleaned.csv
이촌동한가람아파트.이촌역,,37.5206563,126.9718843,bus,bus,bus_station_seoul_cleaned.csv
이촌동한강맨션.이촌역,,37.52018049,126.9727098,bus,bus,bus_station_seoul_cleaned.csv
신용산초등학교,,37.51984977,126.9745085,bus,bus,bus_station_seoul_cleaned.csv
신용산초등학교.중경고등학교,,37.51907753,126.976248,bus,bus,bus_station_seoul_cleaned.csv
중경고등학교.이촌동강촌아파트,,37.51891785,126.9775234,bus,bus,bus_station_seoul_cleaned.csv
이촌동점보아파트,,37.5183828,126.9784409,bus,bus,bus_station_seoul_cleaned.csv
이촌동현대아파트,,37.51853368,126.978712,bus,bus,bus_station_seoul_cleaned.csv
금강병원.반도아파트,,37.51770433,126.9811234,bus,bus,bus_station_seoul_cleaned.csv
서빙고신동아아파트,,37.51793695,126.9851054,bus,bus,bus_station_seoul_cleaned.csv
서빙고신동아아파트,,37.51748597,126.9853714,bus,bus,bus_station_seoul_cleaned.csv
만리동고개,,37.55167001,126.9628216,bus,bus,bus_station_seoul_cleaned.csv
손기정체육공원,,37.55421533,126.966423,bus,bus,bus_station_seoul_cleaned.csv
숙대입구역,,37.544479,126.970799,bus,bus,bus_station_seoul_cleaned.csv
남영역.민주화운동기념관,,37.54222024,126.9709245,bus,bus,bus_station_seoul_cleaned.csv
숙명여대도서관앞,,37.54484687,126.9672217,bus,bus,bus_station_seoul_cleaned.csv
숙명여대도서관앞,,37.54484124,126.9664465,bus,bus,bus_station_seoul_cleaned.csv
숙명여대정문,,37.5449595,126.9641095,bus,bus,bus_station_seoul_cleaned.csv
숙명여대정문,,37.54513077,126.9643097,bus,bus,bus_station_seoul_cleaned.csv
숙명여대후문.이봉창활동터,,37.54608397,126.9632996,bus,bus,bus_station_seoul_cleaned.csv
효창공원후문,,37.54679103,126.9625779,bus,bus,bus_station_seoul_cleaned.csv
한겨레신문사입구,,37.54588062,126.9591929,bus,bus,bus_station_seoul_cleaned.csv
대한노인회중앙회,,37.54378904,126.9576684,bus,bus,bus_station_seoul_cleaned.csv
효창운동장.효창동주민센터,,37.54220952,126.9617671,bus,bus,bus_station_seoul_cleaned.csv
효창동주민센터.금양초등학교,,37.54162396,126.9622337,bus,bus,bus_station_seoul_cleaned.csv
금양초등학교,,37.54129925,126.9620007,bus,bus,bus_station_seoul_cleaned.csv
효창공원역,,37.53878602,126.9610379,bus,bus,bus_station_seoul_cleaned.csv
도원삼성래미안아파트,,37.5397768,126.9574339,bus,bus,bus_station_seoul_cleaned.csv
도원삼성래미안아파트,,37.53962541,126.9572103,bus,bus,bus_station_seoul_cleaned.csv
중앙하이츠빌라앞,,37.53801446,126.9600336,bus,bus,bus_station_seoul_cleaned.csv
중앙하이츠빌라앞,,37.53797386,126.9598809,bus,bus,bus_station_seoul_cleaned.csv
용문시장,,37.53634792,126.960968,bus,bus,bus_station_seoul_cleaned.csv
용문시장,,37.5359792,126.9613596,bus,bus,bus_station_seoul_cleaned.csv
용산전자상가입구,,37.53457017,126.9622225,bus,bus,bus_station_seoul_cleaned.csv
용산전자상가입구,,37.53466112,126.9619447,bus,bus,bus_station_seoul_cleaned.csv
신용산지하차도,,37.53283488,126.9636682,bus,bus,bus_station_seoul_cleaned.csv
신용산지하차도,,37.53259,126.963882,bus,bus,bus_station_seoul_cleaned.csv
신용산역5번출구,,37.53003386,126.9676785,bus,bus,bus_station_seoul_cleaned.csv
용산역,,37.52886661,126.9658225,bus,bus,bus_station_seoul_cleaned.csv
용산푸르지오써밋,,37.52757562,126.9647596,bus,bus,bus_station_seoul_cleaned.csv
용산푸르지오써밋,,37.52723093,126.9645788,bus,bus,bus_station_seoul_cleaned.csv
용산역광장앞,,37.528333,126.965617,bus,bus,bus_station_seoul_cleaned.csv
용산역사박물관.용산철도고등학교,,37.52559728,126.966015,bus,bus,bus_station_seoul_cleaned.csv
용산역사박물관.용산철도고등학교,,37.52530577,126.9671194,bus,bus,bus_station_seoul_cleaned.csv
용산세무서,,37.52373184,126.969244,bus,bus,bus_station_seoul_cleaned.csv
용산세무서,,37.52362139,126.9701544,bus,bus,bus_station_seoul_cleaned.csv
이촌역,,37.52266892,126.9739086,bus,bus,bus_station_seoul_cleaned.csv
이촌역,,37.52236347,126.9740269,bus,bus,bus_station_seoul_cleaned.csv
국립중앙박물관.용산가족공원,,37.52089801,126.9786512,bus,bus,bus_station_seoul_cleaned.csv
국립중앙박물관.용산가족공원,,37.52087549,126.9799562,bus,bus,bus_station_seoul_cleaned.csv
서빙고역교차로,,37.520427,126.9899,bus,bus,bus_station_seoul_cleaned.csv
서빙고초등학교,,37.52117112,126.9908894,bus,bus,bus_station_seoul_cleaned.csv
한강중학교,,37.52511406,126.9913627,bus,bus,bus_station_seoul_cleaned.csv
서빙고동금호베스트빌,,37.52263626,126.9907182,bus,bus,bus_station_seoul_cleaned.csv
서빙고동,,37.519851,126.992986,bus,bus,bus_station_seoul_cleaned.csv
서빙고동주민센터,,37.520384,126.9948813,bus,bus,bus_station_seoul_cleaned.csv
동빙고동,,37.52081836,126.9966907,bus,bus,bus_station_seoul_cleaned.csv
동빙고동,,37.52126256,126.997039,bus,bus,bus_station_seoul_cleaned.csv
보광신동아아파트.삼성리버빌아파트,,37.524738,127.0020297,bus,bus,bus_station_seoul_cleaned.csv
보광동신동아아파트,,37.52562379,127.0015149,bus,bus,bus_station_seoul_cleaned.csv
보광동주민센터,,37.52645912,127.0005046,bus,bus,bus_station_seoul_cleaned.csv
보광동,,37.52800885,126.9993071,bus,bus,bus_station_seoul_cleaned.csv
보광동,,37.52818201,126.9988968,bus,bus,bus_station_seoul_cleaned.csv
한국폴리텍1대학,,37.53019599,126.9967926,bus,bus,bus_station_seoul_cleaned.csv
한국폴리텍1대학,,37.53052935,126.9965748,bus,bus,bus_station_seoul_cleaned.csv
이태원역.보광동입구,,37.5334,126.994213,bus,bus,bus_station_seoul_cleaned.csv
이태원역.보광동입구,,37.53382242,126.994227,bus,bus,bus_station_seoul_cleaned.csv
한남역.용산노인종합복지관,,37.53122393,127.0067957,bus,bus,bus_station_seoul_cleaned.csv
한남역.용산노인종합복지관,,37.53066879,127.0077699,bus,bus,bus_station_seoul_cleaned.csv
이촌119안전센터.성촌공원,,37.53007998,126.9529475,bus,bus,bus_station_seoul_cleaned.csv
이촌로입구.성촌공원앞,,37.53017103,126.9546065,bus,bus,bus_station_seoul_cleaned.csv
이촌로입구.성촌공원앞,,37.52974742,126.9543511,bus,bus,bus_station_seoul_cleaned.csv
이촌2동주민센터,,37.52773644,126.955064,bus,bus,bus_station_seoul_cleaned.csv
이촌2동주민센터,,37.52770289,126.9548606,bus,bus,bus_station_seoul_cleaned.csv
이촌2동대림아파트.새남터성지,,37.52617531,126.9563231,bus,bus,bus_station_seoul_cleaned.csv
이촌2동대림아파트.새남터성지,,37.52602927,126.9561659,bus,bus,bus_station_seoul_cleaned.csv
서부이촌동입구,,37.52386405,126.9594954,bus,bus,bus_station_seoul_cleaned.csv
이촌2동강변아파트,,37.52344621,126.959781,bus,bus,bus_station_seoul_cleaned.csv
원효2동산호아파트후문,,37.53226001,126.9500127,bus,bus,bus_station_seoul_cleaned.csv
청암동강변삼성아파트,,37.53461443,126.9482435,bus,bus,bus_station_seoul_cleaned.csv
청암동강변삼성아파트,,37.534015,126.949323,bus,bus,bus_station_seoul_cleaned.csv
원효2동산호아파트,,37.53301777,126.9505416,bus,bus,bus_station_seoul_cleaned.csv
원효2동산호아파트,,37.5331089,126.9508278,bus,bus,bus_station_seoul_cleaned.csv
원효로풍전아파트,,37.53212865,126.9535225,bus,bus,bus_station_seoul_cleaned.csv
원효로풍전아파트,,37.53236877,126.9545136,bus,bus,bus_station_seoul_cleaned.csv
원효풍전아파트,,37.53274214,126.9559182,bus,bus,bus_station_seoul_cleaned.csv
원효2동주민센터,,37.5344941,126.9513962,bus,bus,bus_station_seoul_cleaned.csv
산천동리버힐삼성아파트,,37.53450034,126.9511923,bus,bus,bus_station_seoul_cleaned.csv
산천동.성심여중고후문,,37.53532039,126.9536425,bus,bus,bus_station_seoul_cleaned.csv
산천동.성심여중고후문,,37.53540813,126.9533822,bus,bus,bus_station_seoul_cleaned.csv
신창동세방아파트,,37.53570832,126.9549576,bus,bus,bus_station_seoul_cleaned.csv
신창동세방아파트,,37.53583005,126.9549471,bus,bus,bus_station_seoul_cleaned.csv
남이장군사당,,37.53665907,126.9579938,bus,bus,bus_station_seoul_cleaned.csv
남이장군사당,,37.53675446,126.9575932,bus,bus,bus_station_seoul_cleaned.csv
용문시장.용문동새마을금고,,37.53707162,126.9595338,bus,bus,bus_station_seoul_cleaned.csv
용문시장.용문동새마을금고,,37.53714921,126.9591968,bus,bus,bus_station_seoul_cleaned.csv
순천향병원입구,,37.53263055,127.0067506,bus,bus,bus_station_seoul_cleaned.csv
남산서울타워,,37.55101447,126.9911948,bus,bus,bus_station_seoul_cleaned.csv
청심경로당,,37.53388792,126.9506907,bus,bus,bus_station_seoul_cleaned.csv
삼성테마트,,37.53374669,126.9503849,bus,bus,bus_station_seoul_cleaned.csv
서빙고동금호베스트빌,,37.52261379,126.990991,bus,bus,bus_station_seoul_cleaned.csv
한남동하이페리온,,37.52784398,127.0055474,bus,bus,bus_station_seoul_cleaned.csv
서빙고역1번출구,,37.52003451,126.9894855,bus,bus,bus_station_seoul_cleaned.csv
문배동이안아파트앞,,37.53887,126.9710604,bus,bus,bus_station_seoul_cleaned.csv
갈월동.숙대입구역10번출구,,37.54638586,126.9716592,bus,bus,bus_station_seoul_cleaned.csv
삼각지역11번출구.전쟁기념관,,37.536204,126.974548,bus,bus,bus_station_seoul_cleaned.csv
숙대입구,,37.54453055,126.9705229,bus,bus,bus_station_seoul_cleaned.csv
원효대교북단,,37.53213836,126.9556103,bus,bus,bus_station_seoul_cleaned.csv
문배동이안아파트앞,,37.5383645,126.9707995,bus,bus,bus_station_seoul_cleaned.csv
순천향병원입구,,37.53269451,127.0069961,bus,bus,bus_station_seoul_cleaned.csv
숙명여대입구,,37.54488446,126.9696435,bus,bus,bus_station_seoul_cleaned.csv
서빙고초등학교,,37.52084129,126.99061,bus,bus,bus_station_seoul_cleaned.csv
한강대교스카이스위트,,37.52133077,126.9608162,bus,bus,bus_station_seoul_cleaned.csv
한강대교전망카페,,37.521236,126.9613435,bus,bus,bus_station_seoul_cleaned.csv
노들섬,,37.51751618,126.9586052,bus,bus,bus_station_seoul_cleaned.csv
노들섬,,37.51736384,126.9590377,bus,bus,bus_station_seoul_cleaned.csv
용암초등학교.이태원2동주민센터,,37.544673,126.990733,bus,bus,bus_station_seoul_cleaned.csv
용암초등학교.이태원2동주민센터,,37.54484967,126.9909321,bus,bus,bus_station_seoul_cleaned.csv
효창공원삼거리.윤봉길의사등묘역,,37.54460709,126.9638369,bus,bus,bus_station_seoul_cleaned.csv
서울역공항철도15번출구,,37.55307791,126.9688468,bus,bus,bus_station_seoul_cleaned.csv
용산꿈나무종합타운,,37.53848693,126.9672403,bus,bus,bus_station_seoul_cleaned.csv
남산도서관.용산도서관,,37.55234367,126.9818462,bus,bus,bus_station_seoul_cleaned.csv
하얏트호텔,,37.54066038,126.9969933,bus,bus,bus_station_seoul_cleaned.csv
한신아파트,,37.53898273,126.9866957,bus,bus,bus_station_seoul_cleaned.csv
순천향병원,,37.5332488,127.0048157,bus,bus,bus_station_seoul_cleaned.csv
용암경로당입구,,37.54059662,126.9869184,bus,bus,bus_station_seoul_cleaned.csv
한남오거리,,37.53309011,127.0066567,bus,bus,bus_station_seoul_cleaned.csv
가야랑앞,,37.54019528,126.9936041,bus,bus,bus_station_seoul_cleaned.csv
용암한신아파트,,37.54207717,126.9874353,bus,bus,bus_station_seoul_cleaned.csv
효창공원후문,,37.54706884,126.9608921,bus,bus,bus_station_seoul_cleaned.csv
디지텍고등학교앞,,37.53980318,126.991626,bus,bus,bus_station_seoul_cleaned.csv
우리들가정의원,,37.54323151,126.987795,bus,bus,bus_station_seoul_cleaned.csv
도원삼성래미안아파트101동앞,,37.53906859,126.9562321,bus,bus,bus_station_seoul_cleaned.csv
성도약국,,37.53945068,126.9895541,bus,bus,bus_station_seoul_cleaned.csv
남산교회입구,,37.54467134,126.9866472,bus,bus,bus_station_seoul_cleaned.csv
신애교회,,37.54551904,126.9584869,bus,bus,bus_station_seoul_cleaned.csv
시장,,37.53892255,126.9885516,bus,bus,bus_station_seoul_cleaned.csv
해방촌오거리,,37.54572995,126.9851475,bus,bus,bus_station_seoul_cleaned.csv
보광동주민센터,,37.52614734,127.0000973,bus,bus,bus_station_seoul_cleaned.csv
대한노인회중앙회,,37.54403681,126.9576287,bus,bus,bus_station_seoul_cleaned.csv
도원삼성래미안아파트101동앞,,37.53902226,126.9562966,bus,bus,bus_station_seoul_cleaned.csv
신흥교회앞,,37.54474572,126.9833868,bus,bus,bus_station_seoul_cleaned.csv
군인아파트,,37.52600406,126.9963177,bus,bus,bus_station_seoul_cleaned.csv
원효사.백범김구기념관,,37.54314017,126.9585663,bus,bus,bus_station_seoul_cleaned.csv
녹사평역,,37.53501104,126.9858713,bus,bus,bus_station_seoul_cleaned.csv
큰빛의집앞,,37.54454818,126.9819982,bus,bus,bus_station_seoul_cleaned.csv
몬드리안서울이태원,,37.528596,126.992589,bus,bus,bus_station_seoul_cleaned.csv
도원삼성래미안아파트,,37.53968795,126.9576859,bus,bus,bus_station_seoul_cleaned.csv
후암동종점,,37.54670079,126.9813662,bus,bus,bus_station_seoul_cleaned.csv
용산구청,,37.530573,126.991477,bus,bus,bus_station_seoul_cleaned.csv
용산고등학교,,37.5461364,126.9795092,bus,bus,bus_station_seoul_cleaned.csv
외빈차고,,37.531832,126.992242,bus,bus,bus_station_seoul_cleaned.csv
효창공원앞역.이봉창역사울림관,,37.53967102,126.9614323,bus,bus,bus_station_seoul_cleaned.csv
청화아파트,,37.531157,126.995387,bus,bus,bus_station_seoul_cleaned.csv
용산경찰서,,37.5410233,126.9698057,bus,bus,bus_station_seoul_cleaned.csv
숙대역7번출구,,37.54347578,126.9722968,bus,bus,bus_station_seoul_cleaned.csv
보광동삼거리,,37.530752,126.996811,bus,bus,bus_station_seoul_cleaned.csv
중앙하이츠빌라,,37.53856833,126.9594786,bus,bus,bus_station_seoul_cleaned.csv
원효우체국,,37.53896727,126.9673538,bus,bus,bus_station_seoul_cleaned.csv
보광초등학교,,37.531373,126.99673,bus,bus,bus_station_seoul_cleaned.csv
용문동시장.새마을금고,,37.5373483,126.9596343,bus,bus,bus_station_seoul_cleaned.csv
용문동주민센터,,37.53814739,126.959119,bus,bus,bus_station_seoul_cleaned.csv
문배어린이공원,,37.53693839,126.9697251,bus,bus,bus_station_seoul_cleaned.csv
문배어린이공원,,37.53714312,126.96959,bus,bus,bus_station_seoul_cleaned.csv
신용산역,,37.52991665,126.9674545,bus,bus,bus_station_seoul_cleaned.csv
용산우체국,,37.53137629,126.9703154,bus,bus,bus_station_seoul_cleaned.csv
숙대역5번출구,,37.54403813,126.9725115,bus,bus,bus_station_seoul_cleaned.csv
삼각지역,,37.53450655,126.9732731,bus,bus,bus_station_seoul_cleaned.csv
갈월동,,37.54632411,126.9720931,bus,bus,bus_station_seoul_cleaned.csv
보광초등학교후문앞,,37.533162,126.995635,bus,bus,bus_station_seoul_cleaned.csv
동자경로당,,37.55028671,126.9741955,bus,bus,bus_station_seoul_cleaned.csv
이태원역앞,,37.534339,126.9957,bus,bus,bus_station_seoul_cleaned.csv
녹사평역.용산구청,,37.53513958,126.9871838,bus,bus,bus_station_seoul_cleaned.csv
후암시장,,37.55006648,126.9768044,bus,bus,bus_station_seoul_cleaned.csv
후암동주민센터앞,,37.54836448,126.9777058,bus,bus,bus_station_seoul_cleaned.csv
제일기획,,37.53495,126.998418,bus,bus,bus_station_seoul_cleaned.csv
대성교회,,37.53869997,126.988452,bus,bus,bus_station_seoul_cleaned.csv
용산고,,37.54590833,126.9789525,bus,bus,bus_station_seoul_cleaned.csv
성도약국,,37.53927766,126.9894308,bus,bus,bus_station_seoul_cleaned.csv
후암동종점,,37.54650165,126.9813595,bus,bus,bus_station_seoul_cleaned.csv
디지텍고등학교앞,,37.53971398,126.9918569,bus,bus,bus_station_seoul_cleaned.csv
큰빛의집앞,,37.54448328,126.9819077,bus,bus,bus_station_seoul_cleaned.csv
가야랑앞,,37.54008896,126.9937523,bus,bus,bus_station_seoul_cleaned.csv
신흥교회앞,,37.54462317,126.9833879,bus,bus,bus_station_seoul_cleaned.csv
해방촌오거리,,37.54570295,126.9853965,bus,bus,bus_station_seoul_cleaned.csv
남산교회입구,,37.54455059,126.9866223,bus,bus,bus_station_seoul_cleaned.csv
우리들가정의원,,37.54324231,126.9876592,bus,bus,bus_station_seoul_cleaned.csv
용암한신아파트,,37.54238805,126.9874137,bus,bus,bus_station_seoul_cleaned.csv
용암경로당입구,,37.54109853,126.9869602,bus,bus,bus_station_seoul_cleaned.csv
한신아파트,,37.53898812,126.9865577,bus,bus,bus_station_seoul_cleaned.csv
갑을빌딩,,37.54909587,126.9720388,bus,bus,bus_station_seoul_cleaned.csv
리버힐삼성아파트후문,,37.53494624,126.9487208,bus,bus,bus_station_seoul_cleaned.csv
만리시장입구,,37.5515678,126.9630413,bus,bus,bus_station_seoul_cleaned.csv
배문중고등학교,,37.55037493,126.9636168,bus,bus,bus_station_seoul_cleaned.csv
청파초등학교,,37.54858348,126.9633755,bus,bus,bus_station_seoul_cleaned.csv
동부이촌동,,37.52013925,126.972673,bus,bus,bus_station_seoul_cleaned.csv
강촌APT,,37.51910004,126.9761942,bus,bus,bus_station_seoul_cleaned.csv
남산그랜드하얏트호텔,,37.53982597,126.9973679,bus,bus,bus_station_seoul_cleaned.csv
청파초등학교,,37.54846998,126.9635057,bus,bus,bus_station_seoul_cleaned.csv
배문중고교,,37.55038127,126.9637289,bus,bus,bus_station_seoul_cleaned.csv
만리시장입구,,37.55177599,126.9631453,bus,bus,bus_station_seoul_cleaned.csv
청암자이아파트,,37.53486723,126.9485683,bus,bus,bus_station_seoul_cleaned.csv
신동아APT,,37.5175986,126.9853624,bus,bus,bus_station_seoul_cleaned.csv
신동아APT,,37.51792209,126.9853035,bus,bus,bus_station_seoul_cleaned.csv
강촌APT,,37.51890573,126.9773129,bus,bus,bus_station_seoul_cleaned.csv
동부이촌동,,37.52067791,126.9718175,bus,bus,bus_station_seoul_cleaned.csv
이촌동두산위브트레지움,,37.52149367,126.9659919,bus,bus,bus_station_seoul_cleaned.csv
이촌동두산위브트레지움,,37.52152836,126.9675735,bus,bus,bus_station_seoul_cleaned.csv
이촌현대아파트.금강병원,,37.51771874,126.9810408,bus,bus,bus_station_seoul_cleaned.csv
이촌현대아파트.금강병원,,37.51850812,126.978748,bus,bus,bus_station_seoul_cleaned.csv
한남역,,37.53120681,127.0067323,bus,bus,bus_station_seoul_cleaned.csv
도원삼성래미안아파트단지내,,37.5381983,126.9553881,bus,bus,bus_station_seoul_cleaned.csv
한남동주민센터,,37.534102,127.000603,bus,bus,bus_station_seoul_cleaned.csv
용산CJ나인파크,,37.53587066,126.969553,bus,bus,bus_station_seoul_cleaned.csv
용산e편한세상,,37.5344622,126.9672212,bus,bus,bus_station_seoul_cleaned.csv
이집트대사관.한남더힐아파트,,37.53525687,127.0112747,bus,bus,bus_station_seoul_cleaned.csv
이집트대사관.한남더힐아파트,,37.53624088,127.011431,bus,bus,bus_station_seoul_cleaned.csv
한남역,,37.53058499,127.0077438,bus,bus,bus_station_seoul_cleaned.csv
한남동,,37.53375693,127.0085732,bus,bus,bus_station_seoul_cleaned.csv
한남동,,37.53396315,127.0085657,bus,bus,bus_station_seoul_cleaned.csv
필리핀대사관,,37.54069996,126.9950933,bus,bus,bus_station_seoul_cleaned.csv
필리핀대사관,,37.54057021,126.99516,bus,bus,bus_station_seoul_cleaned.csv
전쟁기념관,,37.53840147,126.9734852,bus,bus,bus_station_seoul_cleaned.csv
용산역,,37.527598,126.964794,bus,bus,bus_station_seoul_cleaned.csv
국립중앙박물관,,37.52084762,126.9785496,bus,bus,bus_station_seoul_cleaned.csv
이태원,,37.53433859,126.9904417,bus,bus,bus_station_seoul_cleaned.csv
남산서울타워,,37.55114199,126.9909862,bus,bus,bus_station_seoul_cleaned.csv
하얏트호텔,,37.54089188,126.9972013,bus,bus,bus_station_seoul_cleaned.csv
답십리역사거리,,37.56544961,127.0543962,bus,bus,bus_station_seoul_cleaned.csv
청년회의소.서울새활용플라자,,37.56203536,127.0604823,bus,bus,bus_station_seoul_cleaned.csv
장한평역,,37.56118992,127.0660927,bus,bus,bus_station_seoul_cleaned.csv
상왕십리역,,37.5643358,127.0290749,bus,bus,bus_station_seoul_cleaned.csv
상왕십리역,,37.56469363,127.0286813,bus,bus,bus_station_seoul_cleaned.csv
왕십리센트라스아파트,,37.565213,127.0248052,bus,bus,bus_station_seoul_cleaned.csv
왕십리교회,,37.56663004,127.0236794,bus,bus,bus_station_seoul_cleaned.csv
뉴타운아파트,,37.5648724,127.0269698,bus,bus,bus_station_seoul_cleaned.csv
청계벽산아파트.텐즈힐아파트,,37.56885848,127.0303755,bus,bus,bus_station_seoul_cleaned.csv
청계벽산아파트.텐즈힐아파트,,37.56795982,127.0300384,bus,bus,bus_station_seoul_cleaned.csv
왕십리도선동주민센터,,37.56761644,127.0246447,bus,bus,bus_station_seoul_cleaned.csv
왕십리2동주민센터,,37.56244961,127.0332626,bus,bus,bus_station_seoul_cleaned.csv
코스모타워.서울신용보증재단성동지점,,37.56298226,127.0329029,bus,bus,bus_station_seoul_cleaned.csv
성동구청,,37.56312659,127.0359164,bus,bus,bus_station_seoul_cleaned.csv
상왕십리역,,37.56493,127.030223,bus,bus,bus_station_seoul_cleaned.csv
상왕십리역.센트라스아파트,,37.56586011,127.0299768,bus,bus,bus_station_seoul_cleaned.csv
신금호역4번출구,,37.55414281,127.0205311,bus,bus,bus_station_seoul_cleaned.csv
마장동주민센터,,37.5673235,127.0445738,bus,bus,bus_station_seoul_cleaned.csv
마장역,,37.56559873,127.0422829,bus,bus,bus_station_seoul_cleaned.csv
성동노인복지관,,37.56493759,127.0415861,bus,bus,bus_station_seoul_cleaned.csv
마장축산물시장,,37.57095053,127.0380207,bus,bus,bus_station_seoul_cleaned.csv
마장축산물시장,,37.57025901,127.0375114,bus,bus,bus_station_seoul_cleaned.csv
도선사거리,,37.56702082,127.036954,bus,bus,bus_station_seoul_cleaned.csv
도선사거리,,37.56664878,127.0364846,bus,bus,bus_station_seoul_cleaned.csv
마장동금호아파트,,37.56307133,127.041859,bus,bus,bus_station_seoul_cleaned.csv
마장동금호아파트,,37.56215772,127.0415812,bus,bus,bus_station_seoul_cleaned.csv
한양대부속고등학교,,37.5609241,127.0414132,bus,bus,bus_station_seoul_cleaned.csv
한양대부속고등학교,,37.56038812,127.0411546,bus,bus,bus_station_seoul_cleaned.csv
한양대앞.한양시장,,37.5585824,127.0409668,bus,bus,bus_station_seoul_cleaned.csv
한양대앞,,37.55852546,127.0406535,bus,bus,bus_station_seoul_cleaned.csv
한양대정문,,37.55638837,127.0431286,bus,bus,bus_station_seoul_cleaned.csv
한양대정문앞,,37.5569939,127.0431384,bus,bus,bus_station_seoul_cleaned.csv
무학여고앞,,37.557854,127.0342332,bus,bus,bus_station_seoul_cleaned.csv
무학여고,,37.55789531,127.0338673,bus,bus,bus_station_seoul_cleaned.csv
왕십리역,,37.55994731,127.036192,bus,bus,bus_station_seoul_cleaned.csv
왕십리역,,37.56033656,127.0362669,bus,bus,bus_station_seoul_cleaned.csv
왕십리역10번출구,,37.56072354,127.0346873,bus,bus,bus_station_seoul_cleaned.csv
행당1동주민센터,,37.55826718,127.038404,bus,bus,bus_station_seoul_cleaned.csv
서울숲삼부아파트,,37.55872308,127.0379493,bus,bus,bus_station_seoul_cleaned.csv
응봉동주민센터,,37.55339896,127.0335008,bus,bus,bus_station_seoul_cleaned.csv
응봉동주민센터,,37.55376121,127.0334387,bus,bus,bus_station_seoul_cleaned.csv
응봉사거리,,37.55529188,127.034458,bus,bus,bus_station_seoul_cleaned.csv
응봉동현대아파트,,37.54973246,127.0305745,bus,bus,bus_station_seoul_cleaned.csv
응봉동현대아파트,,37.550222,127.0309,bus,bus,bus_station_seoul_cleaned.csv
대현산배수지공원입구,,37.556474,127.0200357,bus,bus,bus_station_seoul_cleaned.csv
신금호역,,37.55560517,127.0201176,bus,bus,bus_station_seoul_cleaned.csv
신금호역,,37.55567687,127.0199214,bus,bus,bus_station_seoul_cleaned.csv
금호고등학교,,37.55347807,127.0219551,bus,bus,bus_station_seoul_cleaned.csv
금호고등학교.금호자이1차아파트입구,,37.55310773,127.0229329,bus,bus,bus_station_seoul_cleaned.csv
금호동벽산아파트,,37.5511644,127.0256791,bus,bus,bus_station_seoul_cleaned.csv
래미안하이리버아파트,,37.55145821,127.0254234,bus,bus,bus_station_seoul_cleaned.csv
금호사거리,,37.54887914,127.0260631,bus,bus,bus_station_seoul_cleaned.csv
금호사거리,,37.54946397,127.0259773,bus,bus,bus_station_seoul_cleaned.csv
금남시장앞.백범학원터,,37.54808522,127.0218686,bus,bus,bus_station_seoul_cleaned.csv
금남시장앞.백범학원터,,37.54828876,127.0224878,bus,bus,bus_station_seoul_cleaned.csv
금호역,,37.54772837,127.016267,bus,bus,bus_station_seoul_cleaned.csv
금호역,,37.54854771,127.0154795,bus,bus,bus_station_seoul_cleaned.csv
금옥초등학교앞,,37.54696731,127.0198923,bus,bus,bus_station_seoul_cleaned.csv
금옥초등학교앞,,37.5462572,127.0182356,bus,bus,bus_station_seoul_cleaned.csv
힐스테이트서울숲리버아파트,,37.54788771,127.0270576,bus,bus,bus_station_seoul_cleaned.csv
삼성래미안아파트앞,,37.54834987,127.0275127,bus,bus,bus_station_seoul_cleaned.csv
옥수삼성아파트.래미안옥수리버젠,,37.54362049,127.0148476,bus,bus,bus_station_seoul_cleaned.csv
옥수삼성아파트.래미안옥수리버젠,,37.54380343,127.0146552,bus,bus,bus_station_seoul_cleaned.csv
미타사입구,,37.54485562,127.0168373,bus,bus,bus_station_seoul_cleaned.csv
래미안옥수리버젠.옥수중앙교회,,37.54591558,127.0148446,bus,bus,bus_station_seoul_cleaned.csv
래미안옥수리버젠.옥수중앙교회,,37.545782,127.014698,bus,bus,bus_station_seoul_cleaned.csv
옥수파크힐스아파트앞,,37.54711609,127.0130389,bus,bus,bus_station_seoul_cleaned.csv
옥수파크힐스아파트앞,,37.54702043,127.013016,bus,bus,bus_station_seoul_cleaned.csv
옥수동회차지,,37.549361,127.012436,bus,bus,bus_station_seoul_cleaned.csv
옥정중학교입구,,37.54090407,127.0113027,bus,bus,bus_station_seoul_cleaned.csv
옥정중학교입구,,37.54087707,127.0109995,bus,bus,bus_station_seoul_cleaned.csv
성수1가1동새마을금고,,37.53822046,127.0495477,bus,bus,bus_station_seoul_cleaned.csv
성수1가새마을금고,,37.5383307,127.0495105,bus,bus,bus_station_seoul_cleaned.csv
천주교성수동성당앞,,37.53937047,127.0461394,bus,bus,bus_station_seoul_cleaned.csv
천주교성수동성당앞,,37.53930553,127.046074,bus,bus,bus_station_seoul_cleaned.csv
뚝도아리수정수센터.수도박물관,,37.54097724,127.0442026,bus,bus,bus_station_seoul_cleaned.csv
뚝도아리수정수센터.수도박물관,,37.541407,127.04399,bus,bus,bus_station_seoul_cleaned.csv
서울숲역2번출구,,37.542958,127.044692,bus,bus,bus_station_seoul_cleaned.csv
서울숲역3번출구,,37.54306294,127.0444981,bus,bus,bus_station_seoul_cleaned.csv
성동구민종합체육센터,,37.54607197,127.0448961,bus,bus,bus_station_seoul_cleaned.csv
성동구민종합체육센터,,37.54649799,127.044534,bus,bus,bus_station_seoul_cleaned.csv
성원중학교후문,,37.53997243,127.050315,bus,bus,bus_station_seoul_cleaned.csv
성원중학교후문,,37.54003883,127.0507596,bus,bus,bus_station_seoul_cleaned.csv
경일초등학교입구,,37.54108002,127.0463724,bus,bus,bus_station_seoul_cleaned.csv
경일초등학교입구,,37.54137975,127.0460161,bus,bus,bus_station_seoul_cleaned.csv
성동교남단.서울숲리버포레,,37.54951636,127.0444566,bus,bus,bus_station_seoul_cleaned.csv
성동교남단.서울숲리버포레,,37.55050752,127.0439628,bus,bus,bus_station_seoul_cleaned.csv
상원,,37.55143713,127.0460506,bus,bus,bus_station_seoul_cleaned.csv
상원,,37.55174774,127.0466619,bus,bus,bus_station_seoul_cleaned.csv
영동대교북단,,37.53694242,127.0607393,bus,bus,bus_station_seoul_cleaned.csv
경수중학교,,37.53976026,127.0624289,bus,bus,bus_station_seoul_cleaned.csv
성수119안전센터,,37.53734169,127.0601321,bus,bus,bus_station_seoul_cleaned.csv
성수119안전센터,,37.537532,127.059997,bus,bus,bus_station_seoul_cleaned.csv
경수중학교,,37.53816503,127.0570118,bus,bus,bus_station_seoul_cleaned.csv
경수중학교,,37.53828654,127.0572982,bus,bus,bus_station_seoul_cleaned.csv
뚝도시장,,37.53858661,127.0553996,bus,bus,bus_station_seoul_cleaned.csv
뚝도시장,,37.53885073,127.0552588,bus,bus,bus_station_seoul_cleaned.csv
성원중.성수2가제1동주민센터,,37.53909394,127.0534265,bus,bus,bus_station_seoul_cleaned.csv
성원중.성수2가제1동주민센터,,37.539511,127.052845,bus,bus,bus_station_seoul_cleaned.csv
서울숲지구대앞,,37.53786772,127.0523417,bus,bus,bus_station_seoul_cleaned.csv
서울숲지구대앞,,37.53805092,127.0522589,bus,bus,bus_station_seoul_cleaned.csv
뚝도시장구길,,37.537192,127.05527,bus,bus,bus_station_seoul_cleaned.csv
뚝도시장구길,,37.53755207,127.0549268,bus,bus,bus_station_seoul_cleaned.csv
성수동진주타운,,37.53661744,127.0574889,bus,bus,bus_station_seoul_cleaned.csv
성수동진주타운,,37.53675909,127.0574923,bus,bus,bus_station_seoul_cleaned.csv
성덕정길입구,,37.536356,127.059982,bus,bus,bus_station_seoul_cleaned.csv
성덕정길입구,,37.53643821,127.0600657,bus,bus,bus_station_seoul_cleaned.csv
화양사거리,,37.54727767,127.0666629,bus,bus,bus_station_seoul_cleaned.csv
성수사거리.성수초등학교,,37.54282189,127.0641613,bus,bus,bus_station_seoul_cleaned.csv
서울효사랑병원,,37.54126364,127.0632745,bus,bus,bus_station_seoul_cleaned.csv
성수2가3동주민센터,,37.54962437,127.0553884,bus,bus,bus_station_seoul_cleaned.csv
제인병원,,37.54935113,127.0568367,bus,bus,bus_station_seoul_cleaned.csv
성동세무서앞,,37.54799468,127.0621854,bus,bus,bus_station_seoul_cleaned.csv
성동세무서,,37.54823913,127.0643373,bus,bus,bus_station_seoul_cleaned.csv
송정동서울숲아이파크,,37.55182548,127.0692473,bus,bus,bus_station_seoul_cleaned.csv
송정동건영아파트,,37.555205,127.07115,bus,bus,bus_station_seoul_cleaned.csv
군자교남단,,37.55753716,127.0724415,bus,bus,bus_station_seoul_cleaned.csv
신답역,,37.57021108,127.0475026,bus,bus,bus_station_seoul_cleaned.csv
용답동로데오거리.답십리역,,37.56570333,127.0539458,bus,bus,bus_station_seoul_cleaned.csv
서울교통공사.서울새활용플라자,,37.5620495,127.0569134,bus,bus,bus_station_seoul_cleaned.csv
뚝섬서울숲,,37.54461804,127.0366012,bus,bus,bus_station_seoul_cleaned.csv
뚝섬서울숲,,37.54567186,127.0363946,bus,bus,bus_station_seoul_cleaned.csv
사근동하이츠아파트앞,,37.56119842,127.048606,bus,bus,bus_station_seoul_cleaned.csv
사근동하이츠아파트앞,,37.56130618,127.0486882,bus,bus,bus_station_seoul_cleaned.csv
사근동주민센터,,37.56081442,127.0456489,bus,bus,bus_station_seoul_cleaned.csv
사근동주민센터,,37.56093153,127.0457112,bus,bus,bus_station_seoul_cleaned.csv
사근고개,,37.56116171,127.0445909,bus,bus,bus_station_seoul_cleaned.csv
사근고개,,37.56125556,127.0445102,bus,bus,bus_station_seoul_cleaned.csv
한양지구대,,37.56021435,127.0420211,bus,bus,bus_station_seoul_cleaned.csv
한양지구대,,37.56024458,127.0419242,bus,bus,bus_station_seoul_cleaned.csv
사근동벽산아파트,,37.5601892,127.0499269,bus,bus,bus_station_seoul_cleaned.csv
뚝섬역8번출구,,37.54769283,127.0455095,bus,bus,bus_station_seoul_cleaned.csv
뚝섬역2번출구,,37.547575,127.046846,bus,bus,bus_station_seoul_cleaned.csv
뚝섬역5번출구,,37.54648034,127.0492754,bus,bus,bus_station_seoul_cleaned.csv
뚝섬역4번출구,,37.54680019,127.0492756,bus,bus,bus_station_seoul_cleaned.csv
성수역1번출구,,37.54541968,127.0538294,bus,bus,bus_station_seoul_cleaned.csv
SK테크노빌딩앞,,37.545888,127.050228,bus,bus,bus_station_seoul_cleaned.csv
SK테크노빌딩앞,,37.54576985,127.0500259,bus,bus,bus_station_seoul_cleaned.csv
경동초등학교입구,,37.54377243,127.0494809,bus,bus,bus_station_seoul_cleaned.csv
경동초등학교입구,,37.5433913,127.0492129,bus,bus,bus_station_seoul_cleaned.csv
경일초등학교앞,,37.54076843,127.0482363,bus,bus,bus_station_seoul_cleaned.csv
경일초등학교앞,,37.54091938,127.0481685,bus,bus,bus_station_seoul_cleaned.csv
한양여대앞,,37.55951,127.0503,bus,bus,bus_station_seoul_cleaned.csv
도선고등학교.꽃재교회,,37.56709321,127.0277828,bus,bus,bus_station_seoul_cleaned.csv
성수역4번출구,,37.544788,127.054582,bus,bus,bus_station_seoul_cleaned.csv
리버하우스,,37.55090026,127.0510061,bus,bus,bus_station_seoul_cleaned.csv
리버하우스,,37.5512302,127.0506905,bus,bus,bus_station_seoul_cleaned.csv
성수사거리,,37.542562,127.062352,bus,bus,bus_station_seoul_cleaned.csv
성수사거리,,37.54279808,127.0623621,bus,bus,bus_station_seoul_cleaned.csv
성동제일새마을금고,,37.5608116,127.0471033,bus,bus,bus_station_seoul_cleaned.csv
성동제일새마을금고,,37.56088413,127.0473013,bus,bus,bus_station_seoul_cleaned.csv
청계9가.텐즈힐2단지정문앞,,37.57074945,127.0255654,bus,bus,bus_station_seoul_cleaned.csv
뚝섬서울숲,,37.54345278,127.0375619,bus,bus,bus_station_seoul_cleaned.csv
서울숲1번출입구,,37.54222306,127.0426959,bus,bus,bus_station_seoul_cleaned.csv
서울숲1번출입구,,37.54197811,127.0429744,bus,bus,bus_station_seoul_cleaned.csv
용답휴식공원,,37.56931211,127.0480538,bus,bus,bus_station_seoul_cleaned.csv
용답휴식공원,,37.56955418,127.0479373,bus,bus,bus_station_seoul_cleaned.csv
성수2가3동주민센터,,37.55042513,127.0542376,bus,bus,bus_station_seoul_cleaned.csv
극동그린아파트앞,,37.54200084,127.0113917,bus,bus,bus_station_seoul_cleaned.csv
마장역,,37.56634697,127.0430338,bus,bus,bus_station_seoul_cleaned.csv
행당신동아.행당푸르지오아파트,,37.55614084,127.0340193,bus,bus,bus_station_seoul_cleaned.csv
숭신초등학교,,37.56716762,127.0281959,bus,bus,bus_station_seoul_cleaned.csv
극동아파트,,37.55809745,127.0239338,bus,bus,bus_station_seoul_cleaned.csv
풍림아파트,,37.55914272,127.0239062,bus,bus,bus_station_seoul_cleaned.csv
벽산아파트,,37.55560229,127.0256886,bus,bus,bus_station_seoul_cleaned.csv
대림아파트,,37.55657383,127.024926,bus,bus,bus_station_seoul_cleaned.csv
행당역,,37.5570009,127.0290983,bus,bus,bus_station_seoul_cleaned.csv
행당역,,37.55707937,127.0287644,bus,bus,bus_station_seoul_cleaned.csv
무학중학교,,37.55839115,127.0330163,bus,bus,bus_station_seoul_cleaned.csv
극동그린아파트,,37.54206463,127.011905,bus,bus,bus_station_seoul_cleaned.csv
성수동차고지,,37.535793,127.055682,bus,bus,bus_station_seoul_cleaned.csv
성수두산위브아파트,,37.53659215,127.0585185,bus,bus,bus_station_seoul_cleaned.csv
왕십리자이.신당현대아파트,,37.560847,127.02363,bus,bus,bus_station_seoul_cleaned.csv
왕십리자이.신당현대아파트,,37.5611519,127.0241021,bus,bus,bus_station_seoul_cleaned.csv
성수두산위브아파트,,37.536507,127.058488,bus,bus,bus_station_seoul_cleaned.csv
우리은행화양동지점,,37.54811642,127.0661377,bus,bus,bus_station_seoul_cleaned.csv
황학교.텐즈힐몰,,37.57005175,127.0236037,bus,bus,bus_station_seoul_cleaned.csv
마장동주민센터,,37.56706321,127.0446425,bus,bus,bus_station_seoul_cleaned.csv
왕십리광장.왕십리역7번출구,,37.56112833,127.0368888,bus,bus,bus_station_seoul_cleaned.csv
왕십리광장.왕십리역4번출구,,37.56136444,127.0371334,bus,bus,bus_station_seoul_cleaned.csv
한양대후문앞,,37.55564329,127.049676,bus,bus,bus_station_seoul_cleaned.csv
왕십리도선동주민센터,,37.56781696,127.0244127,bus,bus,bus_station_seoul_cleaned.csv
한양여대앞,,37.55922439,127.0506193,bus,bus,bus_station_seoul_cleaned.csv
행당중학교,,37.553781,127.043024,bus,bus,bus_station_seoul_cleaned.csv
살곶이체육공원앞,,37.55635904,127.0510192,bus,bus,bus_station_seoul_cleaned.csv
송정동현대아이파크아파트,,37.55218712,127.0686201,bus,bus,bus_station_seoul_cleaned.csv
극동아파트5동,,37.54315954,127.011079,bus,bus,bus_station_seoul_cleaned.csv
대우아파트관리실,,37.54621412,127.0199839,bus,bus,bus_station_seoul_cleaned.csv
신금호역,,37.55459318,127.0204908,bus,bus,bus_station_seoul_cleaned.csv
옥수역.한강버스선착장,,37.541382,127.016845,bus,bus,bus_station_seoul_cleaned.csv
송정동자치회관,,37.55088549,127.0687628,bus,bus,bus_station_seoul_cleaned.csv
대우아파트후문,,37.54693907,127.0216589,bus,bus,bus_station_seoul_cleaned.csv
금호1가동주민센터,,37.55512902,127.0221955,bus,bus,bus_station_seoul_cleaned.csv
왕십리민자역사,,37.56184269,127.0378535,bus,bus,bus_station_seoul_cleaned.csv
무쇠막,,37.54527775,127.0246948,bus,bus,bus_station_seoul_cleaned.csv
송정어린이집,,37.54900258,127.0677474,bus,bus,bus_station_seoul_cleaned.csv
대경생활과학고등학교,,37.55597143,127.017537,bus,bus,bus_station_seoul_cleaned.csv
금북초등학교.e편한세상금호105동,,37.55553782,127.0237361,bus,bus,bus_station_seoul_cleaned.csv
무학여고,,37.55749161,127.0339124,bus,bus,bus_station_seoul_cleaned.csv
힐스테이트서울숲리버,,37.54674459,127.0253856,bus,bus,bus_station_seoul_cleaned.csv
성수SKV1센터1동,,37.54581693,127.0655812,bus,bus,bus_station_seoul_cleaned.csv
극동아파트상가,,37.54291975,127.0121009,bus,bus,bus_station_seoul_cleaned.csv
금호4가동주민센터.대도빌딩,,37.54805265,127.0225635,bus,bus,bus_station_seoul_cleaned.csv
화단삼거리,,37.54841742,127.0198767,bus,bus,bus_station_seoul_cleaned.csv
금호어린이집,,37.5567335,127.0186202,bus,bus,bus_station_seoul_cleaned.csv
논골.금호벽산아파트.성동공유센터,,37.55553949,127.0253044,bus,bus,bus_station_seoul_cleaned.csv
행당서울숲푸르지오상가앞,,37.55561737,127.0338927,bus,bus,bus_station_seoul_cleaned.csv
법학학술정보관,,37.55704033,127.048575,bus,bus,bus_station_seoul_cleaned.csv
성수이비즈센터,,37.5465774,127.0630584,bus,bus,bus_station_seoul_cleaned.csv
한남하이츠아파트,,37.54005431,127.0115923,bus,bus,bus_station_seoul_cleaned.csv
금호사거리,,37.54800159,127.0252691,bus,bus,bus_station_seoul_cleaned.csv
금호산입구,,37.55672209,127.0195737,bus,bus,bus_station_seoul_cleaned.csv
한진아파트후문,,37.5560183,127.0269971,bus,bus,bus_station_seoul_cleaned.csv
신동아아파트후문,,37.55489468,127.0326937,bus,bus,bus_station_seoul_cleaned.csv
올림픽체육관맞은편,,37.55693416,127.0492908,bus,bus,bus_station_seoul_cleaned.csv
경수중학교입구,,37.54351104,127.0600883,bus,bus,bus_station_seoul_cleaned.csv
제일감리교회,,37.54786612,127.0269037,bus,bus,bus_station_seoul_cleaned.csv
신금호역,,37.55438062,127.0196369,bus,bus,bus_station_seoul_cleaned.csv
제3법학관,,37.55623391,127.0486368,bus,bus,bus_station_seoul_cleaned.csv
행당서울숲푸르지오109동앞,,37.55445344,127.0317164,bus,bus,bus_station_seoul_cleaned.csv
벽산아파트정문,,37.5526575,127.0252792,bus,bus,bus_station_seoul_cleaned.csv
성수역2번출구,,37.5442691,127.0576391,bus,bus,bus_station_seoul_cleaned.csv
옥수종합사회복지관,,37.54088049,127.0128519,bus,bus,bus_station_seoul_cleaned.csv
응봉동현대아파트,,37.54980253,127.0307682,bus,bus,bus_station_seoul_cleaned.csv
행당2동주민센터,,37.5577376,127.0306538,bus,bus,bus_station_seoul_cleaned.csv
응봉경로당앞,,37.55262793,127.0316422,bus,bus,bus_station_seoul_cleaned.csv
금호119안전센터,,37.55418706,127.0247308,bus,bus,bus_station_seoul_cleaned.csv
경동초등학교입구,,37.54589389,127.0511563,bus,bus,bus_station_seoul_cleaned.csv
옥수삼성아파트,,37.54063526,127.0139485,bus,bus,bus_station_seoul_cleaned.csv
현대공업사앞,,37.54995073,127.0325678,bus,bus,bus_station_seoul_cleaned.csv
두산상가후문.106동,,37.5491854,127.0167387,bus,bus,bus_station_seoul_cleaned.csv
중앙병원,,37.55196128,127.0193176,bus,bus,bus_station_seoul_cleaned.csv
무학중학교.무학여고,,37.55821,127.0331283,bus,bus,bus_station_seoul_cleaned.csv
만물상회앞,,37.55282727,127.0312234,bus,bus,bus_station_seoul_cleaned.csv
논골사거리,,37.55531503,127.0248124,bus,bus,bus_station_seoul_cleaned.csv
응봉초등학교.대림아파트,,37.55106784,127.0334307,bus,bus,bus_station_seoul_cleaned.csv
한신아파트,,37.55075381,127.0192957,bus,bus,bus_station_seoul_cleaned.csv
올림픽체육관앞,,37.55701511,127.0496304,bus,bus,bus_station_seoul_cleaned.csv
상봉노인정앞,,37.55287394,127.0302832,bus,bus,bus_station_seoul_cleaned.csv
논골신협.대림아파트후문,,37.55770298,127.0245744,bus,bus,bus_station_seoul_cleaned.csv
옥수삼성아파트,,37.54075326,127.0143208,bus,bus,bus_station_seoul_cleaned.csv
응봉역.광희중,,37.55204254,127.0344339,bus,bus,bus_station_seoul_cleaned.csv
우리은행.백범학원터,,37.54800691,127.0211726,bus,bus,bus_station_seoul_cleaned.csv
금호공원,,37.54967696,127.019575,bus,bus,bus_station_seoul_cleaned.csv
대현산체육관입구,,37.5530799,127.0298542,bus,bus,bus_station_seoul_cleaned.csv
한양대학교경영대학,,37.5570854,127.0485298,bus,bus,bus_station_seoul_cleaned.csv
옥수종합사회복지관,,37.54088675,127.0132276,bus,bus,bus_station_seoul_cleaned.csv
대우아파트입구,,37.54598344,127.0191632,bus,bus,bus_station_seoul_cleaned.csv
원형화단,,37.54859296,127.0194898,bus,bus,bus_station_seoul_cleaned.csv
성동구청,,37.56413555,127.0364064,bus,bus,bus_station_seoul_cleaned.csv
금봉어린이집.또또와마트,,37.55290619,127.0288091,bus,bus,bus_station_seoul_cleaned.csv
한양대병원후문,,37.56000511,127.0419652,bus,bus,bus_station_seoul_cleaned.csv
경수중학교입구,,37.54336298,127.0596206,bus,bus,bus_station_seoul_cleaned.csv
옥정중학교,,37.54133299,127.0113322,bus,bus,bus_station_seoul_cleaned.csv
응봉사거리,,37.55486744,127.0345427,bus,bus,bus_station_seoul_cleaned.csv
천은교회.성동청소년상담복지센터,,37.55469568,127.0267907,bus,bus,bus_station_seoul_cleaned.csv
극동아파트상가,,37.54291161,127.0123679,bus,bus,bus_station_seoul_cleaned.csv
무학여고,,37.55771859,127.0342554,bus,bus,bus_station_seoul_cleaned.csv
한전입구,,37.5662652,127.0351185,bus,bus,bus_station_seoul_cleaned.csv
논골입구.성동공유센터,,37.55554964,127.0255716,bus,bus,bus_station_seoul_cleaned.csv
극동아파트7동,,37.54361893,127.012754,bus,bus,bus_station_seoul_cleaned.csv
성동보건소,,37.56649464,127.0331863,bus,bus,bus_station_seoul_cleaned.csv
행당역.대림아파트정문,,37.55704966,127.0286716,bus,bus,bus_station_seoul_cleaned.csv
청계벽산아파트,,37.56826244,127.0303705,bus,bus,bus_station_seoul_cleaned.csv
논골.e편한세상금호114동,,37.55519162,127.0246041,bus,bus,bus_station_seoul_cleaned.csv
코스모타워,,37.56279399,127.0332904,bus,bus,bus_station_seoul_cleaned.csv
화단앞,,37.54862447,127.019654,bus,bus,bus_station_seoul_cleaned.csv
성동사회복지관.청계천박물관,,37.57030347,127.0334778,bus,bus,bus_station_seoul_cleaned.csv
금호119안전센터,,37.55426368,127.0245724,bus,bus,bus_station_seoul_cleaned.csv
왕약국,,37.54834119,127.0655473,bus,bus,bus_station_seoul_cleaned.csv
금호공원,,37.5496508,127.0197742,bus,bus,bus_station_seoul_cleaned.csv
성동구도시관리공단.서울시시설관리공단,,37.57182891,127.0368612,bus,bus,bus_station_seoul_cleaned.csv
e편한세상금호117동,,37.55265763,127.0246822,bus,bus,bus_station_seoul_cleaned.csv
왕십리자이.신당현대아파트,,37.56084707,127.0236902,bus,bus,bus_station_seoul_cleaned.csv
중앙슈퍼,,37.54951566,127.0665318,bus,bus,bus_station_seoul_cleaned.csv
한신아파트,,37.5507583,127.0194078,bus,bus,bus_station_seoul_cleaned.csv
금호고등학교,,37.55309839,127.023553,bus,bus,bus_station_seoul_cleaned.csv
극동.풍림아파트,,37.55904489,127.023641,bus,bus,bus_station_seoul_cleaned.csv
GS25,,37.55030467,127.0671618,bus,bus,bus_station_seoul_cleaned.csv
중앙병원앞,,37.55212796,127.0194715,bus,bus,bus_station_seoul_cleaned.csv
도선동사거리,,37.56676758,127.0365327,bus,bus,bus_station_seoul_cleaned.csv
논골신협.대림아파트후문,,37.55751195,127.0245189,bus,bus,bus_station_seoul_cleaned.csv
송정동자치회관입구,,37.5511351,127.0678257,bus,bus,bus_station_seoul_cleaned.csv
성동구청,,37.56335405,127.036041,bus,bus,bus_station_seoul_cleaned.csv
논골사거리,,37.55612602,127.0247742,bus,bus,bus_station_seoul_cleaned.csv
신금호역,,37.55433559,127.0197856,bus,bus,bus_station_seoul_cleaned.csv
성동중앙교회.벽산아파트정문,,37.55300672,127.0248775,bus,bus,bus_station_seoul_cleaned.csv
무학중학교.무학여고,,37.55842262,127.0332891,bus,bus,bus_station_seoul_cleaned.csv
천은교회.성동청소년상담복지센터,,37.55459194,127.0266661,bus,bus,bus_station_seoul_cleaned.csv
금호어린이집,,37.556743,127.0182315,bus,bus,bus_station_seoul_cleaned.csv
행당2동주민센터,,37.55782957,127.0304206,bus,bus,bus_station_seoul_cleaned.csv
금봉어린이집.또또와마트,,37.55264238,127.0287944,bus,bus,bus_station_seoul_cleaned.csv
대경생활과학고등학교,,37.55606875,127.0175178,bus,bus,bus_station_seoul_cleaned.csv
대현산체육관입구,,37.55296294,127.0297135,bus,bus,bus_station_seoul_cleaned.csv
GS주유소,,37.54681133,127.0251254,bus,bus,bus_station_seoul_cleaned.csv
대림아파트후문,,37.5561715,127.0269327,bus,bus,bus_station_seoul_cleaned.csv
상봉노인정앞,,37.55267311,127.0302182,bus,bus,bus_station_seoul_cleaned.csv
서울숲푸르지오아파트정문,,37.54525619,127.0243938,bus,bus,bus_station_seoul_cleaned.csv
대림상가,,37.55387828,127.0344662,bus,bus,bus_station_seoul_cleaned.csv
충북상회,,37.5527923,127.0310094,bus,bus,bus_station_seoul_cleaned.csv
서울숲푸르지오아파트후문,,37.5435444,127.0228036,bus,bus,bus_station_seoul_cleaned.csv
무학여고,,37.5581244,127.0338768,bus,bus,bus_station_seoul_cleaned.csv
무학여고,,37.55809952,127.0342446,bus,bus,bus_station_seoul_cleaned.csv
응봉사거리,,37.5553019,127.0340902,bus,bus,bus_station_seoul_cleaned.csv
응봉사거리,,37.55508011,127.0344919,bus,bus,bus_station_seoul_cleaned.csv
응봉역.광희중,,37.55220114,127.0344034,bus,bus,bus_station_seoul_cleaned.csv
응봉경로당앞,,37.55238843,127.031694,bus,bus,bus_station_seoul_cleaned.csv
금호초등학교,,37.55268843,127.0194943,bus,bus,bus_station_seoul_cleaned.csv
응봉초등학교.대림아파트,,37.5508021,127.033168,bus,bus,bus_station_seoul_cleaned.csv
행당서울숲푸르지오109동앞,,37.55438612,127.0318012,bus,bus,bus_station_seoul_cleaned.csv
현대공업사앞,,37.55010593,127.0324417,bus,bus,bus_station_seoul_cleaned.csv
신동아아파트후문,,37.55468771,127.0328358,bus,bus,bus_station_seoul_cleaned.csv
신동아아파트,,37.54976756,127.0300982,bus,bus,bus_station_seoul_cleaned.csv
행당서울숲푸르지오상가앞,,37.55557299,127.0340187,bus,bus,bus_station_seoul_cleaned.csv
삼성래미안아파트,,37.54837509,127.0275591,bus,bus,bus_station_seoul_cleaned.csv
금호사거리,,37.5481765,127.0250613,bus,bus,bus_station_seoul_cleaned.csv
금남시장앞.백범학원터,,37.54827449,127.021648,bus,bus,bus_station_seoul_cleaned.csv
왕십리광장.왕십리역7번출구,,37.56104655,127.0365163,bus,bus,bus_station_seoul_cleaned.csv
두산상가후문.106동,,37.54933842,127.0166851,bus,bus,bus_station_seoul_cleaned.csv
극동아파트7동,,37.54372076,127.0126657,bus,bus,bus_station_seoul_cleaned.csv
두산아파트113동,,37.5505885,127.0160758,bus,bus,bus_station_seoul_cleaned.csv
두산아파트109동,,37.54988947,127.0166307,bus,bus,bus_station_seoul_cleaned.csv
극동아파트4동,,37.54353164,127.0115883,bus,bus,bus_station_seoul_cleaned.csv
극동아파트4동,,37.5435055,127.0116845,bus,bus,bus_station_seoul_cleaned.csv
두산아파트109동,,37.54991499,127.016797,bus,bus,bus_station_seoul_cleaned.csv
두산아파트115동,,37.55105588,127.0159607,bus,bus,bus_station_seoul_cleaned.csv
금호역,,37.54854922,127.0169909,bus,bus,bus_station_seoul_cleaned.csv
금호역.두산상가경비실,,37.54861301,127.0166208,bus,bus,bus_station_seoul_cleaned.csv
금호역,,37.54842402,127.0164273,bus,bus,bus_station_seoul_cleaned.csv
금호역.3호선,,37.54829423,127.0166253,bus,bus,bus_station_seoul_cleaned.csv
화단삼거리,,37.54821898,127.0196278,bus,bus,bus_station_seoul_cleaned.csv
두산아파트113동,,37.55078794,127.0162396,bus,bus,bus_station_seoul_cleaned.csv
벽산아파트501동앞,,37.5548867,127.0254385,bus,bus,bus_station_seoul_cleaned.csv
벽산아파트505동앞,,37.55440101,127.0262518,bus,bus,bus_station_seoul_cleaned.csv
벽산아파트111동앞,,37.55306308,127.0267898,bus,bus,bus_station_seoul_cleaned.csv
벽산아파트206동앞,,37.55215254,127.0272674,bus,bus,bus_station_seoul_cleaned.csv
벽산아파트202동앞,,37.55149025,127.0273469,bus,bus,bus_station_seoul_cleaned.csv
벽산하이피아상가앞,,37.55219616,127.0256433,bus,bus,bus_station_seoul_cleaned.csv
우리은행.백범학원터,,37.54826595,127.0211246,bus,bus,bus_station_seoul_cleaned.csv
행당푸르지오아파트,,37.55623906,127.0340035,bus,bus,bus_station_seoul_cleaned.csv
왕십리역,,37.561097,127.036979,bus,bus,bus_station_seoul_cleaned.csv
옥정중학교,,37.54124739,127.0113005,bus,bus,bus_station_seoul_cleaned.csv
옥정중학교,,37.54097445,127.0109935,bus,bus,bus_station_seoul_cleaned.csv
옥수삼성아파트,,37.54360878,127.0148091,bus,bus,bus_station_seoul_cleaned.csv
옥수삼성아파트,,37.54379082,127.0146145,bus,bus,bus_station_seoul_cleaned.csv
금옥초등학교.금호대우아파트,,37.54647457,127.0189291,bus,bus,bus_station_seoul_cleaned.csv
금옥초등학교.금호대우아파트,,37.54658996,127.0186519,bus,bus,bus_station_seoul_cleaned.csv
금호사거리,,37.54797844,127.0241853,bus,bus,bus_station_seoul_cleaned.csv
금호사거리,,37.54817651,127.0250025,bus,bus,bus_station_seoul_cleaned.csv
힐스테이트서울숲리버아파트,,37.54787691,127.0269818,bus,bus,bus_station_seoul_cleaned.csv
금호삼성래미안,,37.54836158,127.0275354,bus,bus,bus_station_seoul_cleaned.csv
응봉현대아파트,,37.5497629,127.0307014,bus,bus,bus_station_seoul_cleaned.csv
응봉현대아파트,,37.55013049,127.0309019,bus,bus,bus_station_seoul_cleaned.csv
응봉주민센터,,37.55344401,127.0335212,bus,bus,bus_station_seoul_cleaned.csv
응봉주민센터,,37.55399906,127.0336018,bus,bus,bus_station_seoul_cleaned.csv
래미안옥수리버젠아파트상가,,37.54437279,127.015727,bus,bus,bus_station_seoul_cleaned.csv
옥수동주민센터.옥수동성당,,37.54360617,127.0140192,bus,bus,bus_station_seoul_cleaned.csv
국민은행,,37.54269716,127.0122219,bus,bus,bus_station_seoul_cleaned.csv
국민은행,,37.5427782,127.0127561,bus,bus,bus_station_seoul_cleaned.csv
옥수동주민센터.옥수동성당,,37.54323766,127.0136717,bus,bus,bus_station_seoul_cleaned.csv
삼성아파트정문,,37.54382678,127.0152935,bus,bus,bus_station_seoul_cleaned.csv
성동노인종합복지관,,37.56520977,127.0414403,bus,bus,bus_station_seoul_cleaned.csv
중앙하이츠아파트,,37.56525269,127.0389001,bus,bus,bus_station_seoul_cleaned.csv
민자역사후문,,37.56354928,127.0383643,bus,bus,bus_station_seoul_cleaned.csv
금호1가동주민센터,,37.55472829,127.0208123,bus,bus,bus_station_seoul_cleaned.csv
금호정형외과,,37.55408677,127.0204579,bus,bus,bus_station_seoul_cleaned.csv
금호고등학교앞,,37.55297995,127.0233929,bus,bus,bus_station_seoul_cleaned.csv
벽산하이피아상가,,37.55196713,127.0260018,bus,bus,bus_station_seoul_cleaned.csv
벽산노인정,,37.55105871,127.0268505,bus,bus,bus_station_seoul_cleaned.csv
벽산아파트107동,,37.55168754,127.0274313,bus,bus,bus_station_seoul_cleaned.csv
벽산아파트109동,,37.55261144,127.0274448,bus,bus,bus_station_seoul_cleaned.csv
벽산아파트505동,,37.55432168,127.0263706,bus,bus,bus_station_seoul_cleaned.csv
벽산아파트501동,,37.5550079,127.0255888,bus,bus,bus_station_seoul_cleaned.csv
광희중학교.응봉역,,37.55191103,127.0350585,bus,bus,bus_station_seoul_cleaned.csv
한신아파트후문,,37.5537403,127.037073,bus,bus,bus_station_seoul_cleaned.csv
한신아파트정문,,37.55483475,127.0353825,bus,bus,bus_station_seoul_cleaned.csv
민자역사후문,,37.56308291,127.0386951,bus,bus,bus_station_seoul_cleaned.csv
중앙하이츠아파트,,37.5650543,127.0384487,bus,bus,bus_station_seoul_cleaned.csv
삼성래미안아파트,,37.56549402,127.0402756,bus,bus,bus_station_seoul_cleaned.csv
금북초등학교입구,,37.55565589,127.0236162,bus,bus,bus_station_seoul_cleaned.csv
대현산배수지공원앞,,37.55517771,127.0220575,bus,bus,bus_station_seoul_cleaned.csv
선영약국,,37.56677218,127.0306172,bus,bus,bus_station_seoul_cleaned.csv
텐즈힐아파트101동.115동,,37.56698243,127.0292796,bus,bus,bus_station_seoul_cleaned.csv
숭신초등학교.도선고등학교앞,,37.56732969,127.0271676,bus,bus,bus_station_seoul_cleaned.csv
왕십리도선동주민센터,,37.56770843,127.0259157,bus,bus,bus_station_seoul_cleaned.csv
텐즈힐아파트120동.213동앞,,37.56912306,127.0260063,bus,bus,bus_station_seoul_cleaned.csv
왕십리중앙교회,,37.57000156,127.0267072,bus,bus,bus_station_seoul_cleaned.csv
청계현대아파트,,37.57016549,127.0430257,bus,bus,bus_station_seoul_cleaned.csv
청계장원아파트,,37.56932918,127.0447486,bus,bus,bus_station_seoul_cleaned.csv
마장2교사거리,,37.56797516,127.0454637,bus,bus,bus_station_seoul_cleaned.csv
마장2교사거리,,37.56818275,127.0456033,bus,bus,bus_station_seoul_cleaned.csv
청계장원아파트,,37.56934274,127.0448455,bus,bus,bus_station_seoul_cleaned.csv
옥수교회,,37.54523715,127.016009,bus,bus,bus_station_seoul_cleaned.csv
텐즈힐아파트107동앞,,37.56956858,127.0285145,bus,bus,bus_station_seoul_cleaned.csv
응봉동현대아파트,,37.54986196,127.030938,bus,bus,bus_station_seoul_cleaned.csv
논골.대림아파트107동.금호동벽산아파트,,37.5558964,127.0249544,bus,bus,bus_station_seoul_cleaned.csv
옥수역5.6번출구.한강버스선착장,,37.541854,127.017002,bus,bus,bus_station_seoul_cleaned.csv
서울숲푸르지오아파트,,37.5450151,127.0237433,bus,bus,bus_station_seoul_cleaned.csv
경일중고등학교,,37.542316,127.049131,bus,bus,bus_station_seoul_cleaned.csv
이마트.서울숲힐스테이트아파트,,37.540121,127.052284,bus,bus,bus_station_seoul_cleaned.csv
서울숲코오롱디지털타워2차,,37.541411,127.05399,bus,bus,bus_station_seoul_cleaned.csv
서울경찰청제6기동단,,37.540076,127.054739,bus,bus,bus_station_seoul_cleaned.csv
한라시그마밸리앞,,37.539647,127.05532,bus,bus,bus_station_seoul_cleaned.csv
성수역3번출구,,37.543842,127.057061,bus,bus,bus_station_seoul_cleaned.csv
서울숲코오롱디지털타워2차,,37.541461,127.053848,bus,bus,bus_station_seoul_cleaned.csv
이마트.서울숲힐스테이트아파트,,37.540528,127.05257,bus,bus,bus_station_seoul_cleaned.csv
현대그린아파트,,37.540523,127.049622,bus,bus,bus_station_seoul_cleaned.csv
성수역3번출구,,37.54355983,127.0566907,bus,bus,bus_station_seoul_cleaned.csv
경일중고등학교,,37.542503,127.04921,bus,bus,bus_station_seoul_cleaned.csv
한라시그마밸리,,37.53990607,127.0551786,bus,bus,bus_station_seoul_cleaned.csv
서울경찰청제6기동단,,37.54022816,127.0547712,bus,bus,bus_station_seoul_cleaned.csv
서울숲역,,37.543869,127.045146,bus,bus,bus_station_seoul_cleaned.csv
성동구민종합체육센터,,37.54527,127.044515,bus,bus,bus_station_seoul_cleaned.csv
서울숲2번출입구,,37.543527,127.04255,bus,bus,bus_station_seoul_cleaned.csv
서울숲9번출입구,,37.54363749,127.0375591,bus,bus,bus_station_seoul_cleaned.csv
옥수역4번출구.한강버스선착장,,37.54181185,127.0176125,bus,bus,bus_station_seoul_cleaned.csv
성수대교북단교차로,,37.54429585,127.035517,bus,bus,bus_station_seoul_cleaned.csv
마장역,,37.56611408,127.0426522,bus,bus,bus_station_seoul_cleaned.csv
마장역,,37.56564741,127.0423948,bus,bus,bus_station_seoul_cleaned.csv
옥정초등학교,,37.54088924,127.0154196,bus,bus,bus_station_seoul_cleaned.csv
e편한세상금호109동,,37.55348259,127.0218758,bus,bus,bus_station_seoul_cleaned.csv
왕십리자이아파트107동,,37.559577,127.025641,bus,bus,bus_station_seoul_cleaned.csv
왕십리풍림아이원아파트102동,,37.559993,127.026382,bus,bus,bus_station_seoul_cleaned.csv
금호베스트빌아파트노인정앞,,37.56187332,127.0250695,bus,bus,bus_station_seoul_cleaned.csv
응봉역.광희중학교,,37.55187861,127.0352979,bus,bus,bus_station_seoul_cleaned.csv
대림강변타운아파트A상가,,37.55479017,127.0357172,bus,bus,bus_station_seoul_cleaned.csv
리버그린동아아파트정문,,37.55349324,127.0375237,bus,bus,bus_station_seoul_cleaned.csv
서울숲리버뷰자이아파트제2주차장,,37.55616527,127.0394073,bus,bus,bus_station_seoul_cleaned.csv
서울숲리버뷰자이아파트제2주차장,,37.55572157,127.0392798,bus,bus,bus_station_seoul_cleaned.csv
서울숲리버뷰자이아파트제1주차장,,37.55419708,127.038889,bus,bus,bus_station_seoul_cleaned.csv
왕십리로교차로,,37.55771977,127.0389354,bus,bus,bus_station_seoul_cleaned.csv
왕십리로교차로,,37.55776761,127.0391339,bus,bus,bus_station_seoul_cleaned.csv
리버그린동아아파트,,37.55334439,127.0382721,bus,bus,bus_station_seoul_cleaned.csv
서울숲리버뷰자이아파트제1주차장,,37.55450974,127.0392367,bus,bus,bus_station_seoul_cleaned.csv
왕십리역6-1번출구,,37.56079238,127.037913,bus,bus,bus_station_seoul_cleaned.csv
행당동서울숲더샵,,37.55780723,127.0397223,bus,bus,bus_station_seoul_cleaned.csv
행당동서울숲더샵,,37.55800088,127.0399091,bus,bus,bus_station_seoul_cleaned.csv
서울숲공원,,37.5420906,127.0425737,bus,bus,bus_station_seoul_cleaned.csv
성수역수제화거리,,37.54515802,127.0546184,bus,bus,bus_station_seoul_cleaned.csv
한양대역,,37.55686515,127.0432471,bus,bus,bus_station_seoul_cleaned.csv
한양대학교병원본관1층,,37.55945987,127.0438016,bus,bus,bus_station_seoul_cleaned.csv
한양대학교병원본관1층,,37.55945161,127.0435712,bus,bus,bus_station_seoul_cleaned.csv
한양대학교병원응급실,,37.55981246,127.0445986,bus,bus,bus_station_seoul_cleaned.csv
한양대학교류마티스병원동관,,37.55997012,127.0446524,bus,bus,bus_station_seoul_cleaned.csv
한양대학교백남학술정보관,,37.55899635,127.0446277,bus,bus,bus_station_seoul_cleaned.csv
한양종합기술연구원.생활과학대학,,37.55906038,127.0449123,bus,bus,bus_station_seoul_cleaned.csv
한양대학교생활과학대학,,37.55680349,127.0465029,bus,bus,bus_station_seoul_cleaned.csv
한양대학교제2의학관,,37.55933134,127.042131,bus,bus,bus_station_seoul_cleaned.csv
한양대학교정문,,37.55777611,127.0421228,bus,bus,bus_station_seoul_cleaned.csv
군자교입구,,37.55874099,127.0756461,bus,bus,bus_station_seoul_cleaned.csv
군자교입구,,37.55879373,127.0749003,bus,bus,bus_station_seoul_cleaned.csv
군자역.용마초등학교,,37.55609891,127.0824731,bus,bus,bus_station_seoul_cleaned.csv
군자역.용마초등학교,,37.55626982,127.0815564,bus,bus,bus_station_seoul_cleaned.csv
중곡동입구삼거리,,37.55449655,127.0865505,bus,bus,bus_station_seoul_cleaned.csv
어린이대공원후문.아차산역,,37.55120847,127.0901492,bus,bus,bus_station_seoul_cleaned.csv
어린이대공원후문.아차산역,,37.5527549,127.0892142,bus,bus,bus_station_seoul_cleaned.csv
중곡동입구삼거리,,37.554926,127.085229,bus,bus,bus_station_seoul_cleaned.csv
새밭교회,,37.54898341,127.0931845,bus,bus,bus_station_seoul_cleaned.csv
새밭교회,,37.54895793,127.0926145,bus,bus,bus_station_seoul_cleaned.csv
광나루역,,37.54574097,127.1026491,bus,bus,bus_station_seoul_cleaned.csv
광나루역,,37.54515886,127.10376,bus,bus,bus_station_seoul_cleaned.csv
군자교,,37.56153286,127.075203,bus,bus,bus_station_seoul_cleaned.csv
군자교,,37.56238618,127.0752287,bus,bus,bus_station_seoul_cleaned.csv
천주교서울대교구홍병철관,,37.55895087,127.077335,bus,bus,bus_station_seoul_cleaned.csv
천주교서울대교구홍병철관,,37.55908662,127.0776319,bus,bus,bus_station_seoul_cleaned.csv
중곡1동주민센터입구,,37.56052242,127.0783835,bus,bus,bus_station_seoul_cleaned.csv
중곡1동주민센터입구,,37.5608783,127.0784037,bus,bus,bus_station_seoul_cleaned.csv
중곡1동사거리,,37.56245368,127.0794725,bus,bus,bus_station_seoul_cleaned.csv
중곡1동사거리,,37.56248135,127.0792818,bus,bus,bus_station_seoul_cleaned.csv
중마초등학교.중곡제일골목시장앞,,37.56498069,127.0808444,bus,bus,bus_station_seoul_cleaned.csv
용마사거리,,37.56229075,127.0818721,bus,bus,bus_station_seoul_cleaned.csv
중곡2동주민센터앞,,37.55988373,127.0808553,bus,bus,bus_station_seoul_cleaned.csv
중곡2동주민센터앞,,37.55984027,127.0811552,bus,bus,bus_station_seoul_cleaned.csv
중곡동성당앞,,37.56316824,127.0829363,bus,bus,bus_station_seoul_cleaned.csv
보건복지행정타운,,37.56388824,127.0833601,bus,bus,bus_station_seoul_cleaned.csv
대원여자고등학교앞,,37.562118,127.087052,bus,bus,bus_station_seoul_cleaned.csv
중곡보건지소,,37.55991949,127.0869846,bus,bus,bus_station_seoul_cleaned.csv
신성시장앞,,37.55831636,127.0876755,bus,bus,bus_station_seoul_cleaned.csv
중곡우체국앞,,37.56157731,127.0838853,bus,bus,bus_station_seoul_cleaned.csv
중곡3동주민센터,,37.56974605,127.0797293,bus,bus,bus_station_seoul_cleaned.csv
중곡3동주민센터,,37.57002722,127.0794405,bus,bus,bus_station_seoul_cleaned.csv
중곡아파트,,37.56640123,127.0778997,bus,bus,bus_station_seoul_cleaned.csv
중곡아파트,,37.56579555,127.077177,bus,bus,bus_station_seoul_cleaned.csv
중마초등학교.중곡제일골목시장앞,,37.56523071,127.0808531,bus,bus,bus_station_seoul_cleaned.csv
중곡역입구,,37.56634043,127.081615,bus,bus,bus_station_seoul_cleaned.csv
중곡역입구,,37.56665978,127.0816482,bus,bus,bus_station_seoul_cleaned.csv
중곡문화체육센터,,37.56853602,127.0827951,bus,bus,bus_station_seoul_cleaned.csv
중곡문화체육센터,,37.56849153,127.0826419,bus,bus,bus_station_seoul_cleaned.csv
면곡시장앞,,37.57079492,127.0832844,bus,bus,bus_station_seoul_cleaned.csv
면곡시장앞,,37.57108313,127.0834488,bus,bus,bus_station_seoul_cleaned.csv
중곡SK아파트.용암사입구,,37.56791599,127.0860566,bus,bus,bus_station_seoul_cleaned.csv
용곡삼거리,,37.56793345,127.0855902,bus,bus,bus_station_seoul_cleaned.csv
중곡역.국립정신건강센터,,37.56604642,127.0845455,bus,bus,bus_station_seoul_cleaned.csv
대원고교앞,,37.56396603,127.0867086,bus,bus,bus_station_seoul_cleaned.csv
중곡SK아파트.용암사입구,,37.567868,127.0863735,bus,bus,bus_station_seoul_cleaned.csv
대원고교앞,,37.56419922,127.0869681,bus,bus,bus_station_seoul_cleaned.csv
대원여자고등학교앞,,37.56269505,127.0873094,bus,bus,bus_station_seoul_cleaned.csv
신성시장,,37.55831895,127.0879298,bus,bus,bus_station_seoul_cleaned.csv
중곡동입구,,37.55419672,127.088669,bus,bus,bus_station_seoul_cleaned.csv
어린이대공원앞,,37.55204586,127.0770315,bus,bus,bus_station_seoul_cleaned.csv
군자역6번출구,,37.55517668,127.0786347,bus,bus,bus_station_seoul_cleaned.csv
구의사거리.광진소방서앞,,37.54524958,127.0839777,bus,bus,bus_station_seoul_cleaned.csv
어린이회관,,37.545612,127.079201,bus,bus,bus_station_seoul_cleaned.csv
구의사거리.광진소방서앞,,37.54499866,127.0843024,bus,bus,bus_station_seoul_cleaned.csv
광진경찰서,,37.54153366,127.0836883,bus,bus,bus_station_seoul_cleaned.csv
광진경찰서,,37.54308737,127.0846474,bus,bus,bus_station_seoul_cleaned.csv
광진경찰서,,37.54221011,127.0842427,bus,bus,bus_station_seoul_cleaned.csv
NH농협은행자양로지점,,37.53896485,127.0834074,bus,bus,bus_station_seoul_cleaned.csv
광진구청.구의역2번출구,,37.53770269,127.0879773,bus,bus,bus_station_seoul_cleaned.csv
래미안구의파크스위트,,37.54471589,127.0890122,bus,bus,bus_station_seoul_cleaned.csv
구의2동주민센터입구,,37.54925157,127.0897847,bus,bus,bus_station_seoul_cleaned.csv
구의2동주민센터입구,,37.54864168,127.0895859,bus,bus,bus_station_seoul_cleaned.csv
구의사거리,,37.54565109,127.085747,bus,bus,bus_station_seoul_cleaned.csv
구의사거리,,37.54581736,127.0863481,bus,bus,bus_station_seoul_cleaned.csv
래미안구의파크스위트,,37.54496382,127.0890507,bus,bus,bus_station_seoul_cleaned.csv
현대아파트앞,,37.5395525,127.0940087,bus,bus,bus_station_seoul_cleaned.csv
현대아파트앞,,37.53964377,127.0941743,bus,bus,bus_station_seoul_cleaned.csv
광진우체국,,37.537998,127.090409,bus,bus,bus_station_seoul_cleaned.csv
강변역A,,37.5361137,127.0937169,bus,bus,bus_station_seoul_cleaned.csv
테크노마트앞.강변역,,37.53686451,127.093755,bus,bus,bus_station_seoul_cleaned.csv
구의현대2단지아파트,,37.53785337,127.0965425,bus,bus,bus_station_seoul_cleaned.csv
광장동금호베스트빌,,37.5433927,127.09321,bus,bus,bus_station_seoul_cleaned.csv
광장동금호베스트빌,,37.54338872,127.0936876,bus,bus,bus_station_seoul_cleaned.csv
광장동현대아파트앞,,37.54190911,127.0977641,bus,bus,bus_station_seoul_cleaned.csv
광장동현대아파트앞,,37.54207254,127.0989722,bus,bus,bus_station_seoul_cleaned.csv
광나루역.극동아파트,,37.5435355,127.1029629,bus,bus,bus_station_seoul_cleaned.csv
광나루역.극동아파트,,37.54424248,127.1033203,bus,bus,bus_station_seoul_cleaned.csv
어린이대공원역2번출구,,37.546984,127.075378,bus,bus,bus_station_seoul_cleaned.csv
워커힐아파트.광장동,,37.54789576,127.106715,bus,bus,bus_station_seoul_cleaned.csv
워커힐아파트앞,,37.55049601,127.1090264,bus,bus,bus_station_seoul_cleaned.csv
워커힐입구,,37.55061343,127.1087232,bus,bus,bus_station_seoul_cleaned.csv
NH농협은행자양로지점,,37.53876278,127.0831892,bus,bus,bus_station_seoul_cleaned.csv
자양사거리,,37.53693378,127.0824321,bus,bus,bus_station_seoul_cleaned.csv
자양사거리,,37.5367503,127.0821045,bus,bus,bus_station_seoul_cleaned.csv
자양초등학교앞,,37.53794785,127.0784674,bus,bus,bus_station_seoul_cleaned.csv
자양초등학교앞,,37.53742286,127.0792651,bus,bus,bus_station_seoul_cleaned.csv
건국대학교앞,,37.53874521,127.0750483,bus,bus,bus_station_seoul_cleaned.csv
자양미소약국.자양골목시장,,37.53275,127.077319,bus,bus,bus_station_seoul_cleaned.csv
자양동우체국.중앙농협,,37.53157273,127.0814131,bus,bus,bus_station_seoul_cleaned.csv
자양하늘채베르아파트앞,,37.53219224,127.084608,bus,bus,bus_station_seoul_cleaned.csv
자양동잠실대교북단,,37.53295532,127.0848057,bus,bus,bus_station_seoul_cleaned.csv
신자초등학교앞,,37.53044032,127.0749155,bus,bus,bus_station_seoul_cleaned.csv
자양미소약국.자양골목시장,,37.53270034,127.0768713,bus,bus,bus_station_seoul_cleaned.csv
자양동우체국.중앙농협,,37.53153084,127.0807387,bus,bus,bus_station_seoul_cleaned.csv
동서울우편집중국앞,,37.53505211,127.0843377,bus,bus,bus_station_seoul_cleaned.csv
자양하늘채베르아파트앞,,37.53197322,127.0846733,bus,bus,bus_station_seoul_cleaned.csv
자양동잠실대교북단,,37.53212015,127.0858514,bus,bus,bus_station_seoul_cleaned.csv
자양2동주민센터,,37.527949,127.08517,bus,bus,bus_station_seoul_cleaned.csv
구립행복마루어린이집,,37.527743,127.082213,bus,bus,bus_station_seoul_cleaned.csv
자양한강도서관,,37.528429,127.078333,bus,bus,bus_station_seoul_cleaned.csv
광진구청.구의역3번출구,,37.53751863,127.0882894,bus,bus,bus_station_seoul_cleaned.csv
자양한강전통시장,,37.53557191,127.0668747,bus,bus,bus_station_seoul_cleaned.csv
신양초등학교앞,,37.53491182,127.0692877,bus,bus,bus_station_seoul_cleaned.csv
신양초등학교앞,,37.53523371,127.0689474,bus,bus,bus_station_seoul_cleaned.csv
뚝도변전소앞,,37.536091,127.0689076,bus,bus,bus_station_seoul_cleaned.csv
광진문화예술회관,,37.53856525,127.0701692,bus,bus,bus_station_seoul_cleaned.csv
건국대학교앞,,37.53844611,127.0748754,bus,bus,bus_station_seoul_cleaned.csv
신자초등학교앞,,37.530768,127.074922,bus,bus,bus_station_seoul_cleaned.csv
자양우성아파트앞,,37.53379524,127.0734113,bus,bus,bus_station_seoul_cleaned.csv
자양우성아파트앞,,37.53394696,127.0734067,bus,bus,bus_station_seoul_cleaned.csv
자양고교앞,,37.53457909,127.0711714,bus,bus,bus_station_seoul_cleaned.csv
자양고교앞,,37.53431586,127.0713601,bus,bus,bus_station_seoul_cleaned.csv
대동아파트앞,,37.536419,127.068967,bus,bus,bus_station_seoul_cleaned.csv
노룬산골목시장,,37.53572933,127.0672016,bus,bus,bus_station_seoul_cleaned.csv
영동교골목시장,,37.53950299,127.0626913,bus,bus,bus_station_seoul_cleaned.csv
건대입구역6번출구,,37.54082688,127.0672789,bus,bus,bus_station_seoul_cleaned.csv
건대로데오거리입구,,37.539081,127.070158,bus,bus,bus_station_seoul_cleaned.csv
롯데캐슬리버파크시그니처아파트,,37.53680587,127.0629447,bus,bus,bus_station_seoul_cleaned.csv
영동대교북단,,37.53671469,127.0611888,bus,bus,bus_station_seoul_cleaned.csv
롯데캐슬리버파크시그니처아파트,,37.53660675,127.0628993,bus,bus,bus_station_seoul_cleaned.csv
자양역1번출구,,37.53380284,127.0679167,bus,bus,bus_station_seoul_cleaned.csv
자양4동주민센터앞,,37.533632,127.067497,bus,bus,bus_station_seoul_cleaned.csv
성수사거리,,37.54315851,127.0647766,bus,bus,bus_station_seoul_cleaned.csv
화양사거리,,37.54723184,127.0670886,bus,bus,bus_station_seoul_cleaned.csv
광진광장,,37.54771517,127.0715209,bus,bus,bus_station_seoul_cleaned.csv
어린이대공원역4번출구,,37.54662164,127.0736285,bus,bus,bus_station_seoul_cleaned.csv
한아름공원,,37.54371609,127.072218,bus,bus,bus_station_seoul_cleaned.csv
건대입구역사거리.건대병원,,37.548983,127.093185,bus,bus,bus_station_seoul_cleaned.csv
건대입구역1번출구,,37.54089575,127.0681673,bus,bus,bus_station_seoul_cleaned.csv
어린이대공원역3번출구,,37.54680458,127.0751469,bus,bus,bus_station_seoul_cleaned.csv
건대입구역사거리.건대병원,,37.54081986,127.0712485,bus,bus,bus_station_seoul_cleaned.csv
어린이회관,,37.54527222,127.0795953,bus,bus,bus_station_seoul_cleaned.csv
천주교화양동성당,,37.54590439,127.0735882,bus,bus,bus_station_seoul_cleaned.csv
송정동서울숲아이파크,,37.55170446,127.0695975,bus,bus,bus_station_seoul_cleaned.csv
송정동건영아파트,,37.55475377,127.0712986,bus,bus,bus_station_seoul_cleaned.csv
군자교남단,,37.55741097,127.0727879,bus,bus,bus_station_seoul_cleaned.csv
중앙농협군자지점,,37.55770855,127.0767091,bus,bus,bus_station_seoul_cleaned.csv
중앙농협군자지점,,37.55715628,127.0765591,bus,bus,bus_station_seoul_cleaned.csv
능동우편취급국,,37.55616091,127.0760329,bus,bus,bus_station_seoul_cleaned.csv
군자동주민센터,,37.55497555,127.0752869,bus,bus,bus_station_seoul_cleaned.csv
군자동주민센터,,37.55464662,127.0753228,bus,bus,bus_station_seoul_cleaned.csv
세종초등학교.세종사이버대학교앞,,37.55352488,127.0733967,bus,bus,bus_station_seoul_cleaned.csv
세종초교앞,,37.55386665,127.0743618,bus,bus,bus_station_seoul_cleaned.csv
군자새마을금고.성동광진위센터,,37.55185121,127.0713225,bus,bus,bus_station_seoul_cleaned.csv
군자새마을금고앞,,37.55135665,127.0710878,bus,bus,bus_station_seoul_cleaned.csv
장안초등학교,,37.54869231,127.0707548,bus,bus,bus_station_seoul_cleaned.csv
장안초등학교,,37.54858017,127.0704836,bus,bus,bus_station_seoul_cleaned.csv
화양사거리,,37.5483289,127.0686842,bus,bus,bus_station_seoul_cleaned.csv
광진광장,,37.54800515,127.0715411,bus,bus,bus_station_seoul_cleaned.csv
어린이대공원앞.세종대학교,,37.549752,127.07544,bus,bus,bus_station_seoul_cleaned.csv
능동교회앞,,37.55287399,127.0769927,bus,bus,bus_station_seoul_cleaned.csv
군자역7번출구,,37.556322,127.07882,bus,bus,bus_station_seoul_cleaned.csv
아차산역삼거리,,37.55458123,127.086786,bus,bus,bus_station_seoul_cleaned.csv
용마초등학교,,37.55654226,127.0817237,bus,bus,bus_station_seoul_cleaned.csv
아차산역2번출구,,37.55086668,127.0905076,bus,bus,bus_station_seoul_cleaned.csv
서울화양동우체국,,37.54811041,127.0687744,bus,bus,bus_station_seoul_cleaned.csv
중곡동입구,,37.55479896,127.0882622,bus,bus,bus_station_seoul_cleaned.csv
제일은행사거리,,37.53355053,127.0747506,bus,bus,bus_station_seoul_cleaned.csv
동곡삼거리,,37.56367394,127.0779539,bus,bus,bus_station_seoul_cleaned.csv
건대병원입구,,37.54210848,127.0714728,bus,bus,bus_station_seoul_cleaned.csv
광진청소년센터,,37.54595149,127.1053745,bus,bus,bus_station_seoul_cleaned.csv
강변역B,,37.53605415,127.0937384,bus,bus,bus_station_seoul_cleaned.csv
테크노마트앞.강변역,,37.53690502,127.0938031,bus,bus,bus_station_seoul_cleaned.csv
중곡동성당,,37.56276542,127.0824011,bus,bus,bus_station_seoul_cleaned.csv
보건복지행정타운,,37.56437307,127.0833027,bus,bus,bus_station_seoul_cleaned.csv
중곡역.국립정신건강센터,,37.5662295,127.084325,bus,bus,bus_station_seoul_cleaned.csv
용곡삼거리,,37.5685783,127.0855998,bus,bus,bus_station_seoul_cleaned.csv
구의3동주민센터,,37.53906841,127.0925471,bus,bus,bus_station_seoul_cleaned.csv
구의3동주민센터,,37.53904849,127.0921001,bus,bus,bus_station_seoul_cleaned.csv
광진구민체육센터,,37.54690811,127.1078575,bus,bus,bus_station_seoul_cleaned.csv
광나루우편취급국,,37.54740233,127.1063093,bus,bus,bus_station_seoul_cleaned.csv
중곡4동경로당입구앞,,37.55913062,127.0939631,bus,bus,bus_station_seoul_cleaned.csv
중곡아파트.종점,,37.56637898,127.0779156,bus,bus,bus_station_seoul_cleaned.csv
긴고랑종점,,37.56219447,127.0960429,bus,bus,bus_station_seoul_cleaned.csv
정보도서관,,37.55024867,127.1104622,bus,bus,bus_station_seoul_cleaned.csv
강원설비앞,,37.55900294,127.0901359,bus,bus,bus_station_seoul_cleaned.csv
강원설비앞,,37.55884901,127.0899354,bus,bus,bus_station_seoul_cleaned.csv
중앙상회앞,,37.560159,127.0947975,bus,bus,bus_station_seoul_cleaned.csv
포제스한강아파트,,37.54845463,127.1094523,bus,bus,bus_station_seoul_cleaned.csv
중곡4동경로당입구앞,,37.55919254,127.0942812,bus,bus,bus_station_seoul_cleaned.csv
중곡아파트.기점,,37.56687684,127.0781638,bus,bus,bus_station_seoul_cleaned.csv
대순진리회,,37.56144173,127.0871709,bus,bus,bus_station_seoul_cleaned.csv
CU중곡긴고랑점앞,,37.558916,127.0930312,bus,bus,bus_station_seoul_cleaned.csv
광나루현대아파트,,37.54672174,127.107587,bus,bus,bus_station_seoul_cleaned.csv
긴고랑주차장,,37.56096064,127.0956309,bus,bus,bus_station_seoul_cleaned.csv
신성시장입구,,37.55852697,127.0880097,bus,bus,bus_station_seoul_cleaned.csv
중곡4동어린이집입구,,37.55868455,127.0917044,bus,bus,bus_station_seoul_cleaned.csv
신동아아파트,,37.54635129,127.1053289,bus,bus,bus_station_seoul_cleaned.csv
마을금고.브레드제과점,,37.55763396,127.0892469,bus,bus,bus_station_seoul_cleaned.csv
긴고랑입구,,37.558877,127.0886688,bus,bus,bus_station_seoul_cleaned.csv
우리들약국,,37.55690148,127.0902851,bus,bus,bus_station_seoul_cleaned.csv
광남고.삼성아파트,,37.54194779,127.1014183,bus,bus,bus_station_seoul_cleaned.csv
해오름공원입구,,37.55630792,127.0911231,bus,bus,bus_station_seoul_cleaned.csv
현대3차아파트,,37.54046519,127.0996487,bus,bus,bus_station_seoul_cleaned.csv
용마사거리,,37.56244604,127.0814331,bus,bus,bus_station_seoul_cleaned.csv
기원정사입구,,37.55488262,127.0931372,bus,bus,bus_station_seoul_cleaned.csv
송림식당앞,,37.53682211,127.07663,bus,bus,bus_station_seoul_cleaned.csv
중곡우체국앞,,37.56116374,127.0840578,bus,bus,bus_station_seoul_cleaned.csv
영화사입구,,37.55422855,127.0941176,bus,bus,bus_station_seoul_cleaned.csv
군자역,,37.55787481,127.0800823,bus,bus,bus_station_seoul_cleaned.csv
강변역.테크노마트앞,,37.53639347,127.094859,bus,bus,bus_station_seoul_cleaned.csv
자양중학교앞,,37.53469053,127.0759964,bus,bus,bus_station_seoul_cleaned.csv
구의2동주택가공동주차장,,37.55321006,127.0932969,bus,bus,bus_station_seoul_cleaned.csv
롯데프레시아차산점.한사랑약국,,37.55181874,127.0921939,bus,bus,bus_station_seoul_cleaned.csv
구의역,,37.53823879,127.0892373,bus,bus,bus_station_seoul_cleaned.csv
배건태한의원.로엘동물병원,,37.53198601,127.0792388,bus,bus,bus_station_seoul_cleaned.csv
아차산역사거리,,37.55072155,127.0913081,bus,bus,bus_station_seoul_cleaned.csv
중곡보건지소,,37.55953058,127.0870747,bus,bus,bus_station_seoul_cleaned.csv
썬더치킨앞,,37.54155063,127.0900165,bus,bus,bus_station_seoul_cleaned.csv
영동대교입구.성수사거리,,37.54282551,127.0645259,bus,bus,bus_station_seoul_cleaned.csv
선화예고앞,,37.54948475,127.0900588,bus,bus,bus_station_seoul_cleaned.csv
긴고랑입구,,37.55873643,127.0886687,bus,bus,bus_station_seoul_cleaned.csv
구의홈마트앞,,37.54029022,127.089723,bus,bus,bus_station_seoul_cleaned.csv
화양동현대아파트,,37.54398276,127.0652402,bus,bus,bus_station_seoul_cleaned.csv
성자초등학교앞,,37.53130001,127.0822557,bus,bus,bus_station_seoul_cleaned.csv
한국켄트외국인학교,,37.54772999,127.0880988,bus,bus,bus_station_seoul_cleaned.csv
중곡4동어린이집입구,,37.55851698,127.0916679,bus,bus,bus_station_seoul_cleaned.csv
래미안구의파크스위트사거리,,37.54404893,127.0906,bus,bus,bus_station_seoul_cleaned.csv
성수대우프레시아1차아파트,,37.54529434,127.0659848,bus,bus,bus_station_seoul_cleaned.csv
CU중곡긴고랑점앞,,37.55875923,127.0930028,bus,bus,bus_station_seoul_cleaned.csv
화양사거리.SKV1센터,,37.54625796,127.0664105,bus,bus,bus_station_seoul_cleaned.csv
본하이츠빌.삼부빌딩,,37.53295012,127.0870099,bus,bus,bus_station_seoul_cleaned.csv
중앙상회앞,,37.56015779,127.0949721,bus,bus,bus_station_seoul_cleaned.csv
성동초등학교,,37.53361444,127.0891357,bus,bus,bus_station_seoul_cleaned.csv
광장중학교앞,,37.54679033,127.1024015,bus,bus,bus_station_seoul_cleaned.csv
구의아크로리버앞,,37.53529269,127.0921363,bus,bus,bus_station_seoul_cleaned.csv
구의역4번출구,,37.53665431,127.0848371,bus,bus,bus_station_seoul_cleaned.csv
장신대앞,,37.54753936,127.1052274,bus,bus,bus_station_seoul_cleaned.csv
강변역A,,37.535988,127.093833,bus,bus,bus_station_seoul_cleaned.csv
워커힐아파트입구,,37.54788634,127.1065941,bus,bus,bus_station_seoul_cleaned.csv
동서울호텔앞,,37.5345921,127.092049,bus,bus,bus_station_seoul_cleaned.csv
워커힐아파트,,37.55000352,127.1075883,bus,bus,bus_station_seoul_cleaned.csv
성동초등학교,,37.53371538,127.0891188,bus,bus,bus_station_seoul_cleaned.csv
본하이츠빌.삼부빌딩,,37.53306994,127.0870462,bus,bus,bus_station_seoul_cleaned.csv
워커힐아파트입구,,37.54807986,127.1065164,bus,bus,bus_station_seoul_cleaned.csv
구의역1번출구,,37.53692986,127.0847883,bus,bus,bus_station_seoul_cleaned.csv
장신대앞,,37.54763045,127.1051324,bus,bus,bus_station_seoul_cleaned.csv
성자초등학교앞,,37.53151966,127.0825683,bus,bus,bus_station_seoul_cleaned.csv
광장중학교앞,,37.54694794,127.1024889,bus,bus,bus_station_seoul_cleaned.csv
광진경찰서앞,,37.54234688,127.0843546,bus,bus,bus_station_seoul_cleaned.csv
양진중학교.재한몽골학교,,37.54544335,127.0979657,bus,bus,bus_station_seoul_cleaned.csv
국립정신건강센터,,37.56540643,127.0864986,bus,bus,bus_station_seoul_cleaned.csv
자양동,,37.5356142,127.0676371,bus,bus,bus_station_seoul_cleaned.csv
자양동,,37.53563492,127.066848,bus,bus,bus_station_seoul_cleaned.csv
배건태한의원.로엘동물병원,,37.53227793,127.07903,bus,bus,bus_station_seoul_cleaned.csv
청구아파트앞,,37.5423896,127.0967938,bus,bus,bus_station_seoul_cleaned.csv
광장자이아파트,,37.54225284,127.0949239,bus,bus,bus_station_seoul_cleaned.csv
서울서광교회앞,,37.54758473,127.088351,bus,bus,bus_station_seoul_cleaned.csv
자양중학교앞,,37.53463538,127.0762758,bus,bus,bus_station_seoul_cleaned.csv
래미안구의파크스위트사거리,,37.54413013,127.0904643,bus,bus,bus_station_seoul_cleaned.csv
자양1파출소앞,,37.53676516,127.0769071,bus,bus,bus_station_seoul_cleaned.csv
면곡시장,,37.57146241,127.081375,bus,bus,bus_station_seoul_cleaned.csv
동곡삼거리,,37.56380213,127.0782625,bus,bus,bus_station_seoul_cleaned.csv
광진구의회,,37.53919695,127.0701166,bus,bus,bus_station_seoul_cleaned.csv
광진구의회,,37.53833605,127.0700807,bus,bus,bus_station_seoul_cleaned.csv
건대입구역,,37.54338045,127.072093,bus,bus,bus_station_seoul_cleaned.csv
건대입구역,,37.54228033,127.0719007,bus,bus,bus_station_seoul_cleaned.csv
세종대학교,,37.54986166,127.0755659,bus,bus,bus_station_seoul_cleaned.csv
세종대학교,,37.54985505,127.076031,bus,bus,bus_station_seoul_cleaned.csv
군자역,,37.5563636,127.0788605,bus,bus,bus_station_seoul_cleaned.csv
군자역,,37.55521313,127.0786411,bus,bus,bus_station_seoul_cleaned.csv
롯데프레시아차산점.한사랑약국,,37.55177449,127.0923105,bus,bus,bus_station_seoul_cleaned.csv
세븐일레븐구의중앙로점앞,,37.54156336,127.0898705,bus,bus,bus_station_seoul_cleaned.csv
구의2동주택가공동주차장,,37.5531415,127.0933919,bus,bus,bus_station_seoul_cleaned.csv
구의홈마트앞,,37.54031918,127.0895646,bus,bus,bus_station_seoul_cleaned.csv
종로약국앞,,37.55758796,127.0881059,bus,bus,bus_station_seoul_cleaned.csv
영화사입구,,37.55408344,127.0941503,bus,bus,bus_station_seoul_cleaned.csv
구의역,,37.53827585,127.0890926,bus,bus,bus_station_seoul_cleaned.csv
기원정사입구,,37.55517376,127.0930356,bus,bus,bus_station_seoul_cleaned.csv
테크노마트.광진문화원,,37.53702053,127.0961012,bus,bus,bus_station_seoul_cleaned.csv
해오름공원입구,,37.55633026,127.0913642,bus,bus,bus_station_seoul_cleaned.csv
프라임아파트앞,,37.53783797,127.0970324,bus,bus,bus_station_seoul_cleaned.csv
용마사거리,,37.56275704,127.0812432,bus,bus,bus_station_seoul_cleaned.csv
우리들약국,,37.55704379,127.090369,bus,bus,bus_station_seoul_cleaned.csv
현대3.5차아파트,,37.54077907,127.1003519,bus,bus,bus_station_seoul_cleaned.csv
마을금고앞,,37.55773117,127.089393,bus,bus,bus_station_seoul_cleaned.csv
광남고.삼성아파트,,37.54234308,127.1017493,bus,bus,bus_station_seoul_cleaned.csv
자양종합복지관앞,,37.53246499,127.0754295,bus,bus,bus_station_seoul_cleaned.csv
신성시장입구,,37.5586702,127.088063,bus,bus,bus_station_seoul_cleaned.csv
대순진리회,,37.56095484,127.0875677,bus,bus,bus_station_seoul_cleaned.csv
대원외고앞,,37.56324484,127.0871413,bus,bus,bus_station_seoul_cleaned.csv
광나루현대아파트,,37.54669365,127.1077533,bus,bus,bus_station_seoul_cleaned.csv
중곡4동파출소,,37.56541945,127.0867703,bus,bus,bus_station_seoul_cleaned.csv
포제스한강아파트,,37.54827454,127.1093151,bus,bus,bus_station_seoul_cleaned.csv
워커힐팰리스,,37.55001332,127.1096719,bus,bus,bus_station_seoul_cleaned.csv
워커힐호텔비스타워커힐,,37.5542416,127.1102655,bus,bus,bus_station_seoul_cleaned.csv
아차산역사거리,,37.55067193,127.0914351,bus,bus,bus_station_seoul_cleaned.csv
중곡119안전센터,,37.566684,127.0863,bus,bus,bus_station_seoul_cleaned.csv
구의3동주민센터,,37.53801046,127.0916151,bus,bus,bus_station_seoul_cleaned.csv
뚝섬유원지,,37.53118236,127.0668304,bus,bus,bus_station_seoul_cleaned.csv
건국대입구,,37.54111501,127.0675636,bus,bus,bus_station_seoul_cleaned.csv
광장자이아파트,,37.54216725,127.0949109,bus,bus,bus_station_seoul_cleaned.csv
양진중학교.재한몽골학교,,37.54524056,127.0980186,bus,bus,bus_station_seoul_cleaned.csv
청구아파트앞,,37.54326056,127.0961816,bus,bus,bus_station_seoul_cleaned.csv
용마사거리,,37.56185329,127.0822105,bus,bus,bus_station_seoul_cleaned.csv
강변역.테크노마트앞,,37.53634111,127.0947896,bus,bus,bus_station_seoul_cleaned.csv
답십리역사거리,,37.56518709,127.0550605,bus,bus,bus_station_seoul_cleaned.csv
청년회의소,,37.56196532,127.0612838,bus,bus,bus_station_seoul_cleaned.csv
장한평역,,37.56115106,127.067287,bus,bus,bus_station_seoul_cleaned.csv
신답초등학교.청계한신휴플러스,,37.571753,127.044292,bus,bus,bus_station_seoul_cleaned.csv
신답초등학교.청계한신휴플러스,,37.57175591,127.0447281,bus,bus,bus_station_seoul_cleaned.csv
동대문구청,,37.57409545,127.0383272,bus,bus,bus_station_seoul_cleaned.csv
서울시동부병원,,37.57392925,127.0309536,bus,bus,bus_station_seoul_cleaned.csv
신설동역.서울풍물시장,,37.57442791,127.0257177,bus,bus,bus_station_seoul_cleaned.csv
중랑교,,37.59169961,127.067704,bus,bus,bus_station_seoul_cleaned.csv
중랑교,,37.59142462,127.0668384,bus,bus,bus_station_seoul_cleaned.csv
삼육서울병원,,37.58969128,127.0606859,bus,bus,bus_station_seoul_cleaned.csv
삼육서울병원,,37.58999245,127.0619514,bus,bus,bus_station_seoul_cleaned.csv
시조사삼거리,,37.588707,127.056888,bus,bus,bus_station_seoul_cleaned.csv
떡전교사거리.동대문노인복지관,,37.58644391,127.0520112,bus,bus,bus_station_seoul_cleaned.csv
청량리역환승센터,,37.58040251,127.0454307,bus,bus,bus_station_seoul_cleaned.csv
청량리역환승센터,,37.58025088,127.0460771,bus,bus,bus_station_seoul_cleaned.csv
동대문구청,,37.57345887,127.0399889,bus,bus,bus_station_seoul_cleaned.csv
청량리역환승센터,,37.58022407,127.0457513,bus,bus,bus_station_seoul_cleaned.csv
청량리역환승센터,,37.58030292,127.0457231,bus,bus,bus_station_seoul_cleaned.csv
청량리역환승센터,,37.58071526,127.0453667,bus,bus,bus_station_seoul_cleaned.csv
청량리미주아파트.동대문세무서,,37.58278,127.048395,bus,bus,bus_station_seoul_cleaned.csv
청량리청과물도매시장,,37.57879112,127.0406051,bus,bus,bus_station_seoul_cleaned.csv
제기동역.서울약령시,,37.57814334,127.0377802,bus,bus,bus_station_seoul_cleaned.csv
제기동역.서울약령시,,37.57821362,127.0365751,bus,bus,bus_station_seoul_cleaned.csv
용두동사거리,,37.57753206,127.0299882,bus,bus,bus_station_seoul_cleaned.csv
용두동사거리.한국의류시험연구원,,37.57715265,127.0282789,bus,bus,bus_station_seoul_cleaned.csv
신설동역,,37.57615004,127.0250446,bus,bus,bus_station_seoul_cleaned.csv
신설동역,,37.5758268,127.0238433,bus,bus,bus_station_seoul_cleaned.csv
신설동역,,37.57645359,127.0255837,bus,bus,bus_station_seoul_cleaned.csv
신설동역,,37.57624536,127.025947,bus,bus,bus_station_seoul_cleaned.csv
용두동한국의류시험연구원,,37.57751877,127.0291142,bus,bus,bus_station_seoul_cleaned.csv
용두로타리한국의류시험연구원,,37.57725646,127.029482,bus,bus,bus_station_seoul_cleaned.csv
제기역약령시장,,37.57829702,127.0366096,bus,bus,bus_station_seoul_cleaned.csv
제기역약령시장,,37.57805354,127.0368349,bus,bus,bus_station_seoul_cleaned.csv
신설동역1번출구,,37.57663033,127.0233167,bus,bus,bus_station_seoul_cleaned.csv
청계한신휴플러스,,37.571799,127.044109,bus,bus,bus_station_seoul_cleaned.csv
청량리미주상가앞,,37.58189023,127.047678,bus,bus,bus_station_seoul_cleaned.csv
서울성심병원,,37.58439239,127.0502443,bus,bus,bus_station_seoul_cleaned.csv
서울성심병원,,37.58460747,127.0508977,bus,bus,bus_station_seoul_cleaned.csv
시조사,,37.58684878,127.0522796,bus,bus,bus_station_seoul_cleaned.csv
휘경동입구,,37.58766448,127.0552071,bus,bus,bus_station_seoul_cleaned.csv
삼육서울병원,,37.58976565,127.0606123,bus,bus,bus_station_seoul_cleaned.csv
래미안라그란데아파트,,37.600355,127.06193,bus,bus,bus_station_seoul_cleaned.csv
중랑교,,37.59114436,127.0664307,bus,bus,bus_station_seoul_cleaned.csv
회기시장,,37.59120263,127.0566389,bus,bus,bus_station_seoul_cleaned.csv
회기시장,,37.59080604,127.056588,bus,bus,bus_station_seoul_cleaned.csv
경희중고,,37.59292281,127.0577445,bus,bus,bus_station_seoul_cleaned.csv
경희중고,,37.59334729,127.0583347,bus,bus,bus_station_seoul_cleaned.csv
외대앞,,37.59562821,127.0596059,bus,bus,bus_station_seoul_cleaned.csv
외대앞,,37.59548126,127.0597678,bus,bus,bus_station_seoul_cleaned.csv
이문동우체국,,37.598348,127.061338,bus,bus,bus_station_seoul_cleaned.csv
이문동교회,,37.60025692,127.0621071,bus,bus,bus_station_seoul_cleaned.csv
의릉입구,,37.603888,127.061963,bus,bus,bus_station_seoul_cleaned.csv
의릉입구,,37.60348527,127.0621764,bus,bus,bus_station_seoul_cleaned.csv
한천로쌍용아파트앞,,37.59819109,127.0676193,bus,bus,bus_station_seoul_cleaned.csv
한천로쌍용아파트앞,,37.59866491,127.067887,bus,bus,bus_station_seoul_cleaned.csv
이문동삼익아파트,,37.59454856,127.0682139,bus,bus,bus_station_seoul_cleaned.csv
이문동삼익아파트,,37.59510354,127.0683628,bus,bus,bus_station_seoul_cleaned.csv
동일스위트리버아파트.휘봉고교,,37.58779877,127.0677526,bus,bus,bus_station_seoul_cleaned.csv
휘경유수지견인차고지앞,,37.58842,127.068577,bus,bus,bus_station_seoul_cleaned.csv
답십리래미안엘파인아파트,,37.57567723,127.0673309,bus,bus,bus_station_seoul_cleaned.csv
래미안엘파인아파트.장안동성당,,37.575593,127.06758,bus,bus,bus_station_seoul_cleaned.csv
서울준법지원센터.동성빌라,,37.58555526,127.0673893,bus,bus,bus_station_seoul_cleaned.csv
서울준법지원센터.동성빌라,,37.58567945,127.0676702,bus,bus,bus_station_seoul_cleaned.csv
휘경여중고.휘경주공아파트앞,,37.58260307,127.0682825,bus,bus,bus_station_seoul_cleaned.csv
휘경여중고.휘경주공아파트,,37.58215749,127.0685434,bus,bus,bus_station_seoul_cleaned.csv
장안동현대아파트앞,,37.57974617,127.0685412,bus,bus,bus_station_seoul_cleaned.csv
전곡시장앞,,37.57723707,127.0677951,bus,bus,bus_station_seoul_cleaned.csv
전곡시장앞,,37.57732932,127.068142,bus,bus,bus_station_seoul_cleaned.csv
답십리촬영소.우성그린아파트,,37.57419086,127.0668513,bus,bus,bus_station_seoul_cleaned.csv
촬영소사거리.우성그린아파트,,37.57351066,127.0669165,bus,bus,bus_station_seoul_cleaned.csv
동답초등학교,,37.57103976,127.065489,bus,bus,bus_station_seoul_cleaned.csv
동답한신.동아아파트,,37.56962208,127.0641135,bus,bus,bus_station_seoul_cleaned.csv
동답한신.동아아파트,,37.56888162,127.0639045,bus,bus,bus_station_seoul_cleaned.csv
동아.위더스빌아파트,,37.56674029,127.0622143,bus,bus,bus_station_seoul_cleaned.csv
답십리2동주민센터,,37.566603,127.06181,bus,bus,bus_station_seoul_cleaned.csv
하나은행장안동지점,,37.56340359,127.0585565,bus,bus,bus_station_seoul_cleaned.csv
장한평역4번출구,,37.56131154,127.0671377,bus,bus,bus_station_seoul_cleaned.csv
청년회의소앞,,37.56211026,127.0615307,bus,bus,bus_station_seoul_cleaned.csv
고미술상가,,37.56360919,127.0572974,bus,bus,bus_station_seoul_cleaned.csv
답십리역.동부시장,,37.56725625,127.0525194,bus,bus,bus_station_seoul_cleaned.csv
신답역앞,,37.57084309,127.0470914,bus,bus,bus_station_seoul_cleaned.csv
동대문구청.용두역4번출구,,37.57343501,127.0397136,bus,bus,bus_station_seoul_cleaned.csv
용두역,,37.573977,127.037268,bus,bus,bus_station_seoul_cleaned.csv
용두동신동아아파트,,37.57377044,127.0317925,bus,bus,bus_station_seoul_cleaned.csv
동대문우체국.서울풍물시장,,37.57475976,127.0245653,bus,bus,bus_station_seoul_cleaned.csv
동대문구청.용두역3번출구,,37.57553746,127.0383452,bus,bus,bus_station_seoul_cleaned.csv
동대문구청.용신동주민센터,,37.57658077,127.0384169,bus,bus,bus_station_seoul_cleaned.csv
동대문구청.용신동주민센터,,37.57530965,127.0379882,bus,bus,bus_station_seoul_cleaned.csv
경동시장앞,,37.58199892,127.0387559,bus,bus,bus_station_seoul_cleaned.csv
제기동주민센터.서울약령시앞,,37.58192515,127.0383947,bus,bus,bus_station_seoul_cleaned.csv
경동시장,,37.57996441,127.0382839,bus,bus,bus_station_seoul_cleaned.csv
홍파초등학교.정화여중고,,37.585531,127.038639,bus,bus,bus_station_seoul_cleaned.csv
홍파초등학교.정화여중고,,37.58559711,127.0383377,bus,bus,bus_station_seoul_cleaned.csv
제기동한신아파트앞,,37.587603,127.037888,bus,bus,bus_station_seoul_cleaned.csv
고려대역.고대앞삼거리,,37.58943377,127.0366856,bus,bus,bus_station_seoul_cleaned.csv
고려대역.고대앞삼거리,,37.58874785,127.0366498,bus,bus,bus_station_seoul_cleaned.csv
고려대학교앞,,37.58813631,127.0346802,bus,bus,bus_station_seoul_cleaned.csv
우신향병원,,37.5857223,127.0323863,bus,bus,bus_station_seoul_cleaned.csv
안암오거리,,37.58246136,127.029897,bus,bus,bus_station_seoul_cleaned.csv
대광고등학교앞,,37.57977772,127.0255621,bus,bus,bus_station_seoul_cleaned.csv
종암초등학교앞,,37.58161861,127.0295992,bus,bus,bus_station_seoul_cleaned.csv
용두시장앞,,37.57911159,127.0303342,bus,bus,bus_station_seoul_cleaned.csv
용두시장앞,,37.579035,127.030161,bus,bus,bus_station_seoul_cleaned.csv
서울시동부병원,,37.57589647,127.0304302,bus,bus,bus_station_seoul_cleaned.csv
서울시동부병원,,37.57619016,127.0306953,bus,bus,bus_station_seoul_cleaned.csv
동아제약앞,,37.57259937,127.0304425,bus,bus,bus_station_seoul_cleaned.csv
동아제약앞,,37.57271644,127.0307312,bus,bus,bus_station_seoul_cleaned.csv
떡전교앞,,37.58490404,127.0526949,bus,bus,bus_station_seoul_cleaned.csv
떡전교앞,,37.58461845,127.0525769,bus,bus,bus_station_seoul_cleaned.csv
서울시립대입구,,37.58300573,127.0540557,bus,bus,bus_station_seoul_cleaned.csv
서울시립대학교앞,,37.58268049,127.0539399,bus,bus,bus_station_seoul_cleaned.csv
서울시동부교육지원청.해성국제컨벤션고교,,37.57918535,127.056865,bus,bus,bus_station_seoul_cleaned.csv
전농로터리시장.동부교육지원청,,37.578817,127.05676,bus,bus,bus_station_seoul_cleaned.csv
전농우체국앞,,37.576367,127.057575,bus,bus,bus_station_seoul_cleaned.csv
전농우체국앞,,37.57652016,127.0578903,bus,bus,bus_station_seoul_cleaned.csv
청솔우성아파트.답십리시장,,37.57370928,127.057648,bus,bus,bus_station_seoul_cleaned.csv
미드카운티아파트.청솔우성아파트,,37.57411129,127.057389,bus,bus,bus_station_seoul_cleaned.csv
답십리2동시온교회앞,,37.57059613,127.0573999,bus,bus,bus_station_seoul_cleaned.csv
답십리1동희망샘교회앞,,37.57052419,127.0571055,bus,bus,bus_station_seoul_cleaned.csv
답십리초등학교.현대시장,,37.56845386,127.0572013,bus,bus,bus_station_seoul_cleaned.csv
답십리초등학교앞,,37.56862657,127.0569309,bus,bus,bus_station_seoul_cleaned.csv
답십리역사거리,,37.56550601,127.0552011,bus,bus,bus_station_seoul_cleaned.csv
황물로사거리,,37.56654189,127.055992,bus,bus,bus_station_seoul_cleaned.csv
답십리1동주민센터.래미안위브,,37.57236701,127.0510037,bus,bus,bus_station_seoul_cleaned.csv
답십리1동주민센터.래미안위브,,37.57209939,127.0511403,bus,bus,bus_station_seoul_cleaned.csv
동대문중학교,,37.57501295,127.0537544,bus,bus,bus_station_seoul_cleaned.csv
동대문중학교,,37.5741763,127.0532772,bus,bus,bus_station_seoul_cleaned.csv
전농래미안크레시티아파트,,37.57628025,127.0555921,bus,bus,bus_station_seoul_cleaned.csv
대한노인회동대문구지회,,37.57621118,127.0559031,bus,bus,bus_station_seoul_cleaned.csv
전농사거리,,37.57781477,127.0590376,bus,bus,bus_station_seoul_cleaned.csv
전농사거리,,37.57756336,127.0592406,bus,bus,bus_station_seoul_cleaned.csv
배봉초등학교.전농우성아파트,,37.57869532,127.0672948,bus,bus,bus_station_seoul_cleaned.csv
배봉초등학교.전농우성아파트,,37.57844024,127.0674157,bus,bus,bus_station_seoul_cleaned.csv
장안2동주민센터,,37.57884038,127.070404,bus,bus,bus_station_seoul_cleaned.csv
장안2동주민센터,,37.57869598,127.0704638,bus,bus,bus_station_seoul_cleaned.csv
장안교앞,,37.5796534,127.0739714,bus,bus,bus_station_seoul_cleaned.csv
장안교.은석초등학교,,37.57961916,127.0746902,bus,bus,bus_station_seoul_cleaned.csv
청량리역6번출구,,37.578083,127.043803,bus,bus,bus_station_seoul_cleaned.csv
청량리역6번출구,,37.5779453,127.0437858,bus,bus,bus_station_seoul_cleaned.csv
롯데캐슬노블레스,,37.57555526,127.0484717,bus,bus,bus_station_seoul_cleaned.csv
전농1파출소,,37.57608472,127.0471184,bus,bus,bus_station_seoul_cleaned.csv
래미안크레시티.답십리도서관,,37.57456175,127.050244,bus,bus,bus_station_seoul_cleaned.csv
동대문구답십리도서관앞,,37.5738813,127.0510268,bus,bus,bus_station_seoul_cleaned.csv
답십리래미안위브아파트,,37.57276898,127.0548282,bus,bus,bus_station_seoul_cleaned.csv
답십리래미안미드카운티,,37.57298,127.055558,bus,bus,bus_station_seoul_cleaned.csv
답십리사거리,,37.57273205,127.0567076,bus,bus,bus_station_seoul_cleaned.csv
답십리2동두산아파트,,37.5727537,127.0585128,bus,bus,bus_station_seoul_cleaned.csv
답십리시장.청솔우성아파트후문,,37.57295362,127.058758,bus,bus,bus_station_seoul_cleaned.csv
답십리2동한양아파트앞,,37.57267023,127.0614069,bus,bus,bus_station_seoul_cleaned.csv
답십리2동한양아파트앞,,37.57295735,127.0611223,bus,bus,bus_station_seoul_cleaned.csv
동답한신.대림아파트.동대문체육관,,37.572663,127.063768,bus,bus,bus_station_seoul_cleaned.csv
촬영소사거리.동답초등학교,,37.572642,127.065212,bus,bus,bus_station_seoul_cleaned.csv
촬영소사거리.세양청마루아파트앞,,37.57288976,127.0653559,bus,bus,bus_station_seoul_cleaned.csv
동대문구.성동구선거관리위원회,,37.57248721,127.0682025,bus,bus,bus_station_seoul_cleaned.csv
동대문구.성동구선거관리위원회,,37.57277346,127.0678745,bus,bus,bus_station_seoul_cleaned.csv
장안사거리,,37.57258453,127.0703387,bus,bus,bus_station_seoul_cleaned.csv
국민은행장안동지점,,37.57237591,127.0734973,bus,bus,bus_station_seoul_cleaned.csv
국민은행장안동지점,,37.57205336,127.0742101,bus,bus,bus_station_seoul_cleaned.csv
장안동근린공원,,37.57732381,127.0719536,bus,bus,bus_station_seoul_cleaned.csv
장안동근린공원,,37.57831415,127.072388,bus,bus,bus_station_seoul_cleaned.csv
동대문더퍼스트데시앙아파트,,37.57499211,127.0717763,bus,bus,bus_station_seoul_cleaned.csv
NH농협장안평지점,,37.57515296,127.0721655,bus,bus,bus_station_seoul_cleaned.csv
코리아병원,,37.57320691,127.0716599,bus,bus,bus_station_seoul_cleaned.csv
새서울병원,,37.57310127,127.0720051,bus,bus,bus_station_seoul_cleaned.csv
장안동삼성쉐르빌아파트,,37.57139964,127.0713569,bus,bus,bus_station_seoul_cleaned.csv
장안동삼성쉐르빌아파트,,37.571238,127.070843,bus,bus,bus_station_seoul_cleaned.csv
힐스테이트장안센트럴,,37.569605,127.070183,bus,bus,bus_station_seoul_cleaned.csv
현대벤처빌.현대썬앤빌,,37.56892086,127.0694007,bus,bus,bus_station_seoul_cleaned.csv
현대벤처빌,,37.56824146,127.0692809,bus,bus,bus_station_seoul_cleaned.csv
우리은행장안지점앞,,37.566393,127.067727,bus,bus,bus_station_seoul_cleaned.csv
우리은행장안지점앞,,37.56559866,127.0676385,bus,bus,bus_station_seoul_cleaned.csv
북한연구소앞,,37.56346482,127.0661435,bus,bus,bus_station_seoul_cleaned.csv
장한평역2번출구,,37.56229654,127.0649278,bus,bus,bus_station_seoul_cleaned.csv
장한평역3번출구,,37.56243706,127.0654362,bus,bus,bus_station_seoul_cleaned.csv
신이문역,,37.60261657,127.0679016,bus,bus,bus_station_seoul_cleaned.csv
이문동현대아파트앞,,37.60101794,127.0706774,bus,bus,bus_station_seoul_cleaned.csv
이문동현대아파트,,37.60085902,127.0709847,bus,bus,bus_station_seoul_cleaned.csv
휘경2동주민센터,,37.59073615,127.0680485,bus,bus,bus_station_seoul_cleaned.csv
휘경2동주민센터,,37.59050489,127.0680859,bus,bus,bus_station_seoul_cleaned.csv
동부아동보호전문기관.동대부중고,,37.57683354,127.0763834,bus,bus,bus_station_seoul_cleaned.csv
장안삼성래미안2차아파트,,37.57468158,127.0766223,bus,bus,bus_station_seoul_cleaned.csv
장안삼성래미안2차아파트.성복교회,,37.57284682,127.0768145,bus,bus,bus_station_seoul_cleaned.csv
장안현대홈타운아파트앞,,37.56975917,127.0733886,bus,bus,bus_station_seoul_cleaned.csv
구민회관앞,,37.56638627,127.0739413,bus,bus,bus_station_seoul_cleaned.csv
파라브아파트,,37.56358281,127.072374,bus,bus,bus_station_seoul_cleaned.csv
장안현대홈타운상가,,37.5713084,127.0743786,bus,bus,bus_station_seoul_cleaned.csv
장안현대홈타운앞,,37.56928936,127.0756173,bus,bus,bus_station_seoul_cleaned.csv
장안치안센터,,37.56794588,127.0724996,bus,bus,bus_station_seoul_cleaned.csv
장안치안센터,,37.56822212,127.0727018,bus,bus,bus_station_seoul_cleaned.csv
장평중학교,,37.5657454,127.0709395,bus,bus,bus_station_seoul_cleaned.csv
회기역종점,,37.58990037,127.0588619,bus,bus,bus_station_seoul_cleaned.csv
경희대입구,,37.59127171,127.0530132,bus,bus,bus_station_seoul_cleaned.csv
경희대입구,,37.59158311,127.0527127,bus,bus,bus_station_seoul_cleaned.csv
서울바이오허브,,37.59138784,127.0501401,bus,bus,bus_station_seoul_cleaned.csv
서울바이오허브,,37.59160895,127.0492769,bus,bus,bus_station_seoul_cleaned.csv
한국과학기술원.홍릉초등학교,,37.591769,127.045747,bus,bus,bus_station_seoul_cleaned.csv
한국과학기술원.홍릉초등학교,,37.59154457,127.0469641,bus,bus,bus_station_seoul_cleaned.csv
국방연구원,,37.59140933,127.0411809,bus,bus,bus_station_seoul_cleaned.csv
국방연구원,,37.59110399,127.0400584,bus,bus,bus_station_seoul_cleaned.csv
세종대왕기념관,,37.58985337,127.0423802,bus,bus,bus_station_seoul_cleaned.csv
세종대왕기념관,,37.59046154,127.0425674,bus,bus,bus_station_seoul_cleaned.csv
영휘원사거리.(구)홍릉사거리,,37.58600093,127.0431752,bus,bus,bus_station_seoul_cleaned.csv
영휘원사거리.(구)홍릉사거리,,37.58601434,127.0434662,bus,bus,bus_station_seoul_cleaned.csv
동대문경찰서,,37.58414041,127.0437843,bus,bus,bus_station_seoul_cleaned.csv
동대문경찰서,,37.58355857,127.0442607,bus,bus,bus_station_seoul_cleaned.csv
현대코아,,37.58181203,127.0448734,bus,bus,bus_station_seoul_cleaned.csv
현대코아,,37.58148592,127.0446558,bus,bus,bus_station_seoul_cleaned.csv
동대문중앙새마을금고,,37.58311793,127.0412132,bus,bus,bus_station_seoul_cleaned.csv
동대문중앙새마을금고,,37.58298693,127.0422207,bus,bus,bus_station_seoul_cleaned.csv
제기동주민센터앞,,37.58297689,127.0378676,bus,bus,bus_station_seoul_cleaned.csv
제기동한신아파트,,37.58663818,127.037361,bus,bus,bus_station_seoul_cleaned.csv
제기시장,,37.58638597,127.03522,bus,bus,bus_station_seoul_cleaned.csv
제기시장,,37.5866249,127.034671,bus,bus,bus_station_seoul_cleaned.csv
외대역앞,,37.59600959,127.0609471,bus,bus,bus_station_seoul_cleaned.csv
외대역앞,,37.59606615,127.0613605,bus,bus,bus_station_seoul_cleaned.csv
이경시장,,37.59526404,127.0649927,bus,bus,bus_station_seoul_cleaned.csv
청랑리한신아파트.청량사입구,,37.5867421,127.047414,bus,bus,bus_station_seoul_cleaned.csv
전동초등학교.전농동SK아파트,,37.57775082,127.0609446,bus,bus,bus_station_seoul_cleaned.csv
벽산아파트,,37.58275628,127.0305142,bus,bus,bus_station_seoul_cleaned.csv
제기동천주교회,,37.58285681,127.033571,bus,bus,bus_station_seoul_cleaned.csv
이문동쌍용아파트,,37.59887798,127.0688554,bus,bus,bus_station_seoul_cleaned.csv
이문동쌍용아파트,,37.5988317,127.0691211,bus,bus,bus_station_seoul_cleaned.csv
이문1동주민센터,,37.59780678,127.0652559,bus,bus,bus_station_seoul_cleaned.csv
전동초등학교.전농동SK아파트,,37.57811986,127.0614944,bus,bus,bus_station_seoul_cleaned.csv
한국산업인력공단서울지역본부,,37.58374453,127.0729707,bus,bus,bus_station_seoul_cleaned.csv
서울반도체고교.휘경주공아파트,,37.58416573,127.0692519,bus,bus,bus_station_seoul_cleaned.csv
e편한세상청계센트럴포레아파트,,37.57081591,127.0302942,bus,bus,bus_station_seoul_cleaned.csv
한천로입구,,37.59911429,127.067352,bus,bus,bus_station_seoul_cleaned.csv
래미안장안1차아파트앞,,37.56683171,127.0720205,bus,bus,bus_station_seoul_cleaned.csv
장평중학교앞,,37.56495819,127.0702528,bus,bus,bus_station_seoul_cleaned.csv
청량리미주상가앞,,37.58195798,127.0472557,bus,bus,bus_station_seoul_cleaned.csv
동대문구청.용두역,,37.572834,127.04015,bus,bus,bus_station_seoul_cleaned.csv
종로사약국,,37.59452137,127.0653058,bus,bus,bus_station_seoul_cleaned.csv
회기동현대아파트,,37.58911092,127.0544609,bus,bus,bus_station_seoul_cleaned.csv
우산빌딩앞,,37.58888235,127.0546771,bus,bus,bus_station_seoul_cleaned.csv
배봉산입구,,37.58034162,127.068204,bus,bus,bus_station_seoul_cleaned.csv
면곡시장,,37.57164464,127.0810661,bus,bus,bus_station_seoul_cleaned.csv
동부아파트,,37.5866889,127.0452316,bus,bus,bus_station_seoul_cleaned.csv
자동차부품상가,,37.56459467,127.0577757,bus,bus,bus_station_seoul_cleaned.csv
청랑리한신아파트.청량사입구,,37.5865145,127.0476686,bus,bus,bus_station_seoul_cleaned.csv
장안동삼성쉐르빌아파트앞,,37.57230849,127.070211,bus,bus,bus_station_seoul_cleaned.csv
동대문노인종합복지관,,37.58594609,127.0497131,bus,bus,bus_station_seoul_cleaned.csv
쌍용아파트,,37.60135011,127.0683889,bus,bus,bus_station_seoul_cleaned.csv
쌍용아파트,,37.60146745,127.0685177,bus,bus,bus_station_seoul_cleaned.csv
삼육서울병원,,37.59028334,127.0623613,bus,bus,bus_station_seoul_cleaned.csv
동일스위트리버앞.휘봉고교,,37.58718067,127.0676591,bus,bus,bus_station_seoul_cleaned.csv
청량리수산시장,,37.57864345,127.0408714,bus,bus,bus_station_seoul_cleaned.csv
휘봉초등학교,,37.58770638,127.0696854,bus,bus,bus_station_seoul_cleaned.csv
휘경미소지움아파트,,37.59092823,127.0645643,bus,bus,bus_station_seoul_cleaned.csv
서울반도체고교.휘경주공아파트,,37.58446955,127.0697135,bus,bus,bus_station_seoul_cleaned.csv
용두동신동아아파트,,37.57404505,127.0325998,bus,bus,bus_station_seoul_cleaned.csv
다사랑행복센터.서울문화재단,,37.571438,127.033757,bus,bus,bus_station_seoul_cleaned.csv
청량리수산시장,,37.57895216,127.0418951,bus,bus,bus_station_seoul_cleaned.csv
답십리역,,37.56676846,127.0531915,bus,bus,bus_station_seoul_cleaned.csv
가든아파트.수사연구소,,37.58454922,127.0720742,bus,bus,bus_station_seoul_cleaned.csv
회기역,,37.59012302,127.0578477,bus,bus,bus_station_seoul_cleaned.csv
답십리역1번출구,,37.56849786,127.0506964,bus,bus,bus_station_seoul_cleaned.csv
동일하이빌.현대베스트빌아파트,,37.58247318,127.0739978,bus,bus,bus_station_seoul_cleaned.csv
동안교회,,37.59386782,127.0577431,bus,bus,bus_station_seoul_cleaned.csv
경희대입구,,37.59156575,127.0527811,bus,bus,bus_station_seoul_cleaned.csv
청계한신휴플러스,,37.57180723,127.0450335,bus,bus,bus_station_seoul_cleaned.csv
시조사삼거리,,37.588481,127.053504,bus,bus,bus_station_seoul_cleaned.csv
경희중고,,37.59435924,127.0564273,bus,bus,bus_station_seoul_cleaned.csv
경희대의료원.경희여중고,,37.594127,127.052311,bus,bus,bus_station_seoul_cleaned.csv
한신휴플러스정문,,37.57273526,127.0450796,bus,bus,bus_station_seoul_cleaned.csv
천장산로33,,37.598865,127.057872,bus,bus,bus_station_seoul_cleaned.csv
경희맨션,,37.59561508,127.0570001,bus,bus,bus_station_seoul_cleaned.csv
동아아파트,,37.5742471,127.0455832,bus,bus,bus_station_seoul_cleaned.csv
삼성래미안,,37.600017,127.058495,bus,bus,bus_station_seoul_cleaned.csv
경희대동문,,37.59667122,127.0568673,bus,bus,bus_station_seoul_cleaned.csv
래미안라그란데,,37.59979,127.060119,bus,bus,bus_station_seoul_cleaned.csv
전농119안전센터,,37.57618354,127.0456082,bus,bus,bus_station_seoul_cleaned.csv
래미안라그란데,,37.599997,127.059674,bus,bus,bus_station_seoul_cleaned.csv
외대.경희대후문,,37.59831287,127.0571505,bus,bus,bus_station_seoul_cleaned.csv
전농1동치안센터,,37.57642224,127.0480957,bus,bus,bus_station_seoul_cleaned.csv
휘경여중고.휘경주공아파트,,37.58245484,127.0685629,bus,bus,bus_station_seoul_cleaned.csv
신성미소지움아파트,,37.57893183,127.0501308,bus,bus,bus_station_seoul_cleaned.csv
삼성래미안,,37.59991182,127.0573676,bus,bus,bus_station_seoul_cleaned.csv
청량리소화물취급소,,37.58050909,127.0514146,bus,bus,bus_station_seoul_cleaned.csv
영광빌딩,,37.58184312,127.0525059,bus,bus,bus_station_seoul_cleaned.csv
시립대입구,,37.58385212,127.0534664,bus,bus,bus_station_seoul_cleaned.csv
외대앞역,,37.59533487,127.0628249,bus,bus,bus_station_seoul_cleaned.csv
회기역종점,,37.58985177,127.0587396,bus,bus,bus_station_seoul_cleaned.csv
외대.경희대후문,,37.59830395,127.0569625,bus,bus,bus_station_seoul_cleaned.csv
신설동역1번출구,,37.57601247,127.023609,bus,bus,bus_station_seoul_cleaned.csv
천장산로33,,37.59888267,127.057755,bus,bus,bus_station_seoul_cleaned.csv
경희대동문,,37.59674067,127.0567462,bus,bus,bus_station_seoul_cleaned.csv
경희맨션,,37.59565568,127.0569107,bus,bus,bus_station_seoul_cleaned.csv
경희중고,,37.59465124,127.0563426,bus,bus,bus_station_seoul_cleaned.csv
동안교회,,37.59286031,127.0573015,bus,bus,bus_station_seoul_cleaned.csv
동대부고.은석초교앞,,37.57925946,127.07367,bus,bus,bus_station_seoul_cleaned.csv
서울시립대,,37.58311516,127.0531816,bus,bus,bus_station_seoul_cleaned.csv
영광빌딩,,37.58198112,127.0521992,bus,bus,bus_station_seoul_cleaned.csv
청량리소화물취급소,,37.58059031,127.051135,bus,bus,bus_station_seoul_cleaned.csv
신성미소지움아파트,,37.57865813,127.0495758,bus,bus,bus_station_seoul_cleaned.csv
전농1동치안센터,,37.57627826,127.0476065,bus,bus,bus_station_seoul_cleaned.csv
동대문해병전우회,,37.5763719,127.0455245,bus,bus,bus_station_seoul_cleaned.csv
태양하나어린이집.동아아파트,,37.57406424,127.0454348,bus,bus,bus_station_seoul_cleaned.csv
한신휴플러스후문,,37.57298963,127.0467316,bus,bus,bus_station_seoul_cleaned.csv
신답역,,37.57114047,127.0492346,bus,bus,bus_station_seoul_cleaned.csv
삼희아파트1동,,37.57015863,127.0505437,bus,bus,bus_station_seoul_cleaned.csv
답십리고미술상가2동,,37.56899581,127.0514871,bus,bus,bus_station_seoul_cleaned.csv
답십리건축자재시장,,37.56747388,127.0534864,bus,bus,bus_station_seoul_cleaned.csv
답십리쌍마사거리,,37.56618994,127.0552016,bus,bus,bus_station_seoul_cleaned.csv
부속상가,,37.5651431,127.0566147,bus,bus,bus_station_seoul_cleaned.csv
고려대역3번출구,,37.59048339,127.0365261,bus,bus,bus_station_seoul_cleaned.csv
의료원입구사거리,,37.59269938,127.0526585,bus,bus,bus_station_seoul_cleaned.csv
삼육서울병원,,37.5902762,127.062222,bus,bus,bus_station_seoul_cleaned.csv
장안삼거리,,37.57802912,127.0723517,bus,bus,bus_station_seoul_cleaned.csv
장안사거리.삼성래미안,,37.57320939,127.0720255,bus,bus,bus_station_seoul_cleaned.csv
장안사거리.삼성래미안,,37.57378629,127.0716865,bus,bus,bus_station_seoul_cleaned.csv
장한평역,,37.56138477,127.0667269,bus,bus,bus_station_seoul_cleaned.csv
청량리역,,37.580477,127.046268,bus,bus,bus_station_seoul_cleaned.csv
서울시립대입구,,37.58285626,127.0538031,bus,bus,bus_station_seoul_cleaned.csv
전농로터리시장,,37.57725264,127.0571016,bus,bus,bus_station_seoul_cleaned.csv
신답역,,37.57054815,127.047784,bus,bus,bus_station_seoul_cleaned.csv
장안삼거리,,37.57784732,127.0719972,bus,bus,bus_station_seoul_cleaned.csv
신설동로터리.서울풍물시장,,37.57427559,127.0234166,bus,bus,bus_station_seoul_cleaned.csv
경동시장앞,,37.58056802,127.0386578,bus,bus,bus_station_seoul_cleaned.csv
경동시장사거리,,37.57722935,127.0381091,bus,bus,bus_station_seoul_cleaned.csv
힐스테이트장안센트럴,,37.57058027,127.0704788,bus,bus,bus_station_seoul_cleaned.csv
힐스테이트장안센트럴,,37.57034109,127.070739,bus,bus,bus_station_seoul_cleaned.csv
동답초교.대림아파트,,37.57120722,127.0652299,bus,bus,bus_station_seoul_cleaned.csv
정화여중.정화고등학교,,37.5868028,127.041753,bus,bus,bus_station_seoul_cleaned.csv
정화여중.정화고등학교,,37.58661131,127.0418435,bus,bus,bus_station_seoul_cleaned.csv
동대문노인종합복지관,,37.58631032,127.0492582,bus,bus,bus_station_seoul_cleaned.csv
망우역,,37.59782836,127.0911386,bus,bus,bus_station_seoul_cleaned.csv
망우역,,37.59760319,127.0904652,bus,bus,bus_station_seoul_cleaned.csv
상봉역.중랑우체국,,37.59595909,127.0837436,bus,bus,bus_station_seoul_cleaned.csv
상봉역.중랑우체국,,37.59572314,127.0833008,bus,bus,bus_station_seoul_cleaned.csv
중랑역.동부시장,,37.5939711,127.076052,bus,bus,bus_station_seoul_cleaned.csv
중랑역.동부시장,,37.59361529,127.0749382,bus,bus,bus_station_seoul_cleaned.csv
망우역.망우지구대,,37.59884493,127.0953897,bus,bus,bus_station_seoul_cleaned.csv
망우역.망우지구대,,37.598558,127.0948711,bus,bus,bus_station_seoul_cleaned.csv
우림시장.망우사거리,,37.59957206,127.0986407,bus,bus,bus_station_seoul_cleaned.csv
우림시장.망우사거리,,37.59936518,127.0982214,bus,bus,bus_station_seoul_cleaned.csv
금란교회,,37.6005298,127.1040334,bus,bus,bus_station_seoul_cleaned.csv
금란교회,,37.60036404,127.1033575,bus,bus,bus_station_seoul_cleaned.csv
동부제일병원.망우역사문화공원,,37.6004643,127.1089022,bus,bus,bus_station_seoul_cleaned.csv
동부제일병원.망우역사문화공원,,37.600478,127.107756,bus,bus,bus_station_seoul_cleaned.csv
극동늘푸른아파트,,37.61470265,127.076404,bus,bus,bus_station_seoul_cleaned.csv
묵동자이.신도브래뉴아파트,,37.61527027,127.0765886,bus,bus,bus_station_seoul_cleaned.csv
묵동삼거리.먹골역,,37.6125567,127.0771199,bus,bus,bus_station_seoul_cleaned.csv
먹골역.묵동자이아파트,,37.61383501,127.077086,bus,bus,bus_station_seoul_cleaned.csv
한국전력동대문중랑지사,,37.60695744,127.0782567,bus,bus,bus_station_seoul_cleaned.csv
한국전력동대문중랑지사,,37.60622956,127.0787486,bus,bus,bus_station_seoul_cleaned.csv
지하철7호선중화역,,37.60264857,127.0791563,bus,bus,bus_station_seoul_cleaned.csv
지하철7호선중화역,,37.60284415,127.0794498,bus,bus,bus_station_seoul_cleaned.csv
국민은행중화동지점,,37.598936,127.0798039,bus,bus,bus_station_seoul_cleaned.csv
중화동한신아파트,,37.59907622,127.0801695,bus,bus,bus_station_seoul_cleaned.csv
상봉2동복합청사.도서관,,37.59189107,127.0799783,bus,bus,bus_station_seoul_cleaned.csv
상봉2동복합청사.도서관,,37.59203792,127.0802877,bus,bus,bus_station_seoul_cleaned.csv
면목2동주민센터,,37.58938252,127.079859,bus,bus,bus_station_seoul_cleaned.csv
중목초등학교,,37.590203,127.080221,bus,bus,bus_station_seoul_cleaned.csv
면목2동사거리,,37.58715492,127.0797305,bus,bus,bus_station_seoul_cleaned.csv
면목2동사거리,,37.58747924,127.0801196,bus,bus,bus_station_seoul_cleaned.csv
면목5동주민센터,,37.58488449,127.0796318,bus,bus,bus_station_seoul_cleaned.csv
장안시장,,37.58552167,127.0800231,bus,bus,bus_station_seoul_cleaned.csv
면목신우아파트,,37.58027099,127.0794405,bus,bus,bus_station_seoul_cleaned.csv
면목신우아파트,,37.58063297,127.0798123,bus,bus,bus_station_seoul_cleaned.csv
면목119안전센터,,37.5735215,127.0799088,bus,bus,bus_station_seoul_cleaned.csv
경남아너스빌아파트앞,,37.57474952,127.0801547,bus,bus,bus_station_seoul_cleaned.csv
늘푸른동아아파트,,37.57249846,127.0803572,bus,bus,bus_station_seoul_cleaned.csv
중랑역.동부시장1,,37.59392414,127.0755226,bus,bus,bus_station_seoul_cleaned.csv
중랑역.동부시장1,,37.59394994,127.0767666,bus,bus,bus_station_seoul_cleaned.csv
한샘교회,,37.59541737,127.0824937,bus,bus,bus_station_seoul_cleaned.csv
신내지하차도,,37.59947349,127.0971022,bus,bus,bus_station_seoul_cleaned.csv
상봉역2번출구,,37.59662384,127.0872459,bus,bus,bus_station_seoul_cleaned.csv
신내지하차도,,37.5994814,127.0973547,bus,bus,bus_station_seoul_cleaned.csv
중랑구방정환교육지원센터,,37.59736357,127.0886276,bus,bus,bus_station_seoul_cleaned.csv
망우역,,37.59864327,127.0940703,bus,bus,bus_station_seoul_cleaned.csv
망우역,,37.59869164,127.0955396,bus,bus,bus_station_seoul_cleaned.csv
망우지구대,,37.599106,127.096136,bus,bus,bus_station_seoul_cleaned.csv
양원숲초등학교,,37.60968708,127.1048434,bus,bus,bus_station_seoul_cleaned.csv
하나은행망우동지점,,37.59962617,127.0985869,bus,bus,bus_station_seoul_cleaned.csv
양원숲초등학교,,37.60996873,127.1047391,bus,bus,bus_station_seoul_cleaned.csv
금란교회앞,,37.60060153,127.1037917,bus,bus,bus_station_seoul_cleaned.csv
금란교회앞,,37.600352,127.104129,bus,bus,bus_station_seoul_cleaned.csv
능산사거리,,37.60848004,127.1019453,bus,bus,bus_station_seoul_cleaned.csv
망우동고개,,37.60068842,127.1073787,bus,bus,bus_station_seoul_cleaned.csv
서울우유앞,,37.592108,127.072817,bus,bus,bus_station_seoul_cleaned.csv
서울우유앞,,37.59144855,127.0731676,bus,bus,bus_station_seoul_cleaned.csv
중랑초등학교,,37.58932,127.074318,bus,bus,bus_station_seoul_cleaned.csv
중랑초등학교,,37.58951007,127.0742727,bus,bus,bus_station_seoul_cleaned.csv
동부시장남문입구,,37.5904314,127.0776648,bus,bus,bus_station_seoul_cleaned.csv
동부시장남문입구,,37.59077037,127.0782593,bus,bus,bus_station_seoul_cleaned.csv
88병원,,37.59131195,127.080896,bus,bus,bus_station_seoul_cleaned.csv
상봉2동주민센터,,37.59164995,127.0810883,bus,bus,bus_station_seoul_cleaned.csv
서울창업카페상봉점,,37.592028,127.083885,bus,bus,bus_station_seoul_cleaned.csv
서울창업카페상봉점,,37.59224,127.083713,bus,bus,bus_station_seoul_cleaned.csv
면목6거리,,37.59287946,127.0878523,bus,bus,bus_station_seoul_cleaned.csv
면목6거리,,37.59294023,127.0872031,bus,bus,bus_station_seoul_cleaned.csv
상봉신협,,37.59336525,127.0899025,bus,bus,bus_station_seoul_cleaned.csv
상봉신협,,37.59365316,127.0905684,bus,bus,bus_station_seoul_cleaned.csv
혜원사거리,,37.59388,127.092532,bus,bus,bus_station_seoul_cleaned.csv
혜원사거리,,37.59437063,127.0936742,bus,bus,bus_station_seoul_cleaned.csv
혜원여중고입구,,37.594427,127.09505,bus,bus,bus_station_seoul_cleaned.csv
혜원여중고입구,,37.59477232,127.0955544,bus,bus,bus_station_seoul_cleaned.csv
봉우재고개,,37.595025,127.097837,bus,bus,bus_station_seoul_cleaned.csv
봉우재고개,,37.59511206,127.0973049,bus,bus,bus_station_seoul_cleaned.csv
우림시장,,37.595398,127.09954,bus,bus,bus_station_seoul_cleaned.csv
우림시장,,37.59557112,127.0992893,bus,bus,bus_station_seoul_cleaned.csv
상봉역3번출구,,37.59429591,127.0862158,bus,bus,bus_station_seoul_cleaned.csv
상봉역4번출구,,37.59419727,127.0859397,bus,bus,bus_station_seoul_cleaned.csv
면목초등학교,,37.59134367,127.0869725,bus,bus,bus_station_seoul_cleaned.csv
면목초등학교,,37.59130244,127.086678,bus,bus,bus_station_seoul_cleaned.csv
지하철7호선면목역,,37.5891322,127.0872406,bus,bus,bus_station_seoul_cleaned.csv
지하철7호선면목역,,37.58916623,127.0875226,bus,bus,bus_station_seoul_cleaned.csv
면목본동주민센터.면목정보도서관,,37.58691461,127.0882416,bus,bus,bus_station_seoul_cleaned.csv
면목본동주민센터.면목정보도서관,,37.5865148,127.0880981,bus,bus,bus_station_seoul_cleaned.csv
면동초등학교,,37.5842573,127.0884544,bus,bus,bus_station_seoul_cleaned.csv
면동초등학교,,37.5848548,127.08836,bus,bus,bus_station_seoul_cleaned.csv
면목우체국.녹색병원,,37.58205484,127.0887178,bus,bus,bus_station_seoul_cleaned.csv
면목우체국.녹색병원,,37.58273384,127.0884574,bus,bus,bus_station_seoul_cleaned.csv
사가정역.국민건강보험공단중랑지사,,37.57985996,127.0880663,bus,bus,bus_station_seoul_cleaned.csv
사가정역2번출구,,37.58122425,127.0884338,bus,bus,bus_station_seoul_cleaned.csv
면목시장,,37.57964703,127.0876507,bus,bus,bus_station_seoul_cleaned.csv
면목7동주민센터.면남초등학교,,37.57863428,127.0863248,bus,bus,bus_station_seoul_cleaned.csv
면목7동주민센터.면남초등학교,,37.5783,127.085932,bus,bus,bus_station_seoul_cleaned.csv
방약국앞,,37.57577456,127.0858494,bus,bus,bus_station_seoul_cleaned.csv
방약국앞,,37.575997,127.08574,bus,bus,bus_station_seoul_cleaned.csv
중곡초등학교,,37.572917,127.084205,bus,bus,bus_station_seoul_cleaned.csv
중곡초등학교,,37.57315089,127.0841788,bus,bus,bus_station_seoul_cleaned.csv
삼룡사입구,,37.59768317,127.1001746,bus,bus,bus_station_seoul_cleaned.csv
삼룡사입구,,37.59694407,127.1004182,bus,bus,bus_station_seoul_cleaned.csv
용마공원입구,,37.59391993,127.0994371,bus,bus,bus_station_seoul_cleaned.csv
용마공원입구,,37.594253,127.099292,bus,bus,bus_station_seoul_cleaned.csv
면일초등학교,,37.59201745,127.0984014,bus,bus,bus_station_seoul_cleaned.csv
면일초등학교,,37.591217,127.097627,bus,bus,bus_station_seoul_cleaned.csv
서일대학교,,37.58951,127.0967,bus,bus,bus_station_seoul_cleaned.csv
서일대학교,,37.58919411,127.0968692,bus,bus,bus_station_seoul_cleaned.csv
용마문화복지센터.서일대후문,,37.586485,127.09538,bus,bus,bus_station_seoul_cleaned.csv
용마문화복지센터.서일대후문,,37.586712,127.095167,bus,bus,bus_station_seoul_cleaned.csv
중화중학교.면목고등학교,,37.58399797,127.0940498,bus,bus,bus_station_seoul_cleaned.csv
"중화중학교,중랑구가족센터",,37.58475479,127.0941651,bus,bus,bus_station_seoul_cleaned.csv
면중초등학교.면목중학교,,37.58123119,127.0934632,bus,bus,bus_station_seoul_cleaned.csv
면중초등학교.면목중학교,,37.58226935,127.0933286,bus,bus,bus_station_seoul_cleaned.csv
한양수자인사가정파크,,37.58007025,127.0928893,bus,bus,bus_station_seoul_cleaned.csv
묵동공감대아파트,,37.61384108,127.0781223,bus,bus,bus_station_seoul_cleaned.csv
면목동금호어울림아파트,,37.57924676,127.0917166,bus,bus,bus_station_seoul_cleaned.csv
면목동금호어울림아파트,,37.57783748,127.0907073,bus,bus,bus_station_seoul_cleaned.csv
면목동대원칸타빌아파트,,37.57776122,127.0902827,bus,bus,bus_station_seoul_cleaned.csv
용마폭포공원,,37.57569223,127.088742,bus,bus,bus_station_seoul_cleaned.csv
용마폭포공원,,37.57592666,127.0885475,bus,bus,bus_station_seoul_cleaned.csv
용마산역,,37.57338157,127.0866709,bus,bus,bus_station_seoul_cleaned.csv
용마산역,,37.57350612,127.0863982,bus,bus,bus_station_seoul_cleaned.csv
용마산하늘채아파트,,37.57102368,127.086307,bus,bus,bus_station_seoul_cleaned.csv
용마산하늘채아파트,,37.57125817,127.0860197,bus,bus,bus_station_seoul_cleaned.csv
묵동구길,,37.61551908,127.0790555,bus,bus,bus_station_seoul_cleaned.csv
묵동구길,,37.61589231,127.0790669,bus,bus,bus_station_seoul_cleaned.csv
묵1동주민센터입구.먹골역,,37.61186322,127.0779517,bus,bus,bus_station_seoul_cleaned.csv
묵1동주민센터입구.먹골역,,37.61258959,127.0777996,bus,bus,bus_station_seoul_cleaned.csv
신성은하수아파트,,37.5885779,127.0737057,bus,bus,bus_station_seoul_cleaned.csv
신성은하수아파트,,37.58845406,127.0734455,bus,bus,bus_station_seoul_cleaned.csv
면목2동한신아파트,,37.58733432,127.0740441,bus,bus,bus_station_seoul_cleaned.csv
면목2동한신아파트,,37.586758,127.074238,bus,bus,bus_station_seoul_cleaned.csv
겸재교입구.서울시집집마당,,37.58560777,127.0758896,bus,bus,bus_station_seoul_cleaned.csv
겸재교입구.서울시집집마당,,37.58590719,127.0761005,bus,bus,bus_station_seoul_cleaned.csv
동서그랜드맨션,,37.58611096,127.0779518,bus,bus,bus_station_seoul_cleaned.csv
동서그랜드맨션,,37.58648655,127.078807,bus,bus,bus_station_seoul_cleaned.csv
하나은행면목지점,,37.58681611,127.0811114,bus,bus,bus_station_seoul_cleaned.csv
하나은행면목지점,,37.58702789,127.0810409,bus,bus,bus_station_seoul_cleaned.csv
면목복개천,,37.587913,127.086043,bus,bus,bus_station_seoul_cleaned.csv
면목복개천,,37.58805288,127.0856702,bus,bus,bus_station_seoul_cleaned.csv
면목역2번출구,,37.58849555,127.0886341,bus,bus,bus_station_seoul_cleaned.csv
면목역2번출구,,37.58867888,127.0885502,bus,bus,bus_station_seoul_cleaned.csv
농협앞,,37.58918267,127.0919716,bus,bus,bus_station_seoul_cleaned.csv
농협앞,,37.58944667,127.0919969,bus,bus,bus_station_seoul_cleaned.csv
혜원여중고후문,,37.590197,127.09618,bus,bus,bus_station_seoul_cleaned.csv
혜원여중고후문,,37.5904649,127.0963953,bus,bus,bus_station_seoul_cleaned.csv
면목마젤란아파트,,37.58682434,127.0837401,bus,bus,bus_station_seoul_cleaned.csv
면목마젤란아파트,,37.58670525,127.0839472,bus,bus,bus_station_seoul_cleaned.csv
녹색병원입구,,37.58415445,127.0836907,bus,bus,bus_station_seoul_cleaned.csv
녹색병원입구,,37.58490259,127.0833643,bus,bus,bus_station_seoul_cleaned.csv
면목두산1차.사가정아이파크,,37.58193312,127.0838864,bus,bus,bus_station_seoul_cleaned.csv
면목두산1차.사가정아이파크,,37.58183068,127.0834866,bus,bus,bus_station_seoul_cleaned.csv
면목두산아파트4.5단지,,37.5784556,127.0811929,bus,bus,bus_station_seoul_cleaned.csv
면목두산아파트4.5단지,,37.57854054,127.081026,bus,bus,bus_station_seoul_cleaned.csv
사가정센트럴아이파크아파트,,37.5813735,127.0819886,bus,bus,bus_station_seoul_cleaned.csv
홈플러스면목동점,,37.58113087,127.0817184,bus,bus,bus_station_seoul_cleaned.csv
면목두산아파트2차,,37.58110794,127.0848478,bus,bus,bus_station_seoul_cleaned.csv
면목두산아파트2차,,37.58099772,127.084643,bus,bus,bus_station_seoul_cleaned.csv
사가정역,,37.58090769,127.0876317,bus,bus,bus_station_seoul_cleaned.csv
사가정역3번출구,,37.58066242,127.0872974,bus,bus,bus_station_seoul_cleaned.csv
사가정시장,,37.5806428,127.0894314,bus,bus,bus_station_seoul_cleaned.csv
사가정역4번출구.사가정시장,,37.58044017,127.089301,bus,bus,bus_station_seoul_cleaned.csv
용마산교차로,,37.58063593,127.0925023,bus,bus,bus_station_seoul_cleaned.csv
중화2동주민센터,,37.60163525,127.0767626,bus,bus,bus_station_seoul_cleaned.csv
중화2동주민센터,,37.60141304,127.077011,bus,bus,bus_station_seoul_cleaned.csv
중화역3번출구,,37.6017066,127.0787353,bus,bus,bus_station_seoul_cleaned.csv
중화역3번출구,,37.60145047,127.0789975,bus,bus,bus_station_seoul_cleaned.csv
중화역2번출구.중화1동주민센터,,37.60169442,127.080683,bus,bus,bus_station_seoul_cleaned.csv
중화역2번출구.중화1동주민센터,,37.601522,127.080945,bus,bus,bus_station_seoul_cleaned.csv
중흥초등학교,,37.60178942,127.0827319,bus,bus,bus_station_seoul_cleaned.csv
중흥초등학교,,37.60168334,127.0830923,bus,bus,bus_station_seoul_cleaned.csv
이화연립.경동제일교회앞,,37.60235189,127.0849966,bus,bus,bus_station_seoul_cleaned.csv
이화연립.경동제일교회앞,,37.60229443,127.0853154,bus,bus,bus_station_seoul_cleaned.csv
쌍용아파트.신내테크노타운앞,,37.60335,127.088091,bus,bus,bus_station_seoul_cleaned.csv
쌍용아파트.신내테크노타운앞,,37.60311558,127.0880531,bus,bus,bus_station_seoul_cleaned.csv
엘지아파트앞,,37.60410238,127.0898625,bus,bus,bus_station_seoul_cleaned.csv
엘지아파트앞,,37.60394938,127.090002,bus,bus,bus_station_seoul_cleaned.csv
신현중학교,,37.60531017,127.0917486,bus,bus,bus_station_seoul_cleaned.csv
신현중학교,,37.60479174,127.0914212,bus,bus,bus_station_seoul_cleaned.csv
중랑구청,,37.60664397,127.0941823,bus,bus,bus_station_seoul_cleaned.csv
중랑구청,,37.60620561,127.0936349,bus,bus,bus_station_seoul_cleaned.csv
동성프라자앞,,37.60777153,127.0971854,bus,bus,bus_station_seoul_cleaned.csv
동성프라자앞,,37.60770719,127.0976237,bus,bus,bus_station_seoul_cleaned.csv
성원아파트.경남아너스빌앞,,37.60395684,127.0954657,bus,bus,bus_station_seoul_cleaned.csv
성원아파트.경남아너스빌앞,,37.60345008,127.0958887,bus,bus,bus_station_seoul_cleaned.csv
중랑구청사거리,,37.60562052,127.0952115,bus,bus,bus_station_seoul_cleaned.csv
중랑구청사거리,,37.60605737,127.0953791,bus,bus,bus_station_seoul_cleaned.csv
신내동성3차아파트,,37.60764321,127.0952481,bus,bus,bus_station_seoul_cleaned.csv
신내동성1.2차아파트,,37.60975261,127.0960572,bus,bus,bus_station_seoul_cleaned.csv
신내10단지아파트,,37.60914701,127.095563,bus,bus,bus_station_seoul_cleaned.csv
신내9단지아파트,,37.61056948,127.0959907,bus,bus,bus_station_seoul_cleaned.csv
신내8단지아파트.서울의료원,,37.61311489,127.0961797,bus,bus,bus_station_seoul_cleaned.csv
신내9단지아파트.서울의료원,,37.61262614,127.096622,bus,bus,bus_station_seoul_cleaned.csv
신내7단지아파트.홈플러스,,37.61525321,127.0938875,bus,bus,bus_station_seoul_cleaned.csv
신내7단지아파트.홈플러스,,37.61552359,127.0937064,bus,bus,bus_station_seoul_cleaned.csv
봉화초등학교,,37.61376091,127.0917244,bus,bus,bus_station_seoul_cleaned.csv
봉화초등학교,,37.6138773,127.0915286,bus,bus,bus_station_seoul_cleaned.csv
신내6단지아파트.옹기테마공원,,37.61389708,127.0904185,bus,bus,bus_station_seoul_cleaned.csv
신내6단지,,37.61620986,127.0917761,bus,bus,bus_station_seoul_cleaned.csv
신내6단지아파트.옹기테마공원,,37.61398122,127.0900829,bus,bus,bus_station_seoul_cleaned.csv
신내우체국.5단지두산대림아파트,,37.6165664,127.0900173,bus,bus,bus_station_seoul_cleaned.csv
신내우체국.5단지두산대림아파트,,37.61663487,127.0897718,bus,bus,bus_station_seoul_cleaned.csv
중랑구립정보도서관.구민체육센터,,37.61560976,127.0870834,bus,bus,bus_station_seoul_cleaned.csv
중랑구립정보도서관.구민체육센터,,37.6157123,127.0871347,bus,bus,bus_station_seoul_cleaned.csv
신내4단지아파트,,37.61659277,127.086081,bus,bus,bus_station_seoul_cleaned.csv
신내5단지아파트,,37.61652713,127.0862463,bus,bus,bus_station_seoul_cleaned.csv
화랑대역6번출구,,37.61964031,127.0858733,bus,bus,bus_station_seoul_cleaned.csv
화랑대역5번출구,,37.61985182,127.086185,bus,bus,bus_station_seoul_cleaned.csv
봉화산역2번출구,,37.61670431,127.0931755,bus,bus,bus_station_seoul_cleaned.csv
봉화산역3번출구,,37.61645874,127.0929081,bus,bus,bus_station_seoul_cleaned.csv
중랑경찰서후문,,37.61987663,127.1055544,bus,bus,bus_station_seoul_cleaned.csv
새우개마을,,37.61824411,127.1033559,bus,bus,bus_station_seoul_cleaned.csv
신내능마을,,37.61436191,127.1016593,bus,bus,bus_station_seoul_cleaned.csv
신내능마을,,37.61455944,127.1014319,bus,bus,bus_station_seoul_cleaned.csv
신내데시앙아파트.신내역프라디움,,37.61054059,127.1013329,bus,bus,bus_station_seoul_cleaned.csv
신내데시앙아파트.신내역프라디움,,37.61053825,127.1010153,bus,bus,bus_station_seoul_cleaned.csv
신내초등학교.신내교회,,37.6061556,127.10075,bus,bus,bus_station_seoul_cleaned.csv
신내새한아파트.신내교회,,37.60583816,127.1010485,bus,bus,bus_station_seoul_cleaned.csv
능산지하차도,,37.60094741,127.1006376,bus,bus,bus_station_seoul_cleaned.csv
능산지하차도,,37.60108192,127.100349,bus,bus,bus_station_seoul_cleaned.csv
상봉터미널,,37.59646615,127.0931425,bus,bus,bus_station_seoul_cleaned.csv
상봉터미널,,37.59622669,127.0928591,bus,bus,bus_station_seoul_cleaned.csv
망우3동주민센터.혜원여중고후문,,37.59216765,127.0935437,bus,bus,bus_station_seoul_cleaned.csv
망우3동주민센터.혜원여중고후문,,37.59246525,127.0932383,bus,bus,bus_station_seoul_cleaned.csv
동원시장,,37.59045815,127.0937069,bus,bus,bus_station_seoul_cleaned.csv
동원시장,,37.59039979,127.0934407,bus,bus,bus_station_seoul_cleaned.csv
면목본동파출소,,37.58867095,127.0941327,bus,bus,bus_station_seoul_cleaned.csv
면목본동파출소,,37.58717592,127.0942916,bus,bus,bus_station_seoul_cleaned.csv
중화2동체육공원,,37.60036051,127.073873,bus,bus,bus_station_seoul_cleaned.csv
중화빗물펌프장,,37.59833435,127.0720151,bus,bus,bus_station_seoul_cleaned.csv
중랑으뜸새마을금고본점,,37.595615,127.072125,bus,bus,bus_station_seoul_cleaned.csv
중랑으뜸새마을금고본점,,37.59553214,127.0723481,bus,bus,bus_station_seoul_cleaned.csv
중랑세무서,,37.59381705,127.0724587,bus,bus,bus_station_seoul_cleaned.csv
중랑세무서,,37.59388448,127.0726966,bus,bus,bus_station_seoul_cleaned.csv
아남리치카운티아파트,,37.5904056,127.0853818,bus,bus,bus_station_seoul_cleaned.csv
망우동고개,,37.60128299,127.1083598,bus,bus,bus_station_seoul_cleaned.csv
망우금호어울림아파트,,37.602022,127.1080533,bus,bus,bus_station_seoul_cleaned.csv
망우동금호어울림아파트,,37.60236274,127.1080906,bus,bus,bus_station_seoul_cleaned.csv
경남아파트.서울특별시북부병원,,37.60382609,127.1071131,bus,bus,bus_station_seoul_cleaned.csv
서울특별시북부병원,,37.60409659,127.1071826,bus,bus,bus_station_seoul_cleaned.csv
양원역입구,,37.60553989,127.1061947,bus,bus,bus_station_seoul_cleaned.csv
양원역입구,,37.60563981,127.1063013,bus,bus,bus_station_seoul_cleaned.csv
양원리.LH서울양원1단지,,37.60952784,127.1065902,bus,bus,bus_station_seoul_cleaned.csv
양원리.신내역힐데스하임아파트,,37.60963618,127.1065048,bus,bus,bus_station_seoul_cleaned.csv
신내차량사업소입구.동서울교회,,37.61175222,127.1052682,bus,bus,bus_station_seoul_cleaned.csv
신내차량사업소입구.동서울교회,,37.61158521,127.1052575,bus,bus,bus_station_seoul_cleaned.csv
중랑공영차고지,,37.61364523,127.1020231,bus,bus,bus_station_seoul_cleaned.csv
면목아남아파트,,37.5903178,127.0850893,bus,bus,bus_station_seoul_cleaned.csv
중랑소방서,,37.61487459,127.0952203,bus,bus,bus_station_seoul_cleaned.csv
세방아파트입구,,37.61510925,127.0846193,bus,bus,bus_station_seoul_cleaned.csv
원묵고등학교,,37.61560103,127.0855859,bus,bus,bus_station_seoul_cleaned.csv
먹골파출소.신안아파트입구,,37.61455901,127.0823393,bus,bus,bus_station_seoul_cleaned.csv
먹골파출소.신안아파트입구,,37.61441336,127.0812405,bus,bus,bus_station_seoul_cleaned.csv
신안2차아파트,,37.61479742,127.078895,bus,bus,bus_station_seoul_cleaned.csv
신안2차아파트입구,,37.61441191,127.0800625,bus,bus,bus_station_seoul_cleaned.csv
중랑소방서,,37.61468221,127.0952174,bus,bus,bus_station_seoul_cleaned.csv
송곡여고.양원역,,37.60572863,127.1058005,bus,bus,bus_station_seoul_cleaned.csv
송곡여고.양원역,,37.605473,127.1056,bus,bus,bus_station_seoul_cleaned.csv
엘림재가방문요양센터,,37.60468533,127.103524,bus,bus,bus_station_seoul_cleaned.csv
엘림재가방문요양센터,,37.604392,127.103255,bus,bus,bus_station_seoul_cleaned.csv
이화미디어고.중랑숲어린이도서관,,37.6032313,127.1021142,bus,bus,bus_station_seoul_cleaned.csv
이화미디어고.중랑숲어린이도서관,,37.60311939,127.1023247,bus,bus,bus_station_seoul_cleaned.csv
금란교회,,37.60129236,127.1019921,bus,bus,bus_station_seoul_cleaned.csv
금란교회,,37.60118,127.10215,bus,bus,bus_station_seoul_cleaned.csv
망우사거리,,37.60053784,127.1001455,bus,bus,bus_station_seoul_cleaned.csv
망우사거리,,37.60037512,127.0999213,bus,bus,bus_station_seoul_cleaned.csv
신내지하차도,,37.59992018,127.0974108,bus,bus,bus_station_seoul_cleaned.csv
신내지하차도,,37.59976155,127.0974548,bus,bus,bus_station_seoul_cleaned.csv
신내6단지아파트,,37.61641039,127.0917056,bus,bus,bus_station_seoul_cleaned.csv
브라운스톤태릉아파트,,37.61827507,127.0830768,bus,bus,bus_station_seoul_cleaned.csv
브라운스톤태릉아파트,,37.61817604,127.0829521,bus,bus,bus_station_seoul_cleaned.csv
묵동교,,37.618035,127.079282,bus,bus,bus_station_seoul_cleaned.csv
묵동교,,37.6180005,127.0794582,bus,bus,bus_station_seoul_cleaned.csv
동양쇼핑,,37.61544016,127.0783873,bus,bus,bus_station_seoul_cleaned.csv
우리은행,,37.61576658,127.0767891,bus,bus,bus_station_seoul_cleaned.csv
목동교입구.로프트원오피스텔,,37.61558452,127.0768501,bus,bus,bus_station_seoul_cleaned.csv
한국아파트,,37.61493216,127.0732418,bus,bus,bus_station_seoul_cleaned.csv
동구햇살아파트,,37.6134823,127.0740059,bus,bus,bus_station_seoul_cleaned.csv
묵동롯데시네마,,37.61484754,127.075272,bus,bus,bus_station_seoul_cleaned.csv
묵동롯데시네마,,37.61502984,127.0755072,bus,bus,bus_station_seoul_cleaned.csv
브라운캐슬,,37.6135896,127.0753177,bus,bus,bus_station_seoul_cleaned.csv
브라운캐슬,,37.61361918,127.0755737,bus,bus,bus_station_seoul_cleaned.csv
먹골역입구,,37.61146399,127.0758009,bus,bus,bus_station_seoul_cleaned.csv
먹골역입구,,37.61149095,127.0759057,bus,bus,bus_station_seoul_cleaned.csv
묵2동주민센터,,37.60989469,127.0760355,bus,bus,bus_station_seoul_cleaned.csv
묵2동주민센터,,37.60990953,127.0761957,bus,bus,bus_station_seoul_cleaned.csv
금보당금은방,,37.60818849,127.0764233,bus,bus,bus_station_seoul_cleaned.csv
금보당금은방,,37.60792632,127.0766496,bus,bus,bus_station_seoul_cleaned.csv
신묵초등학교입구,,37.60673546,127.0767077,bus,bus,bus_station_seoul_cleaned.csv
신묵초등학교,,37.60673991,127.0767983,bus,bus,bus_station_seoul_cleaned.csv
제일시장,,37.60496964,127.076992,bus,bus,bus_station_seoul_cleaned.csv
제일프라자,,37.60499627,127.077142,bus,bus,bus_station_seoul_cleaned.csv
신동신약국,,37.60353674,127.0772499,bus,bus,bus_station_seoul_cleaned.csv
신동신약국,,37.60346891,127.0774178,bus,bus,bus_station_seoul_cleaned.csv
중화역입구.대원사약국,,37.60125308,127.0777108,bus,bus,bus_station_seoul_cleaned.csv
중화역입구,,37.60190097,127.0777475,bus,bus,bus_station_seoul_cleaned.csv
태릉시장입구,,37.59947863,127.0780328,bus,bus,bus_station_seoul_cleaned.csv
태릉프라자약국.농협,,37.59833569,127.0771464,bus,bus,bus_station_seoul_cleaned.csv
태릉시장입구굴다리,,37.59667652,127.0757519,bus,bus,bus_station_seoul_cleaned.csv
우남푸르미아아파트,,37.60724352,127.0992086,bus,bus,bus_station_seoul_cleaned.csv
우남푸르미아아파트,,37.60698499,127.0992198,bus,bus,bus_station_seoul_cleaned.csv
신내초등학교,,37.60519502,127.0977025,bus,bus,bus_station_seoul_cleaned.csv
신내초등학교,,37.60537728,127.0979377,bus,bus,bus_station_seoul_cleaned.csv
경남아파트,,37.6028373,127.096952,bus,bus,bus_station_seoul_cleaned.csv
대명프라자,,37.60246338,127.0970064,bus,bus,bus_station_seoul_cleaned.csv
건영아파트,,37.60234531,127.0959547,bus,bus,bus_station_seoul_cleaned.csv
상봉1동주민센터,,37.60043785,127.087649,bus,bus,bus_station_seoul_cleaned.csv
상봉1동주민센터,,37.60066513,127.0873673,bus,bus,bus_station_seoul_cleaned.csv
신내쌍용아파트,,37.60153821,127.0874691,bus,bus,bus_station_seoul_cleaned.csv
신내쌍용아파트,,37.60223451,127.087175,bus,bus,bus_station_seoul_cleaned.csv
면목두산아파트2.3단지,,37.57981406,127.0826783,bus,bus,bus_station_seoul_cleaned.csv
망우역,,37.59862979,127.092981,bus,bus,bus_station_seoul_cleaned.csv
중랑공영차고지.신내역,,37.61353239,127.1027961,bus,bus,bus_station_seoul_cleaned.csv
서울특별시북부병원,,37.605022,127.108843,bus,bus,bus_station_seoul_cleaned.csv
양원역,,37.60634435,127.107418,bus,bus,bus_station_seoul_cleaned.csv
성은교회앞,,37.59717217,127.0719816,bus,bus,bus_station_seoul_cleaned.csv
해모로아파트앞,,37.60193037,127.1113412,bus,bus,bus_station_seoul_cleaned.csv
먹골역5번출구,,37.60893655,127.0778547,bus,bus,bus_station_seoul_cleaned.csv
먹골역4번출구,,37.60936435,127.0781825,bus,bus,bus_station_seoul_cleaned.csv
중화2동체육공원,,37.60036268,127.073695,bus,bus,bus_station_seoul_cleaned.csv
태릉고등학교앞,,37.61843759,127.085377,bus,bus,bus_station_seoul_cleaned.csv
태릉고등학교.원묵초등학교,,37.61829,127.087245,bus,bus,bus_station_seoul_cleaned.csv
태릉고등학교.원묵초등학교,,37.61803874,127.0873412,bus,bus,bus_station_seoul_cleaned.csv
서울의료원후문,,37.61377266,127.0974334,bus,bus,bus_station_seoul_cleaned.csv
서울의료원후문,,37.613665,127.098397,bus,bus,bus_station_seoul_cleaned.csv
신내데시앙아파트후문,,37.61316281,127.0994458,bus,bus,bus_station_seoul_cleaned.csv
신내데시앙아파트후문,,37.61307545,127.1002632,bus,bus,bus_station_seoul_cleaned.csv
중화중학교삼거리,,37.58644917,127.0948851,bus,bus,bus_station_seoul_cleaned.csv
새우개마을입구,,37.61424373,127.09977,bus,bus,bus_station_seoul_cleaned.csv
신내역프라디움더테라스후문,,37.61267309,127.1018666,bus,bus,bus_station_seoul_cleaned.csv
용마산빌라,,37.57131213,127.0841214,bus,bus,bus_station_seoul_cleaned.csv
신내역4번출구,,37.61247922,127.1033382,bus,bus,bus_station_seoul_cleaned.csv
능말입구,,37.61384666,127.1056704,bus,bus,bus_station_seoul_cleaned.csv
망우역사문화공원,,37.60154824,127.1152136,bus,bus,bus_station_seoul_cleaned.csv
망우역사문화공원,,37.60184609,127.1153104,bus,bus,bus_station_seoul_cleaned.csv
신내SKV1센터,,37.61446129,127.1132712,bus,bus,bus_station_seoul_cleaned.csv
능말입구,,37.61378031,127.1054798,bus,bus,bus_station_seoul_cleaned.csv
중랑경찰서후문,,37.61968904,127.1048419,bus,bus,bus_station_seoul_cleaned.csv
당너머,,37.612606,127.109738,bus,bus,bus_station_seoul_cleaned.csv
당너머,,37.612494,127.109838,bus,bus,bus_station_seoul_cleaned.csv
신내데시앙포레아파트220동앞,,37.61540376,127.1128016,bus,bus,bus_station_seoul_cleaned.csv
신내데시앙포레아파트220동앞,,37.61598638,127.1127525,bus,bus,bus_station_seoul_cleaned.csv
신내데시앙포레아파트정문앞,,37.61656428,127.110942,bus,bus,bus_station_seoul_cleaned.csv
새솔초등학교입구,,37.6172677,127.109803,bus,bus,bus_station_seoul_cleaned.csv
새솔초등학교,,37.61743629,127.1083861,bus,bus,bus_station_seoul_cleaned.csv
중랑경찰서정문.우디안101동앞,,37.61777105,127.1056205,bus,bus,bus_station_seoul_cleaned.csv
중랑경찰서정문.우디안101동앞,,37.61768865,127.1053546,bus,bus,bus_station_seoul_cleaned.csv
신내우디안아파트107동앞,,37.6156282,127.1054535,bus,bus,bus_station_seoul_cleaned.csv
신내우디안아파트107동앞,,37.615298,127.1058995,bus,bus,bus_station_seoul_cleaned.csv
신내10단지아파트,,37.61038669,127.0952912,bus,bus,bus_station_seoul_cleaned.csv
중랑공영차고지삼거리,,37.6129736,127.1046668,bus,bus,bus_station_seoul_cleaned.csv
우디안아파트114동앞,,37.61886359,127.1074162,bus,bus,bus_station_seoul_cleaned.csv
우디안아파트114동앞,,37.61908457,127.1071503,bus,bus,bus_station_seoul_cleaned.csv
늘푸른공원.사가정센트럴아이파크,,37.58310843,127.0796406,bus,bus,bus_station_seoul_cleaned.csv
늘푸른공원.면목라온프라이빗,,37.58304851,127.0799299,bus,bus,bus_station_seoul_cleaned.csv
브라운캐슬B동,,37.61364714,127.0749989,bus,bus,bus_station_seoul_cleaned.csv
진로아파트앞.종점,,37.58761306,127.1019876,bus,bus,bus_station_seoul_cleaned.csv
중화동종점,,37.60006038,127.0825318,bus,bus,bus_station_seoul_cleaned.csv
진주빌라.바다약국,,37.58827021,127.1000297,bus,bus,bus_station_seoul_cleaned.csv
정신교회,,37.59979444,127.0813967,bus,bus,bus_station_seoul_cleaned.csv
마을금고,,37.59967885,127.0804464,bus,bus,bus_station_seoul_cleaned.csv
공판장,,37.58862902,127.0991229,bus,bus,bus_station_seoul_cleaned.csv
수협,,37.59955342,127.0793874,bus,bus,bus_station_seoul_cleaned.csv
새마을금고,,37.58916643,127.097656,bus,bus,bus_station_seoul_cleaned.csv
태릉시장,,37.59977225,127.0782426,bus,bus,bus_station_seoul_cleaned.csv
서일대정문,,37.58830503,127.0960783,bus,bus,bus_station_seoul_cleaned.csv
서울동부새마을금고본점,,37.58779305,127.0944316,bus,bus,bus_station_seoul_cleaned.csv
서일대정문,,37.58781395,127.0961201,bus,bus,bus_station_seoul_cleaned.csv
면목역,,37.58831332,127.0869543,bus,bus,bus_station_seoul_cleaned.csv
중랑초교정문.면목2동치안센터,,37.5896743,127.076024,bus,bus,bus_station_seoul_cleaned.csv
한신아파트상가,,37.58842145,127.0765526,bus,bus,bus_station_seoul_cleaned.csv
IBK기업은행면목동지점,,37.58765506,127.0850097,bus,bus,bus_station_seoul_cleaned.csv
한신아파트후문,,37.58735639,127.0765028,bus,bus,bus_station_seoul_cleaned.csv
마을금고,,37.59950498,127.0803975,bus,bus,bus_station_seoul_cleaned.csv
정신교회,,37.59965553,127.0816027,bus,bus,bus_station_seoul_cleaned.csv
중화동종점,,37.59993325,127.0826438,bus,bus,bus_station_seoul_cleaned.csv
지하철7호선면목역,,37.588388,127.0883234,bus,bus,bus_station_seoul_cleaned.csv
면목지구대,,37.58781584,127.0941044,bus,bus,bus_station_seoul_cleaned.csv
새마을금고,,37.58909458,127.0973219,bus,bus,bus_station_seoul_cleaned.csv
공판장,,37.58849032,127.0990423,bus,bus,bus_station_seoul_cleaned.csv
진주빌라.바다약국,,37.588189,127.099993,bus,bus,bus_station_seoul_cleaned.csv
진로아파트앞.종점,,37.58754774,127.1019847,bus,bus,bus_station_seoul_cleaned.csv
수협,,37.59938308,127.0794314,bus,bus,bus_station_seoul_cleaned.csv
중랑공영차고지.신내역,,37.613209,127.103628,bus,bus,bus_station_seoul_cleaned.csv
중랑공영차고지.종점,,37.613322,127.104468,bus,bus,bus_station_seoul_cleaned.csv
사가정역3번출구,,37.58073582,127.0870023,bus,bus,bus_station_seoul_cleaned.csv
망우역,,37.59864738,127.0925152,bus,bus,bus_station_seoul_cleaned.csv
길음2동주민센터,,37.60690619,127.0282093,bus,bus,bus_station_seoul_cleaned.csv
길음2동주민센터,,37.60611073,127.0274688,bus,bus,bus_station_seoul_cleaned.csv
길음뉴타운,,37.60370804,127.02428,bus,bus,bus_station_seoul_cleaned.csv
길음뉴타운,,37.6031113,127.0234418,bus,bus,bus_station_seoul_cleaned.csv
미아리고개.미아리예술극장,,37.5988113,127.0217091,bus,bus,bus_station_seoul_cleaned.csv
미아리고개.미아리예술극장,,37.597921,127.0218209,bus,bus,bus_station_seoul_cleaned.csv
돈암사거리.성신여대입구,,37.59374328,127.0181314,bus,bus,bus_station_seoul_cleaned.csv
돈암사거리.성신여대입구,,37.59325096,127.0176838,bus,bus,bus_station_seoul_cleaned.csv
삼선교.한성대학교,,37.58992275,127.0093609,bus,bus,bus_station_seoul_cleaned.csv
삼선교.한성대학교.조소앙활동터,,37.58932592,127.0082314,bus,bus,bus_station_seoul_cleaned.csv
숭곡초교입구,,37.60985768,127.0320882,bus,bus,bus_station_seoul_cleaned.csv
창문여고,,37.61185059,127.03582,bus,bus,bus_station_seoul_cleaned.csv
동방고개,,37.61370757,127.0382739,bus,bus,bus_station_seoul_cleaned.csv
장위동그린빌아파트,,37.61785258,127.0431131,bus,bus,bus_station_seoul_cleaned.csv
북서울꿈의숲,,37.62031711,127.0453451,bus,bus,bus_station_seoul_cleaned.csv
장월초등학교,,37.62356049,127.0486035,bus,bus,bus_station_seoul_cleaned.csv
국민대앞,,37.61067955,126.9940273,bus,bus,bus_station_seoul_cleaned.csv
국민대앞,,37.61108949,126.9940766,bus,bus,bus_station_seoul_cleaned.csv
국민대학교앞,,37.61080796,126.9946486,bus,bus,bus_station_seoul_cleaned.csv
청덕초등학교,,37.60867048,126.9990826,bus,bus,bus_station_seoul_cleaned.csv
청덕초교,,37.60863,127.00006,bus,bus,bus_station_seoul_cleaned.csv
북악중학교,,37.607386,127.002908,bus,bus,bus_station_seoul_cleaned.csv
고려대사범대학부속고등학교,,37.607888,127.002378,bus,bus,bus_station_seoul_cleaned.csv
봉국사,,37.605854,127.007624,bus,bus,bus_station_seoul_cleaned.csv
봉국사,,37.606138,127.007657,bus,bus,bus_station_seoul_cleaned.csv
정릉2동주민센터,,37.604593,127.011258,bus,bus,bus_station_seoul_cleaned.csv
정릉2동주민센터,,37.60498089,127.011199,bus,bus,bus_station_seoul_cleaned.csv
숭덕초교,,37.60335836,127.0146827,bus,bus,bus_station_seoul_cleaned.csv
숭덕초교,,37.60369802,127.0151143,bus,bus,bus_station_seoul_cleaned.csv
정릉길음시장,,37.60221556,127.0193251,bus,bus,bus_station_seoul_cleaned.csv
정릉길음시장.길음뉴타운9단지,,37.60256916,127.0195998,bus,bus,bus_station_seoul_cleaned.csv
길음역2번출구.돈암삼성아파트,,37.60187443,127.0245753,bus,bus,bus_station_seoul_cleaned.csv
길음역3번출구B,,37.60204131,127.0237699,bus,bus,bus_station_seoul_cleaned.csv
돈암1동주민센터,,37.60367154,127.0264232,bus,bus,bus_station_seoul_cleaned.csv
돈암1동주민센터,,37.60451168,127.0265679,bus,bus,bus_station_seoul_cleaned.csv
종암사거리,,37.603607,127.031172,bus,bus,bus_station_seoul_cleaned.csv
KT월곡지사,,37.6024464,127.0343782,bus,bus,bus_station_seoul_cleaned.csv
KT월곡지사,,37.60302926,127.0347002,bus,bus,bus_station_seoul_cleaned.csv
종암SK아파트,,37.60204672,127.037614,bus,bus,bus_station_seoul_cleaned.csv
성북구보건소,,37.60258906,127.0391629,bus,bus,bus_station_seoul_cleaned.csv
월곡역,,37.60162873,127.0414527,bus,bus,bus_station_seoul_cleaned.csv
월곡역,,37.60306999,127.0423481,bus,bus,bus_station_seoul_cleaned.csv
동덕여대앞,,37.60300278,127.0428339,bus,bus,bus_station_seoul_cleaned.csv
상월곡역.한국과학기술연구원,,37.60558826,127.0472776,bus,bus,bus_station_seoul_cleaned.csv
상월곡역.한국과학기술연구원,,37.605489,127.046447,bus,bus,bus_station_seoul_cleaned.csv
월곡중학교,,37.606895,127.049787,bus,bus,bus_station_seoul_cleaned.csv
월곡중학교,,37.60696636,127.049236,bus,bus,bus_station_seoul_cleaned.csv
장위아트포레.장위전통시장입구,,37.608343,127.052529,bus,bus,bus_station_seoul_cleaned.csv
장위아트포레.장위전통시장입구,,37.60844725,127.0521052,bus,bus,bus_station_seoul_cleaned.csv
돌곶이역5번출구,,37.61145131,127.0584865,bus,bus,bus_station_seoul_cleaned.csv
돌곶이역1번출구,,37.61058612,127.0562085,bus,bus,bus_station_seoul_cleaned.csv
장위동동원베네스트.온누리병원,,37.612043,127.058969,bus,bus,bus_station_seoul_cleaned.csv
석관동주민센터,,37.6133957,127.0619142,bus,bus,bus_station_seoul_cleaned.csv
석관동주민센터,,37.61344125,127.0614334,bus,bus,bus_station_seoul_cleaned.csv
석계역굴다리앞,,37.61433148,127.0657966,bus,bus,bus_station_seoul_cleaned.csv
석계역4번출구,,37.61510571,127.0671119,bus,bus,bus_station_seoul_cleaned.csv
성가복지병원,,37.60588272,127.0311379,bus,bus,bus_station_seoul_cleaned.csv
성가복지병원,,37.60592276,127.0315287,bus,bus,bus_station_seoul_cleaned.csv
종암경찰서,,37.60143263,127.0330444,bus,bus,bus_station_seoul_cleaned.csv
종암경찰서,,37.60110637,127.033684,bus,bus,bus_station_seoul_cleaned.csv
종암동주민센터,,37.59941526,127.0341075,bus,bus,bus_station_seoul_cleaned.csv
종암동주민센터,,37.59837375,127.0349567,bus,bus,bus_station_seoul_cleaned.csv
숭례초교,,37.59480527,127.0356812,bus,bus,bus_station_seoul_cleaned.csv
숭례초등학교,,37.59439692,127.0361702,bus,bus,bus_station_seoul_cleaned.csv
고대앞,,37.58856369,127.0348108,bus,bus,bus_station_seoul_cleaned.csv
우신향병원,,37.58513594,127.0316105,bus,bus,bus_station_seoul_cleaned.csv
안암오거리,,37.58248635,127.0290649,bus,bus,bus_station_seoul_cleaned.csv
대광초교,,37.57970665,127.0250277,bus,bus,bus_station_seoul_cleaned.csv
정릉북한산국립공원입구,,37.61772092,126.9992949,bus,bus,bus_station_seoul_cleaned.csv
정릉산장아파트,,37.616713,127.0033452,bus,bus,bus_station_seoul_cleaned.csv
정릉대우아파트,,37.616708,127.00386,bus,bus,bus_station_seoul_cleaned.csv
정릉4동주민센터.경국사,,37.6135244,127.006337,bus,bus,bus_station_seoul_cleaned.csv
정릉4동주민센터.경국사,,37.6133622,127.0067135,bus,bus,bus_station_seoul_cleaned.csv
성북청수도서관.정릉4동성당,,37.61156967,127.0084194,bus,bus,bus_station_seoul_cleaned.csv
성북청수도서관.정릉4동성당,,37.61089558,127.0090747,bus,bus,bus_station_seoul_cleaned.csv
정릉시장입구,,37.60846533,127.0098213,bus,bus,bus_station_seoul_cleaned.csv
정릉시장입구,,37.60803278,127.0101519,bus,bus,bus_station_seoul_cleaned.csv
정릉우체국앞,,37.6051645,127.0114121,bus,bus,bus_station_seoul_cleaned.csv
정릉우체국앞,,37.60539257,127.0115259,bus,bus,bus_station_seoul_cleaned.csv
미아초교,,37.61153187,127.022039,bus,bus,bus_station_seoul_cleaned.csv
미아초교,,37.61088662,127.0224658,bus,bus,bus_station_seoul_cleaned.csv
길음동동부아파트,,37.60728287,127.0235309,bus,bus,bus_station_seoul_cleaned.csv
길음동동부아파트,,37.60802487,127.0234547,bus,bus,bus_station_seoul_cleaned.csv
삼선동주민센터,,37.59061071,127.0143473,bus,bus,bus_station_seoul_cleaned.csv
삼선동주민센터,,37.59069177,127.0147154,bus,bus,bus_station_seoul_cleaned.csv
성북구청.성북경찰서,,37.58815138,127.0174307,bus,bus,bus_station_seoul_cleaned.csv
성북구청.성북경찰서,,37.58860541,127.0172299,bus,bus,bus_station_seoul_cleaned.csv
보문역2번출구,,37.58585142,127.0189209,bus,bus,bus_station_seoul_cleaned.csv
보문역6번출구,,37.5848759,127.0197707,bus,bus,bus_station_seoul_cleaned.csv
보문동성당,,37.58239632,127.0207962,bus,bus,bus_station_seoul_cleaned.csv
보문동성당,,37.58239897,127.0211155,bus,bus,bus_station_seoul_cleaned.csv
보문동주민센터,,37.5804515,127.0218635,bus,bus,bus_station_seoul_cleaned.csv
보문동주민센터,,37.58004809,127.0223781,bus,bus,bus_station_seoul_cleaned.csv
월계2교.참누리아파트,,37.62321836,127.0503746,bus,bus,bus_station_seoul_cleaned.csv
월계2교,,37.623825,127.050133,bus,bus,bus_station_seoul_cleaned.csv
광운초교앞,,37.61995296,127.052958,bus,bus,bus_station_seoul_cleaned.csv
광운초교,,37.62028579,127.053113,bus,bus,bus_station_seoul_cleaned.csv
성북청소년센터,,37.616488,127.056887,bus,bus,bus_station_seoul_cleaned.csv
성북청소년센터,,37.616156,127.0575142,bus,bus,bus_station_seoul_cleaned.csv
장위자이레디언트아파트,,37.6141178,127.0592242,bus,bus,bus_station_seoul_cleaned.csv
장위자이레디언트아파트,,37.61397337,127.0597361,bus,bus,bus_station_seoul_cleaned.csv
장위사거리,,37.61158926,127.0618334,bus,bus,bus_station_seoul_cleaned.csv
장위사거리,,37.61192533,127.0618299,bus,bus,bus_station_seoul_cleaned.csv
석관중고등학교앞,,37.60926115,127.0640252,bus,bus,bus_station_seoul_cleaned.csv
석관고등학교,,37.60943547,127.0643618,bus,bus,bus_station_seoul_cleaned.csv
석관동코오롱아파트,,37.60658528,127.0661262,bus,bus,bus_station_seoul_cleaned.csv
석관동코오롱아파트,,37.60669897,127.0663652,bus,bus,bus_station_seoul_cleaned.csv
북서울꿈의숲,,37.61924623,127.0451013,bus,bus,bus_station_seoul_cleaned.csv
북서울꿈의숲,,37.61911312,127.0456591,bus,bus,bus_station_seoul_cleaned.csv
장곡초교앞,,37.61765946,127.0477168,bus,bus,bus_station_seoul_cleaned.csv
장곡초교앞,,37.61770654,127.0479422,bus,bus,bus_station_seoul_cleaned.csv
하나은행장위동지점,,37.61621078,127.050021,bus,bus,bus_station_seoul_cleaned.csv
하나은행장위동지점,,37.61643,127.050048,bus,bus,bus_station_seoul_cleaned.csv
장위동원천주유소,,37.6146909,127.0525711,bus,bus,bus_station_seoul_cleaned.csv
장위동원천주유소,,37.61463079,127.0529741,bus,bus,bus_station_seoul_cleaned.csv
돌곶이역2번출구,,37.61209215,127.0555323,bus,bus,bus_station_seoul_cleaned.csv
돌곶이역7번출구,,37.61020459,127.0575579,bus,bus,bus_station_seoul_cleaned.csv
돌곶이역3번출구,,37.611744,127.056203,bus,bus,bus_station_seoul_cleaned.csv
석관시장,,37.60868974,127.0590704,bus,bus,bus_station_seoul_cleaned.csv
석관시장,,37.60900239,127.05906,bus,bus,bus_station_seoul_cleaned.csv
석관동새마을금고,,37.60745897,127.0603974,bus,bus,bus_station_seoul_cleaned.csv
석관동새마을금고,,37.60727176,127.0609376,bus,bus,bus_station_seoul_cleaned.csv
한국예술종합학교,,37.60564716,127.0618293,bus,bus,bus_station_seoul_cleaned.csv
한국예술종합학교,,37.60576191,127.0620209,bus,bus,bus_station_seoul_cleaned.csv
돈암힐스테이트.코오롱하늘채,,37.59843701,127.0142965,bus,bus,bus_station_seoul_cleaned.csv
꿈의숲아이파크아파트,,37.61801607,127.0513841,bus,bus,bus_station_seoul_cleaned.csv
꿈의숲아이파크아파트,,37.61801396,127.0510443,bus,bus,bus_station_seoul_cleaned.csv
장곡초교사거리,,37.617145,127.050007,bus,bus,bus_station_seoul_cleaned.csv
장곡초교사거리,,37.61727339,127.0499054,bus,bus,bus_station_seoul_cleaned.csv
서울다원학교.한용운활동터,,37.59450438,126.9918133,bus,bus,bus_station_seoul_cleaned.csv
동방문화대학원대학교,,37.59449545,126.9931664,bus,bus,bus_station_seoul_cleaned.csv
동방문화대학원대학교,,37.59478401,126.9937265,bus,bus,bus_station_seoul_cleaned.csv
성북구립미술관.쌍다리앞,,37.59359412,126.9958338,bus,bus,bus_station_seoul_cleaned.csv
성북구립미술관.쌍다리앞,,37.5937446,126.9959436,bus,bus,bus_station_seoul_cleaned.csv
성북초교.성북선잠박물관,,37.59306307,126.9987771,bus,bus,bus_station_seoul_cleaned.csv
성북초교.성북선잠박물관,,37.59308545,126.9978032,bus,bus,bus_station_seoul_cleaned.csv
홍익대부속중고등학교입구,,37.59321753,127.0006477,bus,bus,bus_station_seoul_cleaned.csv
홍익대부속중고등학교입구,,37.59327249,127.001531,bus,bus,bus_station_seoul_cleaned.csv
경신중고입구,,37.59178657,127.0028344,bus,bus,bus_station_seoul_cleaned.csv
경신중고입구,,37.59240983,127.0026666,bus,bus,bus_station_seoul_cleaned.csv
성북동주민센터.서울동구고,,37.59074669,127.0036474,bus,bus,bus_station_seoul_cleaned.csv
성북동주민센터.서울동구고,,37.59093892,127.0038752,bus,bus,bus_station_seoul_cleaned.csv
한성대입구역5번출구.삼선교,,37.588812,127.005502,bus,bus,bus_station_seoul_cleaned.csv
한성대입구역6번출구.삼선교,,37.58909407,127.0056131,bus,bus,bus_station_seoul_cleaned.csv
서울다원학교.한용운활동터,,37.59473862,126.9916547,bus,bus,bus_station_seoul_cleaned.csv
장위래미안아파트,,37.61889405,127.0524721,bus,bus,bus_station_seoul_cleaned.csv
신종월교,,37.5973108,127.0412493,bus,bus,bus_station_seoul_cleaned.csv
창문여고,,37.61178026,127.0356906,bus,bus,bus_station_seoul_cleaned.csv
장위래미안아파트,,37.61885342,127.0526589,bus,bus,bus_station_seoul_cleaned.csv
남대문중학교,,37.61805562,127.0546975,bus,bus,bus_station_seoul_cleaned.csv
남대문중학교,,37.61776668,127.0553788,bus,bus,bus_station_seoul_cleaned.csv
길음시장,,37.6030091,127.0235824,bus,bus,bus_station_seoul_cleaned.csv
길음시장,,37.60314977,127.0230921,bus,bus,bus_station_seoul_cleaned.csv
길음역10번출구,,37.60468301,127.0259508,bus,bus,bus_station_seoul_cleaned.csv
길음역9번출구,,37.60508777,127.0259217,bus,bus,bus_station_seoul_cleaned.csv
미아사거리,,37.61016767,127.0300444,bus,bus,bus_station_seoul_cleaned.csv
서경로꿈마루도서관앞,,37.61150524,127.0133874,bus,bus,bus_station_seoul_cleaned.csv
길원초등학교입구,,37.61043824,127.0143749,bus,bus,bus_station_seoul_cleaned.csv
길원초등학교입구,,37.610337,127.014672,bus,bus,bus_station_seoul_cleaned.csv
길음뉴타운11단지롯데캐슬,,37.60883392,127.0153629,bus,bus,bus_station_seoul_cleaned.csv
길음뉴타운11단지롯데캐슬,,37.608783,127.015477,bus,bus,bus_station_seoul_cleaned.csv
정릉동아.길음뉴타운데시앙아파트,,37.60629227,127.0149529,bus,bus,bus_station_seoul_cleaned.csv
길음뉴타운데시앙.정릉동아아파트,,37.60641,127.015123,bus,bus,bus_station_seoul_cleaned.csv
숭덕초교,,37.6038077,127.0145783,bus,bus,bus_station_seoul_cleaned.csv
성북생태체험관,,37.62022323,127.0064961,bus,bus,bus_station_seoul_cleaned.csv
정릉초교,,37.619058,127.00634,bus,bus,bus_station_seoul_cleaned.csv
정릉동풍림상가앞,,37.6167005,127.0077086,bus,bus,bus_station_seoul_cleaned.csv
정릉동풍림상가앞,,37.61676399,127.0081893,bus,bus,bus_station_seoul_cleaned.csv
정릉동풍림아파트.청소년문화의집,,37.61647724,127.0086762,bus,bus,bus_station_seoul_cleaned.csv
정릉입구.정릉역,,37.60242575,127.0135091,bus,bus,bus_station_seoul_cleaned.csv
정릉입구.정릉역,,37.60287635,127.0135073,bus,bus,bus_station_seoul_cleaned.csv
아리랑고개.아리랑시네미디어센터,,37.60063178,127.0137784,bus,bus,bus_station_seoul_cleaned.csv
아리랑고개.아리랑시네미디어센터,,37.60046617,127.0137362,bus,bus,bus_station_seoul_cleaned.csv
돈암2동주민센터입구.흥천사,,37.59672013,127.015117,bus,bus,bus_station_seoul_cleaned.csv
돈암2동주민센터입구.흥천사,,37.59619975,127.0156038,bus,bus,bus_station_seoul_cleaned.csv
성신여대입구역5번출구,,37.59373997,127.0161355,bus,bus,bus_station_seoul_cleaned.csv
성신여대입구역6번출구,,37.59374669,127.0164185,bus,bus,bus_station_seoul_cleaned.csv
한국과학기술연구원입구,,37.603913,127.044818,bus,bus,bus_station_seoul_cleaned.csv
대농빌라앞,,37.601778,127.043291,bus,bus,bus_station_seoul_cleaned.csv
월곡샹그레빌아파트,,37.59547762,127.0408149,bus,bus,bus_station_seoul_cleaned.csv
월곡샹그레빌아파트,,37.59540082,127.0408916,bus,bus,bus_station_seoul_cleaned.csv
장위동고개,,37.6142455,127.0406506,bus,bus,bus_station_seoul_cleaned.csv
장위동고개,,37.61437802,127.0409176,bus,bus,bus_station_seoul_cleaned.csv
장위1동주민센터,,37.61386179,127.0427869,bus,bus,bus_station_seoul_cleaned.csv
장위1동주민센터,,37.61399409,127.0434643,bus,bus,bus_station_seoul_cleaned.csv
장위1동치안센터,,37.613833,127.045172,bus,bus,bus_station_seoul_cleaned.csv
장위1동치안센터,,37.61397506,127.0461175,bus,bus,bus_station_seoul_cleaned.csv
청소년문화누림센터,,37.61359121,127.0484391,bus,bus,bus_station_seoul_cleaned.csv
청소년문화누림센터,,37.6138829,127.0487689,bus,bus,bus_station_seoul_cleaned.csv
월곡1동주민센터,,37.61082986,127.0352258,bus,bus,bus_station_seoul_cleaned.csv
월곡1동주민센터,,37.6103304,127.0356202,bus,bus,bus_station_seoul_cleaned.csv
밤나무골시장,,37.60945334,127.0356802,bus,bus,bus_station_seoul_cleaned.csv
월곡삼성래미안아파트,,37.609399,127.035937,bus,bus,bus_station_seoul_cleaned.csv
월곡동두산아파트,,37.60661914,127.0365918,bus,bus,bus_station_seoul_cleaned.csv
월곡동두산아파트,,37.60679973,127.0367047,bus,bus,bus_station_seoul_cleaned.csv
생명의전화,,37.604518,127.037215,bus,bus,bus_station_seoul_cleaned.csv
생명의전화,,37.60417724,127.0375355,bus,bus,bus_station_seoul_cleaned.csv
장곡초교,,37.61620243,127.0485302,bus,bus,bus_station_seoul_cleaned.csv
장곡초교,,37.61611957,127.0487985,bus,bus,bus_station_seoul_cleaned.csv
보문역5번출구,,37.58546373,127.0202536,bus,bus,bus_station_seoul_cleaned.csv
보문역4번출구,,37.58565118,127.0200804,bus,bus,bus_station_seoul_cleaned.csv
안암동주민센터,,37.58604643,127.0219386,bus,bus,bus_station_seoul_cleaned.csv
안암동주민센터,,37.58626802,127.022369,bus,bus,bus_station_seoul_cleaned.csv
고려대이공대.고대병원,,37.58617438,127.0259868,bus,bus,bus_station_seoul_cleaned.csv
고려대이공대.고대병원,,37.58643344,127.0258793,bus,bus,bus_station_seoul_cleaned.csv
안암역3번출구,,37.58622925,127.0305239,bus,bus,bus_station_seoul_cleaned.csv
안암역2번출구,,37.58636448,127.030276,bus,bus,bus_station_seoul_cleaned.csv
안암오거리,,37.58329644,127.0295931,bus,bus,bus_station_seoul_cleaned.csv
개운사입구,,37.58583034,127.0294582,bus,bus,bus_station_seoul_cleaned.csv
성신여대입구역3번출구.돈암시장,,37.591444,127.016715,bus,bus,bus_station_seoul_cleaned.csv
성신여대입구역2번출구.돈암시장,,37.5917149,127.0167719,bus,bus,bus_station_seoul_cleaned.csv
성북구청,,37.589376,127.01817,bus,bus,bus_station_seoul_cleaned.csv
성북구청,,37.58993356,127.0175711,bus,bus,bus_station_seoul_cleaned.csv
보문2교,,37.58911963,127.019435,bus,bus,bus_station_seoul_cleaned.csv
보문2교,,37.58904935,127.019146,bus,bus,bus_station_seoul_cleaned.csv
성신여대후문,,37.58904934,127.0220957,bus,bus,bus_station_seoul_cleaned.csv
성신여대후문,,37.58913493,127.0221071,bus,bus,bus_station_seoul_cleaned.csv
용문중고교,,37.58769433,127.0229775,bus,bus,bus_station_seoul_cleaned.csv
용문중고교,,37.58735639,127.0231483,bus,bus,bus_station_seoul_cleaned.csv
안암초교,,37.58692021,127.0233962,bus,bus,bus_station_seoul_cleaned.csv
안암초교,,37.58710519,127.023434,bus,bus,bus_station_seoul_cleaned.csv
돈암초교입구,,37.59107576,127.012138,bus,bus,bus_station_seoul_cleaned.csv
정릉3동주민센터앞,,37.60844741,127.0044112,bus,bus,bus_station_seoul_cleaned.csv
정릉3동주민센터앞,,37.608556,127.0047218,bus,bus,bus_station_seoul_cleaned.csv
삼덕단지.성북구최만린미술관,,37.61038674,127.0050597,bus,bus,bus_station_seoul_cleaned.csv
삼덕단지.성북구최만린미술관,,37.610417,127.005238,bus,bus,bus_station_seoul_cleaned.csv
솔샘사거리,,37.61277879,127.0069542,bus,bus,bus_station_seoul_cleaned.csv
솔샘사거리,,37.61266998,127.0072777,bus,bus,bus_station_seoul_cleaned.csv
보문역3번출구,,37.585933,127.019202,bus,bus,bus_station_seoul_cleaned.csv
성북우체국.현대백화점,,37.6078214,127.0293808,bus,bus,bus_station_seoul_cleaned.csv
정릉동풍림아파트,,37.61648398,127.0088885,bus,bus,bus_station_seoul_cleaned.csv
현대백화점,,37.6082685,127.0292317,bus,bus,bus_station_seoul_cleaned.csv
돈암동일신건영휴먼빌아파트,,37.601461,127.013386,bus,bus,bus_station_seoul_cleaned.csv
석계역5번출구,,37.61389253,127.0653703,bus,bus,bus_station_seoul_cleaned.csv
석계역,,37.61359876,127.0654623,bus,bus,bus_station_seoul_cleaned.csv
월곡2SH빌아파트,,37.59751093,127.0422176,bus,bus,bus_station_seoul_cleaned.csv
석관고등학교후문,,37.61069925,127.0664989,bus,bus,bus_station_seoul_cleaned.csv
길음역3번출구A,,37.60220788,127.0243192,bus,bus,bus_station_seoul_cleaned.csv
청소년문화의집.정릉e편한세상,,37.6151911,127.0089069,bus,bus,bus_station_seoul_cleaned.csv
상진운수종점,,37.61119774,127.0652478,bus,bus,bus_station_seoul_cleaned.csv
상진운수종점,,37.61126743,127.0656288,bus,bus,bus_station_seoul_cleaned.csv
대진여객차고지,,37.617689,127.000797,bus,bus,bus_station_seoul_cleaned.csv
정릉북한산국립공원입구,,37.61785832,126.9993487,bus,bus,bus_station_seoul_cleaned.csv
풍림아파트삼거리,,37.617339,127.007432,bus,bus,bus_station_seoul_cleaned.csv
성북생태체험관,,37.62015341,127.0064961,bus,bus,bus_station_seoul_cleaned.csv
정릉초교,,37.618938,127.006424,bus,bus,bus_station_seoul_cleaned.csv
파크빌라앞,,37.59822561,127.0059082,bus,bus,bus_station_seoul_cleaned.csv
골드하우스,,37.59848696,127.004555,bus,bus,bus_station_seoul_cleaned.csv
월곡중학교,,37.60623486,127.0478487,bus,bus,bus_station_seoul_cleaned.csv
508단지삼거리,,37.59933309,127.0055357,bus,bus,bus_station_seoul_cleaned.csv
산장빌라,,37.59901574,127.0074088,bus,bus,bus_station_seoul_cleaned.csv
산장빌라,,37.59877612,127.0073998,bus,bus,bus_station_seoul_cleaned.csv
성북참노인전문병원,,37.597501,127.005612,bus,bus,bus_station_seoul_cleaned.csv
교수단지,,37.59966698,127.0092829,bus,bus,bus_station_seoul_cleaned.csv
우방아파트,,37.6002114,127.0094555,bus,bus,bus_station_seoul_cleaned.csv
일신건영아파트.꿈에그린아파트,,37.60149142,127.012109,bus,bus,bus_station_seoul_cleaned.csv
일신건영아파트.꿈에그린아파트,,37.60145104,127.012227,bus,bus,bus_station_seoul_cleaned.csv
돈암힐스테이트.코오롱하늘채,,37.59883305,127.014404,bus,bus,bus_station_seoul_cleaned.csv
돈암동일신건영휴먼빌아파트,,37.60164375,127.0136261,bus,bus,bus_station_seoul_cleaned.csv
구민회관입구,,37.59670335,127.0064557,bus,bus,bus_station_seoul_cleaned.csv
508단지입구,,37.59917446,127.0063862,bus,bus,bus_station_seoul_cleaned.csv
스카이힐스,,37.59948326,127.0036633,bus,bus,bus_station_seoul_cleaned.csv
508단지삼거리,,37.59922586,127.0056343,bus,bus,bus_station_seoul_cleaned.csv
대일외고.서경대정문,,37.612945,127.013145,bus,bus,bus_station_seoul_cleaned.csv
서경대본관,,37.61546,127.011423,bus,bus,bus_station_seoul_cleaned.csv
서경대본관,,37.615626,127.011687,bus,bus,bus_station_seoul_cleaned.csv
길음뉴타운8단지,,37.60757,127.015877,bus,bus,bus_station_seoul_cleaned.csv
길음뉴타운8단지,,37.60740681,127.015704,bus,bus,bus_station_seoul_cleaned.csv
서경로꿈마루도서관앞,,37.611633,127.013476,bus,bus,bus_station_seoul_cleaned.csv
국민커뮤니티센터,,37.61228265,127.0044097,bus,bus,bus_station_seoul_cleaned.csv
정릉연립,,37.61221355,127.0043718,bus,bus,bus_station_seoul_cleaned.csv
국민대후문,,37.61119731,126.9994533,bus,bus,bus_station_seoul_cleaned.csv
국민대후문,,37.61117298,126.9998641,bus,bus,bus_station_seoul_cleaned.csv
고려대사범대학부속고등학교.후문,,37.60950598,126.9992951,bus,bus,bus_station_seoul_cleaned.csv
고려대사범대학부속고등학교.후문,,37.60946143,126.9995107,bus,bus,bus_station_seoul_cleaned.csv
월곡래미안루나밸리,,37.59965566,127.04116,bus,bus,bus_station_seoul_cleaned.csv
길음뉴타운10단지.라온유아파트,,37.60298754,127.0181336,bus,bus,bus_station_seoul_cleaned.csv
숭곡초교후문,,37.60927755,127.0328338,bus,bus,bus_station_seoul_cleaned.csv
월곡아남아파트,,37.6064774,127.0345111,bus,bus,bus_station_seoul_cleaned.csv
월곡동신아파트,,37.6045306,127.0360245,bus,bus,bus_station_seoul_cleaned.csv
돌곶이역8번출구,,37.610303,127.056327,bus,bus,bus_station_seoul_cleaned.csv
한성대입구역,,37.58936299,127.0047237,bus,bus,bus_station_seoul_cleaned.csv
장위동입구,,37.61373132,127.0390305,bus,bus,bus_station_seoul_cleaned.csv
북한산보국문역2번출구,,37.6122939,127.0079858,bus,bus,bus_station_seoul_cleaned.csv
북한산보국문역1번출구,,37.61208355,127.0083291,bus,bus,bus_station_seoul_cleaned.csv
일신초교.래미안라센트아파트,,37.59824197,127.0394368,bus,bus,bus_station_seoul_cleaned.csv
서울사대부설중학교,,37.59614341,127.0383641,bus,bus,bus_station_seoul_cleaned.csv
서울사대부설고등학교,,37.59364737,127.0371653,bus,bus,bus_station_seoul_cleaned.csv
일신휴먼빌.우정아파트,,37.60043941,127.0112534,bus,bus,bus_station_seoul_cleaned.csv
고려아파트,,37.59856235,127.0272458,bus,bus,bus_station_seoul_cleaned.csv
장월초교.참누리아파트,,37.6234017,127.048262,bus,bus,bus_station_seoul_cleaned.csv
동방주택,,37.61658542,127.0437264,bus,bus,bus_station_seoul_cleaned.csv
장위중학교,,37.61190904,127.0405011,bus,bus,bus_station_seoul_cleaned.csv
신안APT.길음초등학교,,37.61422433,127.0164202,bus,bus,bus_station_seoul_cleaned.csv
정릉4동종점,,37.61294369,127.0101775,bus,bus,bus_station_seoul_cleaned.csv
산림초소,,37.61391999,126.9979441,bus,bus,bus_station_seoul_cleaned.csv
정릉2동주민센터,,37.60460856,127.0110779,bus,bus,bus_station_seoul_cleaned.csv
성신여대입구역3번출구,,37.59229187,127.0164517,bus,bus,bus_station_seoul_cleaned.csv
삼선푸르지오APT앞,,37.58515834,127.0135777,bus,bus,bus_station_seoul_cleaned.csv
한성대정문,,37.58256252,127.0112286,bus,bus,bus_station_seoul_cleaned.csv
한신113동앞,,37.59434268,127.0085998,bus,bus,bus_station_seoul_cleaned.csv
낙산삼거리,,37.5802666,127.0105671,bus,bus,bus_station_seoul_cleaned.csv
돈암2동주민센터,,37.59759119,127.0108661,bus,bus,bus_station_seoul_cleaned.csv
종암중학교,,37.59328447,127.0348753,bus,bus,bus_station_seoul_cleaned.csv
종암교통정보센터,,37.59402618,127.035903,bus,bus,bus_station_seoul_cleaned.csv
고려슈퍼,,37.59864062,127.0277679,bus,bus,bus_station_seoul_cleaned.csv
슈퍼앞,,37.61580872,127.0422166,bus,bus,bus_station_seoul_cleaned.csv
월곡청소년센터.오동숲속도서관,,37.61101519,127.0404315,bus,bus,bus_station_seoul_cleaned.csv
푸르지오211동,,37.612893,127.017015,bus,bus,bus_station_seoul_cleaned.csv
KEB하나은행.오렌지마트,,37.6113038,127.0091703,bus,bus,bus_station_seoul_cleaned.csv
중앙하이츠정문,,37.60269737,127.010978,bus,bus,bus_station_seoul_cleaned.csv
한양슈퍼앞,,37.58346812,127.0111699,bus,bus,bus_station_seoul_cleaned.csv
구민회관201동앞,,37.59558793,127.0092873,bus,bus,bus_station_seoul_cleaned.csv
돈암지구대.현대아파트,,37.59697889,127.0127098,bus,bus,bus_station_seoul_cleaned.csv
선경아파트,,37.59437491,127.0344613,bus,bus,bus_station_seoul_cleaned.csv
세븐마트,,37.59254985,127.0356654,bus,bus,bus_station_seoul_cleaned.csv
죽림정사,,37.59953144,127.0292269,bus,bus,bus_station_seoul_cleaned.csv
나약국,,37.61433447,127.0413542,bus,bus,bus_station_seoul_cleaned.csv
동아아파트,,37.60815435,127.0474094,bus,bus,bus_station_seoul_cleaned.csv
월곡인조잔디구장,,37.60866188,127.0394709,bus,bus,bus_station_seoul_cleaned.csv
푸르지오정문.e편한세상후문,,37.61196514,127.0176159,bus,bus,bus_station_seoul_cleaned.csv
넓은마당,,37.61460573,126.9997044,bus,bus,bus_station_seoul_cleaned.csv
중앙하이츠후문,,37.60353447,127.0093598,bus,bus,bus_station_seoul_cleaned.csv
성신여대정문앞,,37.59076583,127.0197375,bus,bus,bus_station_seoul_cleaned.csv
한성대입구3거리,,37.586412,127.010945,bus,bus,bus_station_seoul_cleaned.csv
(구)법화사,,37.58474164,127.0110898,bus,bus,bus_station_seoul_cleaned.csv
이수아파트.한신휴아파트입구,,37.5966165,127.0141174,bus,bus,bus_station_seoul_cleaned.csv
극동아파트정문,,37.5954238,127.034369,bus,bus,bus_station_seoul_cleaned.csv
고려대법과대학.한국어교육관입구,,37.59135577,127.0330195,bus,bus,bus_station_seoul_cleaned.csv
래미안세레니티,,37.59904844,127.0293309,bus,bus,bus_station_seoul_cleaned.csv
장위1동주민센터,,37.61381835,127.0432921,bus,bus,bus_station_seoul_cleaned.csv
이지마트,,37.60978611,127.0476777,bus,bus,bus_station_seoul_cleaned.csv
월곡1동밤골경로당,,37.60741717,127.0403854,bus,bus,bus_station_seoul_cleaned.csv
새생명교회,,37.61103192,127.0182401,bus,bus,bus_station_seoul_cleaned.csv
도광사,,37.61540949,127.0014669,bus,bus,bus_station_seoul_cleaned.csv
정수초교,,37.60437243,127.0088361,bus,bus,bus_station_seoul_cleaned.csv
성신여대평생교육원,,37.58927537,127.0200666,bus,bus,bus_station_seoul_cleaned.csv
성신여대입구역5번출구,,37.59350747,127.0162096,bus,bus,bus_station_seoul_cleaned.csv
극동아파트후문,,37.59602238,127.0334882,bus,bus,bus_station_seoul_cleaned.csv
고려대안암학사,,37.59125821,127.0305848,bus,bus,bus_station_seoul_cleaned.csv
통일교회,,37.59775706,127.0297868,bus,bus,bus_station_seoul_cleaned.csv
장위1동치안센터,,37.613804,127.0455235,bus,bus,bus_station_seoul_cleaned.csv
GS25장위제일점,,37.61085547,127.0482277,bus,bus,bus_station_seoul_cleaned.csv
초림빌라,,37.60746502,127.0410681,bus,bus,bus_station_seoul_cleaned.csv
대림상가앞,,37.61080237,127.0199286,bus,bus,bus_station_seoul_cleaned.csv
현대아파트앞,,37.60908319,127.0203179,bus,bus,bus_station_seoul_cleaned.csv
산장아파트,,37.61665995,127.0035141,bus,bus,bus_station_seoul_cleaned.csv
그린빌라,,37.60392813,127.0082027,bus,bus,bus_station_seoul_cleaned.csv
삼선시장앞,,37.58811073,127.0088742,bus,bus,bus_station_seoul_cleaned.csv
종암아이파크2차정문,,37.59689216,127.0326607,bus,bus,bus_station_seoul_cleaned.csv
고려대아이스링크,,37.59304125,127.0278066,bus,bus,bus_station_seoul_cleaned.csv
그린마트,,37.59798292,127.0310202,bus,bus,bus_station_seoul_cleaned.csv
장위천주교앞,,37.61261138,127.0489731,bus,bus,bus_station_seoul_cleaned.csv
동덕여대후문,,37.60665421,127.0408383,bus,bus,bus_station_seoul_cleaned.csv
e편한세상정문,,37.61111294,127.0216764,bus,bus,bus_station_seoul_cleaned.csv
래미안821동앞,,37.60639122,127.0217979,bus,bus,bus_station_seoul_cleaned.csv
정수빌라,,37.60343921,127.0078193,bus,bus,bus_station_seoul_cleaned.csv
한성대입구역.성북천분수마루,,37.58809735,127.0067692,bus,bus,bus_station_seoul_cleaned.csv
삼선시장,,37.58814495,127.0091097,bus,bus,bus_station_seoul_cleaned.csv
동방고개,,37.61375249,127.0383227,bus,bus,bus_station_seoul_cleaned.csv
정덕초교입구.이수아파트,,37.59673049,127.0144254,bus,bus,bus_station_seoul_cleaned.csv
현대홈마트,,37.59774179,127.0330031,bus,bus,bus_station_seoul_cleaned.csv
성북구의회,,37.59455809,127.0264562,bus,bus,bus_station_seoul_cleaned.csv
종암아이파크2차후문,,37.59780245,127.0319703,bus,bus,bus_station_seoul_cleaned.csv
장위시장,,37.61330871,127.0500349,bus,bus,bus_station_seoul_cleaned.csv
두산아파트후문,,37.60596285,127.0402906,bus,bus,bus_station_seoul_cleaned.csv
파리바게트앞,,37.61138848,127.0226563,bus,bus,bus_station_seoul_cleaned.csv
길음시장입구,,37.60517253,127.0223666,bus,bus,bus_station_seoul_cleaned.csv
길음역출구,,37.60221058,127.0243523,bus,bus,bus_station_seoul_cleaned.csv
그린빌라,,37.60372483,127.0082622,bus,bus,bus_station_seoul_cleaned.csv
한신105동앞,,37.5926519,127.0088904,bus,bus,bus_station_seoul_cleaned.csv
장위동그린빌아파트,,37.61777873,127.0430066,bus,bus,bus_station_seoul_cleaned.csv
돈암지구대.현대아파트,,37.59717253,127.0127463,bus,bus,bus_station_seoul_cleaned.csv
개운중학교,,37.59417817,127.0248944,bus,bus,bus_station_seoul_cleaned.csv
성북노인정입구,,37.59785269,127.0327767,bus,bus,bus_station_seoul_cleaned.csv
어해랑앞,,37.61397753,127.0529125,bus,bus,bus_station_seoul_cleaned.csv
자산약국.월곡전철역입구.6호선,,37.60434125,127.0392307,bus,bus,bus_station_seoul_cleaned.csv
동부아파트.샘물교회앞,,37.61183698,127.0238854,bus,bus,bus_station_seoul_cleaned.csv
길음역7번출구,,37.604146,127.024173,bus,bus,bus_station_seoul_cleaned.csv
수녀원,,37.61192038,127.0053135,bus,bus,bus_station_seoul_cleaned.csv
정수초교,,37.60418164,127.0087719,bus,bus,bus_station_seoul_cleaned.csv
고려대이공대,,37.58612781,127.0250423,bus,bus,bus_station_seoul_cleaned.csv
삼선교.한성대입구역,,37.58947881,127.0051557,bus,bus,bus_station_seoul_cleaned.csv
한신103동앞,,37.59220352,127.0082621,bus,bus,bus_station_seoul_cleaned.csv
북서울꿈의숲,,37.61994503,127.0451512,bus,bus,bus_station_seoul_cleaned.csv
돈암신일해피트리아파트,,37.59778824,127.0110067,bus,bus,bus_station_seoul_cleaned.csv
통일교회,,37.5978598,127.0297529,bus,bus,bus_station_seoul_cleaned.csv
풍림아파트.성신초교,,37.59519308,127.0235199,bus,bus,bus_station_seoul_cleaned.csv
한미약국,,37.59894277,127.0343462,bus,bus,bus_station_seoul_cleaned.csv
세광빌라,,37.61460863,127.0541544,bus,bus,bus_station_seoul_cleaned.csv
래미안길음센터피스120동앞,,37.61200784,127.0255415,bus,bus,bus_station_seoul_cleaned.csv
중앙하이츠후문,,37.60344889,127.0092607,bus,bus,bus_station_seoul_cleaned.csv
고대병원,,37.58611383,127.0271631,bus,bus,bus_station_seoul_cleaned.csv
풍림106동,,37.59764254,127.0220561,bus,bus,bus_station_seoul_cleaned.csv
성북노인정입구,,37.5979671,127.0328514,bus,bus,bus_station_seoul_cleaned.csv
성북청소년센터,,37.616426,127.056928,bus,bus,bus_station_seoul_cleaned.csv
관문약국,,37.6156128,127.0553083,bus,bus,bus_station_seoul_cleaned.csv
동덕여대부속유치원앞,,37.60612287,127.0452759,bus,bus,bus_station_seoul_cleaned.csv
영훈중고후문.길음래미안센터피스,,37.61245434,127.0274933,bus,bus,bus_station_seoul_cleaned.csv
성북미디어문화마루,,37.604206,127.022848,bus,bus,bus_station_seoul_cleaned.csv
구.정릉3동주민센터,,37.60948832,127.0058967,bus,bus,bus_station_seoul_cleaned.csv
중앙하이츠정문,,37.60269563,127.0107186,bus,bus,bus_station_seoul_cleaned.csv
한성대입구역5번출구,,37.58922023,127.0050894,bus,bus,bus_station_seoul_cleaned.csv
참누리아파트,,37.622979,127.047741,bus,bus,bus_station_seoul_cleaned.csv
고명중고교,,37.5987114,127.0203281,bus,bus,bus_station_seoul_cleaned.csv
종암아이파크2차후문,,37.59790248,127.0319114,bus,bus,bus_station_seoul_cleaned.csv
장위자이레디언트1단지,,37.61521768,127.0581116,bus,bus,bus_station_seoul_cleaned.csv
우리랜드사우나,,37.61670624,127.0563241,bus,bus,bus_station_seoul_cleaned.csv
석계역7번출구,,37.614303,127.065428,bus,bus,bus_station_seoul_cleaned.csv
석관두산아파트,,37.61416291,127.0676261,bus,bus,bus_station_seoul_cleaned.csv
성북레포츠타운,,37.61008212,127.0703009,bus,bus,bus_station_seoul_cleaned.csv
석관고,,37.610065,127.067226,bus,bus,bus_station_seoul_cleaned.csv
미아사거리전철역,,37.61232702,127.0297023,bus,bus,bus_station_seoul_cleaned.csv
길음시장입구,,37.605175,127.022454,bus,bus,bus_station_seoul_cleaned.csv
정든마을,,37.60945863,127.0073021,bus,bus,bus_station_seoul_cleaned.csv
국민은행장위동지점,,37.61357676,127.0481921,bus,bus,bus_station_seoul_cleaned.csv
고대사거리,,37.58627744,127.0322869,bus,bus,bus_station_seoul_cleaned.csv
한성대입구역2번출구,,37.58853078,127.0067964,bus,bus,bus_station_seoul_cleaned.csv
삼선교제1시장,,37.58779458,127.0068903,bus,bus,bus_station_seoul_cleaned.csv
개운초등학교,,37.60133012,127.0288154,bus,bus,bus_station_seoul_cleaned.csv
브라운스톤,,37.5995444,127.0175919,bus,bus,bus_station_seoul_cleaned.csv
그린마트,,37.59809646,127.0309919,bus,bus,bus_station_seoul_cleaned.csv
래미안610동앞,,37.60555492,127.022283,bus,bus,bus_station_seoul_cleaned.csv
수보약국,,37.60868624,127.0078742,bus,bus,bus_station_seoul_cleaned.csv
쌍다리,,37.59342471,126.9958836,bus,bus,bus_station_seoul_cleaned.csv
녹십자약국,,37.58963444,127.009282,bus,bus,bus_station_seoul_cleaned.csv
삼선교제2시장,,37.58777915,127.0086669,bus,bus,bus_station_seoul_cleaned.csv
종암래미안,,37.60174078,127.029768,bus,bus,bus_station_seoul_cleaned.csv
힐스테이트,,37.59980236,127.0170332,bus,bus,bus_station_seoul_cleaned.csv
현대백화점,,37.60832062,127.0293255,bus,bus,bus_station_seoul_cleaned.csv
래미안609동앞,,37.60653989,127.0218416,bus,bus,bus_station_seoul_cleaned.csv
오렌지마트,,37.61136145,127.009364,bus,bus,bus_station_seoul_cleaned.csv
정릉시장입구,,37.60827069,127.0098054,bus,bus,bus_station_seoul_cleaned.csv
용광교회,,37.59253079,126.9948588,bus,bus,bus_station_seoul_cleaned.csv
삼영탕앞,,37.58881169,127.0100293,bus,bus,bus_station_seoul_cleaned.csv
성북세무서앞,,37.5881656,127.0101255,bus,bus,bus_station_seoul_cleaned.csv
종암아이파크1차후문,,37.60218394,127.0304477,bus,bus,bus_station_seoul_cleaned.csv
우성APT정문,,37.60060187,127.0152066,bus,bus,bus_station_seoul_cleaned.csv
길음2동주민센터,,37.60667921,127.0278026,bus,bus,bus_station_seoul_cleaned.csv
래미안501동앞,,37.6086973,127.0206925,bus,bus,bus_station_seoul_cleaned.csv
북정마을삼거리,,37.5925496,126.9925917,bus,bus,bus_station_seoul_cleaned.csv
성북세무서앞,,37.58787632,127.0104481,bus,bus,bus_station_seoul_cleaned.csv
본교회앞,,37.58864214,127.0116236,bus,bus,bus_station_seoul_cleaned.csv
성북소방서,,37.60257349,127.0309356,bus,bus,bus_station_seoul_cleaned.csv
장위자이레디언트1단지,,37.615128,127.058557,bus,bus,bus_station_seoul_cleaned.csv
석계역,,37.61462873,127.0647168,bus,bus,bus_station_seoul_cleaned.csv
장위2동주민센터,,37.61278669,127.0548565,bus,bus,bus_station_seoul_cleaned.csv
길음역7번출구,,37.604236,127.024372,bus,bus,bus_station_seoul_cleaned.csv
장위2동주민센터,,37.61288202,127.0550831,bus,bus,bus_station_seoul_cleaned.csv
돌곶이역3번출구,,37.61111699,127.0568972,bus,bus,bus_station_seoul_cleaned.csv
길음1동주민센터.길음중앙새마을금고앞,,37.60992294,127.0197437,bus,bus,bus_station_seoul_cleaned.csv
국민은행사거리,,37.61370561,127.0482092,bus,bus,bus_station_seoul_cleaned.csv
슈퍼앞,,37.5931263,126.9927208,bus,bus,bus_station_seoul_cleaned.csv
한성대입구사거리,,37.58586144,127.0109053,bus,bus,bus_station_seoul_cleaned.csv
성북경찰서사거리앞,,37.58962488,127.0147163,bus,bus,bus_station_seoul_cleaned.csv
종암아이파크1차정문,,37.60352297,127.0303645,bus,bus,bus_station_seoul_cleaned.csv
꿈의숲대명루첸아파트,,37.61974964,127.0480041,bus,bus,bus_station_seoul_cleaned.csv
돈암힐스테이트.코오롱하늘채,,37.59851546,127.0142624,bus,bus,bus_station_seoul_cleaned.csv
고려슈퍼,,37.59865957,127.0276683,bus,bus,bus_station_seoul_cleaned.csv
성북청소년센터,,37.61658011,127.057125,bus,bus,bus_station_seoul_cleaned.csv
새생명교회,,37.61099997,127.0183055,bus,bus,bus_station_seoul_cleaned.csv
돈암코오롱하늘채.일신휴먼빌,,37.59959922,127.0113467,bus,bus,bus_station_seoul_cleaned.csv
서경대정문.대일외고,,37.61312516,127.013025,bus,bus,bus_station_seoul_cleaned.csv
북정경로당,,37.5926486,126.9909758,bus,bus,bus_station_seoul_cleaned.csv
(구)법화사,,37.5845909,127.010998,bus,bus,bus_station_seoul_cleaned.csv
범양APT입구,,37.60395266,127.0272104,bus,bus,bus_station_seoul_cleaned.csv
선잠로3길입구,,37.59595261,126.9972124,bus,bus,bus_station_seoul_cleaned.csv
선잠로3길입구,,37.59602798,126.9968838,bus,bus,bus_station_seoul_cleaned.csv
원진프라자앞,,37.59954398,127.032945,bus,bus,bus_station_seoul_cleaned.csv
푸르지오정문.e편한세상후문,,37.61229132,127.0176896,bus,bus,bus_station_seoul_cleaned.csv
선잠단지.성락원앞,,37.5947299,126.9989243,bus,bus,bus_station_seoul_cleaned.csv
선잠단지.성락원앞,,37.59459476,126.9989215,bus,bus,bus_station_seoul_cleaned.csv
북정마을삼거리.모정앞,,37.59236034,126.9922226,bus,bus,bus_station_seoul_cleaned.csv
성북동성당,,37.59544618,126.9977806,bus,bus,bus_station_seoul_cleaned.csv
성북동성당,,37.59547546,126.9976561,bus,bus,bus_station_seoul_cleaned.csv
성북빌리지,,37.59671461,126.9966105,bus,bus,bus_station_seoul_cleaned.csv
성북빌리지,,37.59665122,126.9965774,bus,bus,bus_station_seoul_cleaned.csv
한양슈퍼앞,,37.58358708,127.0110533,bus,bus,bus_station_seoul_cleaned.csv
돈암초등학교,,37.59153996,127.0123873,bus,bus,bus_station_seoul_cleaned.csv
길음역,,37.60444771,127.0256431,bus,bus,bus_station_seoul_cleaned.csv
북악슈퍼,,37.59750841,126.9949423,bus,bus,bus_station_seoul_cleaned.csv
래미안장위퍼스트하이아파트,,37.61950399,127.0505519,bus,bus,bus_station_seoul_cleaned.csv
북악슈퍼,,37.59754089,126.9948251,bus,bus,bus_station_seoul_cleaned.csv
우리랜드사우나,,37.61670813,127.056127,bus,bus,bus_station_seoul_cleaned.csv
푸르지오211동,,37.613075,127.016919,bus,bus,bus_station_seoul_cleaned.csv
용광교회,,37.59244068,126.9947886,bus,bus,bus_station_seoul_cleaned.csv
길상사,,37.59831844,126.9938902,bus,bus,bus_station_seoul_cleaned.csv
수협동소문동지점,,37.59043362,127.0102798,bus,bus,bus_station_seoul_cleaned.csv
길상사,,37.598274,126.993744,bus,bus,bus_station_seoul_cleaned.csv
정릉꿈에그린아파트,,37.60157044,127.0115042,bus,bus,bus_station_seoul_cleaned.csv
종암사거리입구,,37.60099383,127.0334093,bus,bus,bus_station_seoul_cleaned.csv
정릉꿈에그린아파트,,37.60157044,127.0112628,bus,bus,bus_station_seoul_cleaned.csv
아리랑시장,,37.60241978,127.0114967,bus,bus,bus_station_seoul_cleaned.csv
아리랑시장,,37.60226165,127.0113726,bus,bus,bus_station_seoul_cleaned.csv
중앙하이츠빌아파트,,37.60255452,127.0107922,bus,bus,bus_station_seoul_cleaned.csv
세계문화유산정릉,,37.6015365,127.009671,bus,bus,bus_station_seoul_cleaned.csv
정릉꿈에그린1단지,,37.602175,127.0108956,bus,bus,bus_station_seoul_cleaned.csv
일신휴먼빌.우정아파트,,37.60008351,127.0113043,bus,bus,bus_station_seoul_cleaned.csv
돈암코오롱하늘채아파트,,37.59888069,127.0113126,bus,bus,bus_station_seoul_cleaned.csv
돈암코오롱하늘채아파트,,37.59879283,127.011372,bus,bus,bus_station_seoul_cleaned.csv
힐스테이트입구,,37.60651152,127.0281286,bus,bus,bus_station_seoul_cleaned.csv
한국가구박물관입구,,37.59929095,126.9926083,bus,bus,bus_station_seoul_cleaned.csv
우리옛돌박물관.정법사,,37.600604,126.99003,bus,bus,bus_station_seoul_cleaned.csv
한국가구박물관입구,,37.5997707,126.9921864,bus,bus,bus_station_seoul_cleaned.csv
북서울꿈의숲,,37.62035662,127.0452973,bus,bus,bus_station_seoul_cleaned.csv
관문약국,,37.6158597,127.0552994,bus,bus,bus_station_seoul_cleaned.csv
쌍다리,,37.59338237,126.9959969,bus,bus,bus_station_seoul_cleaned.csv
삼선교,,37.58917411,127.0074487,bus,bus,bus_station_seoul_cleaned.csv
현대백화점별관주차장,,37.60753672,127.0291417,bus,bus,bus_station_seoul_cleaned.csv
세광빌라,,37.61490944,127.0544843,bus,bus,bus_station_seoul_cleaned.csv
간대어린이공원,,37.61863784,127.0511835,bus,bus,bus_station_seoul_cleaned.csv
돌곶이역2번출구,,37.61150753,127.056174,bus,bus,bus_station_seoul_cleaned.csv
성가복지병원앞,,37.60593949,127.0311141,bus,bus,bus_station_seoul_cleaned.csv
꿈의숲코오롱하늘채아파트,,37.61914139,127.0456141,bus,bus,bus_station_seoul_cleaned.csv
어해랑앞,,37.61404666,127.0526527,bus,bus,bus_station_seoul_cleaned.csv
고대병원,,37.58648291,127.0262501,bus,bus,bus_station_seoul_cleaned.csv
한신103동앞,,37.59202331,127.0082088,bus,bus,bus_station_seoul_cleaned.csv
성북소방서,,37.6028,127.0315251,bus,bus,bus_station_seoul_cleaned.csv
장위시장,,37.6134406,127.0505764,bus,bus,bus_station_seoul_cleaned.csv
생명의전화로터리,,37.6038353,127.0378091,bus,bus,bus_station_seoul_cleaned.csv
정릉시장입구.정릉약국,,37.60837072,127.0097442,bus,bus,bus_station_seoul_cleaned.csv
꿈의숲동문앞,,37.62092404,127.0458244,bus,bus,bus_station_seoul_cleaned.csv
꿈의숲대명루첸아파트,,37.61938291,127.0469647,bus,bus,bus_station_seoul_cleaned.csv
종암아이파크1차후문,,37.6022065,127.0302915,bus,bus,bus_station_seoul_cleaned.csv
돈암힐스테이트.코오롱하늘채,,37.59879169,127.014367,bus,bus,bus_station_seoul_cleaned.csv
자산약국.월곡전철역입구.6호선,,37.60417271,127.0393383,bus,bus,bus_station_seoul_cleaned.csv
수보약국,,37.60870425,127.0080441,bus,bus,bus_station_seoul_cleaned.csv
종암래미안,,37.6018588,127.0298304,bus,bus,bus_station_seoul_cleaned.csv
장위천주교앞,,37.6123943,127.0487838,bus,bus,bus_station_seoul_cleaned.csv
월곡시장.동덕여대오거리,,37.60412738,127.0427145,bus,bus,bus_station_seoul_cleaned.csv
정든마을,,37.60961673,127.0073695,bus,bus,bus_station_seoul_cleaned.csv
용문중고교,,37.58776,127.023075,bus,bus,bus_station_seoul_cleaned.csv
개운초등학교,,37.601682,127.02905,bus,bus,bus_station_seoul_cleaned.csv
우성APT정문,,37.60045094,127.0152062,bus,bus,bus_station_seoul_cleaned.csv
나약국,,37.61429479,127.0414528,bus,bus,bus_station_seoul_cleaned.csv
GS25장위제일점,,37.61105374,127.0481667,bus,bus,bus_station_seoul_cleaned.csv
월곡로데오거리,,37.60489939,127.0438729,bus,bus,bus_station_seoul_cleaned.csv
대동슈퍼,,37.61117786,127.0058855,bus,bus,bus_station_seoul_cleaned.csv
한진206동앞,,37.5954941,127.0107233,bus,bus,bus_station_seoul_cleaned.csv
죽림정사앞,,37.5996513,127.0291749,bus,bus,bus_station_seoul_cleaned.csv
쌍용APT,,37.60002772,127.0164194,bus,bus,bus_station_seoul_cleaned.csv
슈퍼앞,,37.61565007,127.0423241,bus,bus,bus_station_seoul_cleaned.csv
이지마트,,37.60998707,127.0476291,bus,bus,bus_station_seoul_cleaned.csv
동아아파트정문앞,,37.60688703,127.0461343,bus,bus,bus_station_seoul_cleaned.csv
수녀원입구,,37.61189514,127.005548,bus,bus,bus_station_seoul_cleaned.csv
성신여대평생교육원,,37.58934382,127.020258,bus,bus,bus_station_seoul_cleaned.csv
명신초.삼선푸르지오.힐스테이트,,37.58225939,127.0145993,bus,bus,bus_station_seoul_cleaned.csv
브라운스톤,,37.59929765,127.0176786,bus,bus,bus_station_seoul_cleaned.csv
동아아파트,,37.60803185,127.0472756,bus,bus,bus_station_seoul_cleaned.csv
월곡중학교입구,,37.60759128,127.0471292,bus,bus,bus_station_seoul_cleaned.csv
돈암시장,,37.59130195,127.0134834,bus,bus,bus_station_seoul_cleaned.csv
창신쌍용2단지.한성대후문,,37.58139636,127.0127355,bus,bus,bus_station_seoul_cleaned.csv
고명중고교,,37.59846102,127.0202967,bus,bus,bus_station_seoul_cleaned.csv
상월곡역,,37.60686383,127.0478038,bus,bus,bus_station_seoul_cleaned.csv
월곡초교,,37.60912891,127.0461799,bus,bus,bus_station_seoul_cleaned.csv
산장아파트,,37.61660879,127.0034686,bus,bus,bus_station_seoul_cleaned.csv
성북구청.경동고입구,,37.58780158,127.0175977,bus,bus,bus_station_seoul_cleaned.csv
한신301동앞,,37.59621511,127.0089861,bus,bus,bus_station_seoul_cleaned.csv
낙산삼거리,,37.58028014,127.0103599,bus,bus,bus_station_seoul_cleaned.csv
풍림아파트,,37.59743346,127.022079,bus,bus,bus_station_seoul_cleaned.csv
월곡중학교,,37.60679759,127.0488367,bus,bus,bus_station_seoul_cleaned.csv
월곡초등학교후문,,37.61137919,127.0454756,bus,bus,bus_station_seoul_cleaned.csv
도광사,,37.61543202,127.0013582,bus,bus,bus_station_seoul_cleaned.csv
경동고앞,,37.58704143,127.0149049,bus,bus,bus_station_seoul_cleaned.csv
구민회관201동앞,,37.59549999,127.0091044,bus,bus,bus_station_seoul_cleaned.csv
현대홈마트,,37.59777427,127.0328695,bus,bus,bus_station_seoul_cleaned.csv
풍림아파트.성신초교,,37.59526977,127.0230545,bus,bus,bus_station_seoul_cleaned.csv
누구나교회,,37.61190835,127.044896,bus,bus,bus_station_seoul_cleaned.csv
넓은마당,,37.61468593,126.9997383,bus,bus,bus_station_seoul_cleaned.csv
삼선노인정,,37.58637475,127.0138721,bus,bus,bus_station_seoul_cleaned.csv
한신113동앞,,37.59446343,127.0085262,bus,bus,bus_station_seoul_cleaned.csv
종암아이파크2차정문,,37.5969733,127.0325169,bus,bus,bus_station_seoul_cleaned.csv
개운중학교,,37.59404657,127.0250869,bus,bus,bus_station_seoul_cleaned.csv
태광빌라,,37.61229368,127.0439163,bus,bus,bus_station_seoul_cleaned.csv
삼선초교,,37.58510655,127.0134135,bus,bus,bus_station_seoul_cleaned.csv
동구고등학교후문,,37.59370386,127.0084192,bus,bus,bus_station_seoul_cleaned.csv
극동아파트후문,,37.59601611,127.033333,bus,bus,bus_station_seoul_cleaned.csv
성북구의회,,37.59448608,127.0261062,bus,bus,bus_station_seoul_cleaned.csv
장위1동노인정,,37.61161439,127.043045,bus,bus,bus_station_seoul_cleaned.csv
고려대역.숭례초교,,37.59489256,127.0360345,bus,bus,bus_station_seoul_cleaned.csv
극동아파트정문,,37.59541933,127.034267,bus,bus,bus_station_seoul_cleaned.csv
고려대아이스링크,,37.5929133,127.0278066,bus,bus,bus_station_seoul_cleaned.csv
하트마트편의점,,37.61208121,127.0415425,bus,bus,bus_station_seoul_cleaned.csv
선경아파트,,37.59436413,127.0343481,bus,bus,bus_station_seoul_cleaned.csv
고려대안암학사,,37.59125386,127.0299756,bus,bus,bus_station_seoul_cleaned.csv
종암중학교,,37.59323044,127.0347677,bus,bus,bus_station_seoul_cleaned.csv
고려대법과대학.한국어교육관입구,,37.591334,127.033307,bus,bus,bus_station_seoul_cleaned.csv
해병대전우회,,37.59242909,127.0356891,bus,bus,bus_station_seoul_cleaned.csv
성북세무서앞,,37.58792226,127.0105659,bus,bus,bus_station_seoul_cleaned.csv
꿈의숲대명루첸아파트,,37.62081958,127.0456216,bus,bus,bus_station_seoul_cleaned.csv
래미안세레니티,,37.59905652,127.0294148,bus,bus,bus_station_seoul_cleaned.csv
양광교회.죽림정사앞,,37.59957016,127.029364,bus,bus,bus_station_seoul_cleaned.csv
석관동주민센터,,37.61298587,127.0613211,bus,bus,bus_station_seoul_cleaned.csv
한신105동앞,,37.59267315,127.0090299,bus,bus,bus_station_seoul_cleaned.csv
한신108동앞,,37.59357395,127.0094244,bus,bus,bus_station_seoul_cleaned.csv
스카이프라자앞.111동앞,,37.59451104,127.0104117,bus,bus,bus_station_seoul_cleaned.csv
한진207동앞,,37.59631409,127.0106667,bus,bus,bus_station_seoul_cleaned.csv
한진202동앞,,37.59652924,127.0096986,bus,bus,bus_station_seoul_cleaned.csv
한진204동앞,,37.5964459,127.0096873,bus,bus,bus_station_seoul_cleaned.csv
한진207동앞,,37.59635711,127.0104212,bus,bus,bus_station_seoul_cleaned.csv
스카이프라자앞.111동,,37.59475559,127.0104115,bus,bus,bus_station_seoul_cleaned.csv
한신108동앞,,37.5939787,127.0096419,bus,bus,bus_station_seoul_cleaned.csv
삼선동주민센터,,37.59100901,127.0142591,bus,bus,bus_station_seoul_cleaned.csv
수유3동우체국,,37.64134568,127.0291615,bus,bus,bus_station_seoul_cleaned.csv
수유3동우체국,,37.64089302,127.0288271,bus,bus,bus_station_seoul_cleaned.csv
수유역.수유사거리,,37.63650855,127.0240046,bus,bus,bus_station_seoul_cleaned.csv
수유역.강북구청,,37.63759172,127.0253079,bus,bus,bus_station_seoul_cleaned.csv
수유시장.성신여대미아캠퍼스앞,,37.63122621,127.024172,bus,bus,bus_station_seoul_cleaned.csv
수유시장.성신여대미아캠퍼스앞,,37.63035019,127.0246144,bus,bus,bus_station_seoul_cleaned.csv
미아역.신일중고,,37.62486968,127.0266493,bus,bus,bus_station_seoul_cleaned.csv
미아역.신일중고,,37.62429503,127.027045,bus,bus,bus_station_seoul_cleaned.csv
도봉세무서.성암국제무역고,,37.61971409,127.0287194,bus,bus,bus_station_seoul_cleaned.csv
도봉세무서.성암국제무역고,,37.61883721,127.0292481,bus,bus,bus_station_seoul_cleaned.csv
미아사거리역,,37.61376212,127.0299325,bus,bus,bus_station_seoul_cleaned.csv
미아사거리역,,37.61289431,127.0302131,bus,bus,bus_station_seoul_cleaned.csv
수유역.강북구청,,37.63828952,127.0258704,bus,bus,bus_station_seoul_cleaned.csv
우이동도선사입구.북한산우이역,,37.66265459,127.0127135,bus,bus,bus_station_seoul_cleaned.csv
우이동성원아파트,,37.660809,127.013424,bus,bus,bus_station_seoul_cleaned.csv
우이동성원아파트,,37.662045,127.013357,bus,bus,bus_station_seoul_cleaned.csv
진성빌라사거리,,37.65969094,127.0137598,bus,bus,bus_station_seoul_cleaned.csv
서라벌중학교.우이동대우아파트,,37.65509758,127.0129303,bus,bus,bus_station_seoul_cleaned.csv
덕성여대.솔밭근린공원,,37.65138093,127.0126092,bus,bus,bus_station_seoul_cleaned.csv
4.19민주묘지역,,37.64911099,127.0137115,bus,bus,bus_station_seoul_cleaned.csv
4.19민주묘지역,,37.649113,127.014019,bus,bus,bus_station_seoul_cleaned.csv
국립4.19민주묘지입구사거리,,37.648147,127.013448,bus,bus,bus_station_seoul_cleaned.csv
국립4.19민주묘지입구사거리,,37.64803,127.013707,bus,bus,bus_station_seoul_cleaned.csv
국립419묘지삼거리.윤극영가옥,,37.64653,127.010438,bus,bus,bus_station_seoul_cleaned.csv
국립419묘지삼거리.윤극영가옥,,37.64632246,127.0106932,bus,bus,bus_station_seoul_cleaned.csv
인수동백운교회입구,,37.64458788,127.0106566,bus,bus,bus_station_seoul_cleaned.csv
인수동백운교회입구,,37.64430942,127.0109422,bus,bus,bus_station_seoul_cleaned.csv
인수중학교.극동아파트,,37.64250367,127.0108286,bus,bus,bus_station_seoul_cleaned.csv
인수중학교.극동아파트,,37.64231082,127.0110529,bus,bus,bus_station_seoul_cleaned.csv
서울영어마을수유캠프.국립재활원입구,,37.64005127,127.0119023,bus,bus,bus_station_seoul_cleaned.csv
서울영어마을수유캠프.국립재활원입구,,37.6403058,127.0118514,bus,bus,bus_station_seoul_cleaned.csv
인수동장미원,,37.64503338,127.0155272,bus,bus,bus_station_seoul_cleaned.csv
인수동장미원,,37.64459989,127.0159997,bus,bus,bus_station_seoul_cleaned.csv
가오리역,,37.64188,127.016555,bus,bus,bus_station_seoul_cleaned.csv
가오리역,,37.64168058,127.0168114,bus,bus,bus_station_seoul_cleaned.csv
강북청년창업마루,,37.646853,127.01746,bus,bus,bus_station_seoul_cleaned.csv
강북청년창업마루,,37.64675783,127.0170949,bus,bus,bus_station_seoul_cleaned.csv
수유2동주민센터.우이시장,,37.64508867,127.0194289,bus,bus,bus_station_seoul_cleaned.csv
수유2동주민센터.우이시장,,37.644893,127.020202,bus,bus,bus_station_seoul_cleaned.csv
광산사거리,,37.64336548,127.0217662,bus,bus,bus_station_seoul_cleaned.csv
광산사거리,,37.64365152,127.0219164,bus,bus,bus_station_seoul_cleaned.csv
우이초등학교후문,,37.63839715,127.0136268,bus,bus,bus_station_seoul_cleaned.csv
우이초등학교후문,,37.63842866,127.0138285,bus,bus,bus_station_seoul_cleaned.csv
인수동청수탕입구,,37.63716801,127.0128649,bus,bus,bus_station_seoul_cleaned.csv
인수동청수탕입구,,37.63651846,127.0130724,bus,bus,bus_station_seoul_cleaned.csv
우이초등학교,,37.63650893,127.0171141,bus,bus,bus_station_seoul_cleaned.csv
우이초등학교,,37.63681,127.017357,bus,bus,bus_station_seoul_cleaned.csv
화계사입구.한신대학교대학원,,37.6339739,127.0139576,bus,bus,bus_station_seoul_cleaned.csv
화계사입구.한신대학교대학원,,37.6337259,127.0139522,bus,bus,bus_station_seoul_cleaned.csv
수유동삼양탕앞,,37.63408,127.015551,bus,bus,bus_station_seoul_cleaned.csv
수유동삼양탕앞,,37.6338204,127.0149108,bus,bus,bus_station_seoul_cleaned.csv
화계사입구사거리,,37.63428662,127.0168991,bus,bus,bus_station_seoul_cleaned.csv
화계사입구사거리,,37.63399314,127.0168721,bus,bus,bus_station_seoul_cleaned.csv
강북노인종합복지관,,37.63443345,127.0189956,bus,bus,bus_station_seoul_cleaned.csv
강북노인종합복지관,,37.63421713,127.0191414,bus,bus,bus_station_seoul_cleaned.csv
신일병원,,37.63472269,127.0222678,bus,bus,bus_station_seoul_cleaned.csv
신일병원,,37.63438712,127.0212163,bus,bus,bus_station_seoul_cleaned.csv
강북구청,,37.640412,127.02602,bus,bus,bus_station_seoul_cleaned.csv
강북구청,,37.64061432,127.0262069,bus,bus,bus_station_seoul_cleaned.csv
강북경찰서입구,,37.63514335,127.0286868,bus,bus,bus_station_seoul_cleaned.csv
강북경찰서입구,,37.63498699,127.0291222,bus,bus,bus_station_seoul_cleaned.csv
북부시장입구,,37.63543452,127.0318783,bus,bus,bus_station_seoul_cleaned.csv
북부시장입구,,37.63517326,127.0322955,bus,bus,bus_station_seoul_cleaned.csv
번동사거리,,37.63612513,127.035031,bus,bus,bus_station_seoul_cleaned.csv
번동사거리,,37.63563199,127.0345096,bus,bus,bus_station_seoul_cleaned.csv
북부수도사업소,,37.63423504,127.0361604,bus,bus,bus_station_seoul_cleaned.csv
북부수도사업소,,37.63495684,127.0352743,bus,bus,bus_station_seoul_cleaned.csv
수유보건지소,,37.63334035,127.0174697,bus,bus,bus_station_seoul_cleaned.csv
수유보건지소,,37.63325388,127.0177048,bus,bus,bus_station_seoul_cleaned.csv
빨래골입구.수유1동주민센터,,37.62985885,127.0177651,bus,bus,bus_station_seoul_cleaned.csv
빨래골입구.서울수유초등학교,,37.630007,127.017982,bus,bus,bus_station_seoul_cleaned.csv
롯데마트삼양점.래미안1차아파트,,37.62529479,127.018224,bus,bus,bus_station_seoul_cleaned.csv
롯데마트삼양점.래미안1차아파트,,37.62547022,127.0184391,bus,bus,bus_station_seoul_cleaned.csv
삼양초등학교,,37.62324245,127.0189879,bus,bus,bus_station_seoul_cleaned.csv
삼양초등학교,,37.623407,127.019088,bus,bus,bus_station_seoul_cleaned.csv
삼양사거리역,,37.62182995,127.0201741,bus,bus,bus_station_seoul_cleaned.csv
삼양사거리역,,37.62151722,127.0205867,bus,bus,bus_station_seoul_cleaned.csv
삼양동사거리.래미안트리베라,,37.6180883,127.021308,bus,bus,bus_station_seoul_cleaned.csv
삼양동사거리.래미안트리베라,,37.61853341,127.0214576,bus,bus,bus_station_seoul_cleaned.csv
송천초등학교.미아뉴타운입구,,37.61545969,127.0221104,bus,bus,bus_station_seoul_cleaned.csv
송천초등학교.미아뉴타운입구,,37.61409631,127.0223139,bus,bus,bus_station_seoul_cleaned.csv
삼양동사거리,,37.619327,127.021935,bus,bus,bus_station_seoul_cleaned.csv
삼양동사거리,,37.61914472,127.0217903,bus,bus,bus_station_seoul_cleaned.csv
성암국제무역고.성암여중,,37.61832419,127.0249842,bus,bus,bus_station_seoul_cleaned.csv
성암국제무역고.성암여중,,37.61794239,127.0255231,bus,bus,bus_station_seoul_cleaned.csv
삼양입구사거리,,37.61728877,127.0283809,bus,bus,bus_station_seoul_cleaned.csv
삼양입구사거리,,37.61706,127.028487,bus,bus,bus_station_seoul_cleaned.csv
강북보건소,,37.63225189,127.039034,bus,bus,bus_station_seoul_cleaned.csv
신창교.강북소방서,,37.6332852,127.0385729,bus,bus,bus_station_seoul_cleaned.csv
강북보건소,,37.632478,127.039233,bus,bus,bus_station_seoul_cleaned.csv
번동주공4단지,,37.63137804,127.0399848,bus,bus,bus_station_seoul_cleaned.csv
초안교,,37.63111,127.04109,bus,bus,bus_station_seoul_cleaned.csv
번동주공3단지,,37.62901958,127.0434629,bus,bus,bus_station_seoul_cleaned.csv
번동주공3단지,,37.628652,127.044375,bus,bus,bus_station_seoul_cleaned.csv
번동주공1단지,,37.62550715,127.0481296,bus,bus,bus_station_seoul_cleaned.csv
번동주공1단지,,37.627015,127.047227,bus,bus,bus_station_seoul_cleaned.csv
오현초등학교,,37.62341309,127.0479844,bus,bus,bus_station_seoul_cleaned.csv
북서울꿈의숲,,37.61917134,127.0442547,bus,bus,bus_station_seoul_cleaned.csv
송중동한일유엔아이,,37.61374991,127.0379534,bus,bus,bus_station_seoul_cleaned.csv
창문여고앞,,37.61199777,127.0354112,bus,bus,bus_station_seoul_cleaned.csv
숭곡초등학교입구,,37.61002218,127.0318278,bus,bus,bus_station_seoul_cleaned.csv
강북청소년센터,,37.64566705,127.0068383,bus,bus,bus_station_seoul_cleaned.csv
강북청소년센터,,37.64577968,127.0067788,bus,bus,bus_station_seoul_cleaned.csv
국립4.19민주묘지,,37.64689969,127.0091441,bus,bus,bus_station_seoul_cleaned.csv
국립4.19민주묘지,,37.64695,127.008957,bus,bus,bus_station_seoul_cleaned.csv
강북중학교,,37.64484192,127.0235481,bus,bus,bus_station_seoul_cleaned.csv
한성운수차고지,,37.63438127,127.0367038,bus,bus,bus_station_seoul_cleaned.csv
광산사거리,,37.64252355,127.0229921,bus,bus,bus_station_seoul_cleaned.csv
광산사거리,,37.64384451,127.0231024,bus,bus,bus_station_seoul_cleaned.csv
수유중앙시장,,37.64036011,127.0227228,bus,bus,bus_station_seoul_cleaned.csv
대한병원,,37.63673375,127.0231693,bus,bus,bus_station_seoul_cleaned.csv
삼성화재강북지점,,37.63551007,127.0248073,bus,bus,bus_station_seoul_cleaned.csv
강북구청사거리.번1동주민센터,,37.638748,127.028345,bus,bus,bus_station_seoul_cleaned.csv
강북구청사거리.번1동주민센터,,37.638982,127.028612,bus,bus,bus_station_seoul_cleaned.csv
수송초등학교,,37.636832,127.031455,bus,bus,bus_station_seoul_cleaned.csv
수송초등학교,,37.636998,127.031647,bus,bus,bus_station_seoul_cleaned.csv
수유중학교혜화여고,,37.6321134,127.0135834,bus,bus,bus_station_seoul_cleaned.csv
혜화여고,,37.63197598,127.0137958,bus,bus,bus_station_seoul_cleaned.csv
서울정인학교,,37.62921339,127.013002,bus,bus,bus_station_seoul_cleaned.csv
우광타운,,37.62929787,127.0131269,bus,bus,bus_station_seoul_cleaned.csv
구세군강북종합사회복지관입구,,37.62477382,127.012386,bus,bus,bus_station_seoul_cleaned.csv
구세군강북종합사회복지관입구,,37.62492,127.012504,bus,bus,bus_station_seoul_cleaned.csv
솔샘중고등학교.팔팔·미송경로당,,37.623368,127.013138,bus,bus,bus_station_seoul_cleaned.csv
솔샘중고등학교.팔팔·미송경로당,,37.62326083,127.013027,bus,bus,bus_station_seoul_cleaned.csv
동북프라자,,37.619902,127.0182061,bus,bus,bus_station_seoul_cleaned.csv
동북프라자,,37.61999442,127.0187973,bus,bus,bus_station_seoul_cleaned.csv
두산위브아파트입구,,37.62002182,127.0162572,bus,bus,bus_station_seoul_cleaned.csv
두산위브아파트입구,,37.6201499,127.016195,bus,bus,bus_station_seoul_cleaned.csv
삼각산동SK아파트북한산시티미양초등학교,,37.62018436,127.0133943,bus,bus,bus_station_seoul_cleaned.csv
삼양동벽산라이브파크미양초등학교,,37.62030833,127.0126071,bus,bus,bus_station_seoul_cleaned.csv
SK아파트.벽산아파트상가,,37.61973237,127.0111969,bus,bus,bus_station_seoul_cleaned.csv
SK아파트.벽산아파트상가,,37.61993691,127.0113419,bus,bus,bus_station_seoul_cleaned.csv
솔샘터널,,37.61877697,127.0092343,bus,bus,bus_station_seoul_cleaned.csv
번동주공아파트3단지4단지,,37.62937969,127.0399359,bus,bus,bus_station_seoul_cleaned.csv
번동주공아파트3단지4단지,,37.63011,127.041138,bus,bus,bus_station_seoul_cleaned.csv
번동초등학교,,37.62893886,127.0398419,bus,bus,bus_station_seoul_cleaned.csv
번동한솔솔파크,,37.62766386,127.0382811,bus,bus,bus_station_seoul_cleaned.csv
번동한솔솔파크,,37.62753384,127.037812,bus,bus,bus_station_seoul_cleaned.csv
번동해모로아파트,,37.62637509,127.0368165,bus,bus,bus_station_seoul_cleaned.csv
번동해모로아파트,,37.62685113,127.0370034,bus,bus,bus_station_seoul_cleaned.csv
강북문화정보도서관,,37.62523152,127.0372886,bus,bus,bus_station_seoul_cleaned.csv
강북문화정보도서관,,37.6253893,127.0369291,bus,bus,bus_station_seoul_cleaned.csv
동문굿모닝힐,,37.62354746,127.0377556,bus,bus,bus_station_seoul_cleaned.csv
동문굿모닝힐,,37.62374039,127.0374544,bus,bus,bus_station_seoul_cleaned.csv
북서울꿈의숲서문,,37.62258428,127.0375263,bus,bus,bus_station_seoul_cleaned.csv
꿈의숲롯데캐슬아파트,,37.61799254,127.0358154,bus,bus,bus_station_seoul_cleaned.csv
꿈의숲롯데캐슬아파트,,37.61859889,127.0359375,bus,bus,bus_station_seoul_cleaned.csv
경남아너스빌.꿈의숲해링턴아파트,,37.61649729,127.0345036,bus,bus,bus_station_seoul_cleaned.csv
경남아너스빌.꿈의숲해링턴아파트,,37.61674879,127.0345744,bus,bus,bus_station_seoul_cleaned.csv
송중초등학교,,37.61642163,127.0311622,bus,bus,bus_station_seoul_cleaned.csv
송중초등학교,,37.61655414,127.0316487,bus,bus,bus_station_seoul_cleaned.csv
수유3동우체국,,37.64002567,127.0275794,bus,bus,bus_station_seoul_cleaned.csv
수유3동우체국,,37.64005978,127.0281158,bus,bus,bus_station_seoul_cleaned.csv
수유역.노스페이스문화센터,,37.63895185,127.0268974,bus,bus,bus_station_seoul_cleaned.csv
수유역6번출구,,37.63769333,127.0250607,bus,bus,bus_station_seoul_cleaned.csv
미아역8번출구.신일중고,,37.62737854,127.0255444,bus,bus,bus_station_seoul_cleaned.csv
영신여객차고지(우이동종점),,37.662868,127.011523,bus,bus,bus_station_seoul_cleaned.csv
영신여객차고지(우이동종점),,37.66291828,127.0112628,bus,bus,bus_station_seoul_cleaned.csv
미아사거리역.송천동우체국,,37.61538503,127.029735,bus,bus,bus_station_seoul_cleaned.csv
미아사거리역,,37.61050341,127.0305298,bus,bus,bus_station_seoul_cleaned.csv
한신대학교,,37.63537589,127.013071,bus,bus,bus_station_seoul_cleaned.csv
수유사거리,,37.63462092,127.0243326,bus,bus,bus_station_seoul_cleaned.csv
수유사거리,,37.63492488,127.0249133,bus,bus,bus_station_seoul_cleaned.csv
송중동주민센터앞,,37.61605807,127.0333692,bus,bus,bus_station_seoul_cleaned.csv
송중동경남아너스빌정문,,37.61333609,127.0340715,bus,bus,bus_station_seoul_cleaned.csv
북서울꿈의숲서문,,37.62271754,127.0378334,bus,bus,bus_station_seoul_cleaned.csv
수유역.강북구청,,37.63863114,127.0260514,bus,bus,bus_station_seoul_cleaned.csv
삼각산보건지소,,37.617673,127.015438,bus,bus,bus_station_seoul_cleaned.csv
삼각산보건지소,,37.61746839,127.0152814,bus,bus,bus_station_seoul_cleaned.csv
삼각산동삼각산아이원아파트후문,,37.61634783,127.0188312,bus,bus,bus_station_seoul_cleaned.csv
삼각산동삼각산아이원아파트후문,,37.61627109,127.0187454,bus,bus,bus_station_seoul_cleaned.csv
롯데백화점미아점,,37.61470941,127.0307562,bus,bus,bus_station_seoul_cleaned.csv
우이동주민센터입구,,37.64766401,127.0123581,bus,bus,bus_station_seoul_cleaned.csv
창문여고,,37.61213401,127.0358639,bus,bus,bus_station_seoul_cleaned.csv
솔샘터널,,37.61874318,127.0092116,bus,bus,bus_station_seoul_cleaned.csv
우이동도선사입구,,37.66278971,127.0129572,bus,bus,bus_station_seoul_cleaned.csv
우이동차고지기점,,37.663032,127.011738,bus,bus,bus_station_seoul_cleaned.csv
한성운수종점,,37.634618,127.035297,bus,bus,bus_station_seoul_cleaned.csv
화계사입구.종점,,37.632413,127.01343,bus,bus,bus_station_seoul_cleaned.csv
SK아파트벽산아파트상가,,37.61969724,127.0111164,bus,bus,bus_station_seoul_cleaned.csv
우이동차고지종점,,37.663129,127.012147,bus,bus,bus_station_seoul_cleaned.csv
삼각산동삼각산아이원아파트정문,,37.61617785,127.016688,bus,bus,bus_station_seoul_cleaned.csv
삼각산동삼각산아이원아파트정문,,37.6163581,127.0164422,bus,bus,bus_station_seoul_cleaned.csv
삼각산고.래미안트리베라,,37.6144303,127.0218144,bus,bus,bus_station_seoul_cleaned.csv
삼각산고.래미안트리베라,,37.6144687,127.0212028,bus,bus,bus_station_seoul_cleaned.csv
방천시장입구,,37.61117582,127.0330881,bus,bus,bus_station_seoul_cleaned.csv
화계사입구.한신대학교대학원,,37.633257,127.01343,bus,bus,bus_station_seoul_cleaned.csv
미아사거리역.롯데백화점,,37.61407923,127.0302283,bus,bus,bus_station_seoul_cleaned.csv
삼각산119안전센터,,37.6195493,127.0151791,bus,bus,bus_station_seoul_cleaned.csv
삼각산119안전센터,,37.61979219,127.0153454,bus,bus,bus_station_seoul_cleaned.csv
무량사입구,,37.64621004,127.0079439,bus,bus,bus_station_seoul_cleaned.csv
무량사입구,,37.646323,127.007842,bus,bus,bus_station_seoul_cleaned.csv
꿈의숲주차장입구,,37.62086498,127.0453126,bus,bus,bus_station_seoul_cleaned.csv
수유중앙시장,,37.64089361,127.0223876,bus,bus,bus_station_seoul_cleaned.csv
대한병원,,37.63683313,127.0228831,bus,bus,bus_station_seoul_cleaned.csv
우이동,,37.66343097,127.0122905,bus,bus,bus_station_seoul_cleaned.csv
미송경로당,,37.62417727,127.0127201,bus,bus,bus_station_seoul_cleaned.csv
번동초교.솔그린APT.하나은행,,37.62899212,127.0395643,bus,bus,bus_station_seoul_cleaned.csv
영암마트,,37.62890113,127.030351,bus,bus,bus_station_seoul_cleaned.csv
빨래골,,37.62743938,127.0101795,bus,bus,bus_station_seoul_cleaned.csv
본원정사,,37.63810131,127.0063794,bus,bus,bus_station_seoul_cleaned.csv
아카데미하우스.통일교육원,,37.64204009,127.0020125,bus,bus,bus_station_seoul_cleaned.csv
성원아파트,,37.66109807,127.0133989,bus,bus,bus_station_seoul_cleaned.csv
번동슈퍼,,37.62764826,127.0378427,bus,bus,bus_station_seoul_cleaned.csv
동아할인마트,,37.6278746,127.0310972,bus,bus,bus_station_seoul_cleaned.csv
수연슈퍼,,37.62771908,127.0113566,bus,bus,bus_station_seoul_cleaned.csv
모아빌라,,37.63820046,127.0074386,bus,bus,bus_station_seoul_cleaned.csv
신성빌라,,37.64350251,127.003531,bus,bus,bus_station_seoul_cleaned.csv
송중동주민센터,,37.61610853,127.0333692,bus,bus,bus_station_seoul_cleaned.csv
스카이빌,,37.62497741,127.012914,bus,bus,bus_station_seoul_cleaned.csv
청화슈퍼,,37.62781895,127.0366464,bus,bus,bus_station_seoul_cleaned.csv
믿음슈퍼,,37.62708859,127.0321222,bus,bus,bus_station_seoul_cleaned.csv
다리앞,,37.62788258,127.0122019,bus,bus,bus_station_seoul_cleaned.csv
해청빌라,,37.63753425,127.0076914,bus,bus,bus_station_seoul_cleaned.csv
백련사,,37.6441927,127.0045158,bus,bus,bus_station_seoul_cleaned.csv
구세군강북종합사회복지관,,37.62516653,127.0138351,bus,bus,bus_station_seoul_cleaned.csv
교육촌경로당,,37.62716014,127.0356413,bus,bus,bus_station_seoul_cleaned.csv
당진슈퍼,,37.62557548,127.0323057,bus,bus,bus_station_seoul_cleaned.csv
삼흥연립,,37.62808377,127.0133448,bus,bus,bus_station_seoul_cleaned.csv
기도원입구,,37.63701078,127.0079138,bus,bus,bus_station_seoul_cleaned.csv
강북청소년수련관,,37.64569739,127.0070203,bus,bus,bus_station_seoul_cleaned.csv
마을버스사무실,,37.62525735,127.0154053,bus,bus,bus_station_seoul_cleaned.csv
영순슈퍼,,37.6266121,127.0344606,bus,bus,bus_station_seoul_cleaned.csv
동문굿모닝힐,,37.62389988,127.0374658,bus,bus,bus_station_seoul_cleaned.csv
삼광학원,,37.62449886,127.0321494,bus,bus,bus_station_seoul_cleaned.csv
한빛맹아학교,,37.62871129,127.015218,bus,bus,bus_station_seoul_cleaned.csv
형제슈퍼,,37.63668277,127.0098046,bus,bus,bus_station_seoul_cleaned.csv
쌍문교,,37.646178,127.0246386,bus,bus,bus_station_seoul_cleaned.csv
페리카나치킨,,37.62540677,127.0165405,bus,bus,bus_station_seoul_cleaned.csv
당진슈퍼,,37.62559248,127.0325364,bus,bus,bus_station_seoul_cleaned.csv
동성마트,,37.62362751,127.0321875,bus,bus,bus_station_seoul_cleaned.csv
한빛예술단,,37.62939659,127.0162904,bus,bus,bus_station_seoul_cleaned.csv
삼성하이츠빌라,,37.63673348,127.0110181,bus,bus,bus_station_seoul_cleaned.csv
도일타운,,37.63675366,127.0119358,bus,bus,bus_station_seoul_cleaned.csv
강북중학교,,37.6445347,127.0232862,bus,bus,bus_station_seoul_cleaned.csv
삼양시장,,37.62507054,127.0174162,bus,bus,bus_station_seoul_cleaned.csv
한영교회,,37.62307779,127.0323754,bus,bus,bus_station_seoul_cleaned.csv
수유1동주민센터.파출소,,37.63015263,127.017525,bus,bus,bus_station_seoul_cleaned.csv
광산사거리,,37.64248029,127.0230566,bus,bus,bus_station_seoul_cleaned.csv
삼양파출소,,37.62487762,127.0180166,bus,bus,bus_station_seoul_cleaned.csv
제일슈퍼,,37.62219915,127.0326718,bus,bus,bus_station_seoul_cleaned.csv
진주빌딩,,37.63091128,127.0179523,bus,bus,bus_station_seoul_cleaned.csv
청수탕,,37.63674467,127.0126566,bus,bus,bus_station_seoul_cleaned.csv
강북구청,,37.64038106,127.025984,bus,bus,bus_station_seoul_cleaned.csv
삼양오거리.삼양동주민센터,,37.62478918,127.0188481,bus,bus,bus_station_seoul_cleaned.csv
도일타운,,37.63690215,127.0118238,bus,bus,bus_station_seoul_cleaned.csv
홈빌라트,,37.62124033,127.0329274,bus,bus,bus_station_seoul_cleaned.csv
광성슈퍼,,37.63214836,127.0186381,bus,bus,bus_station_seoul_cleaned.csv
인수초중학교,,37.64355613,127.0107834,bus,bus,bus_station_seoul_cleaned.csv
수유역,,37.63759063,127.0249678,bus,bus,bus_station_seoul_cleaned.csv
오현초등학교,,37.62353554,127.0459679,bus,bus,bus_station_seoul_cleaned.csv
자이홈타운,,37.62486359,127.02114,bus,bus,bus_station_seoul_cleaned.csv
꿈의숲해링턴아파트101동앞,,37.62013733,127.033175,bus,bus,bus_station_seoul_cleaned.csv
화계유치원,,37.63387289,127.0195268,bus,bus,bus_station_seoul_cleaned.csv
한신대신학대학원.화계사,,37.63373041,127.013984,bus,bus,bus_station_seoul_cleaned.csv
주공1.2단지한진아파트,,37.62533727,127.04475,bus,bus,bus_station_seoul_cleaned.csv
삼양신협,,37.62541735,127.0232915,bus,bus,bus_station_seoul_cleaned.csv
번3동주민센터,,37.62615924,127.046604,bus,bus,bus_station_seoul_cleaned.csv
미아사거리전철역,,37.61286835,127.0304263,bus,bus,bus_station_seoul_cleaned.csv
꿈의숲해링턴105동.강북50플러스센터,,37.61838512,127.0335842,bus,bus,bus_station_seoul_cleaned.csv
삼양탕,,37.6338294,127.0149765,bus,bus,bus_station_seoul_cleaned.csv
국립재활원,,37.6402545,127.0115682,bus,bus,bus_station_seoul_cleaned.csv
신원아파트.북서울꿈의교회,,37.62611601,127.0442248,bus,bus,bus_station_seoul_cleaned.csv
미아역6번출구,,37.62593954,127.0253865,bus,bus,bus_station_seoul_cleaned.csv
꿈의숲해링턴아파트108동앞,,37.61666412,127.0339855,bus,bus,bus_station_seoul_cleaned.csv
북한산스카이빌딩,,37.63568602,127.0236086,bus,bus,bus_station_seoul_cleaned.csv
송암교회.화계사거리.수유보건지소,,37.63397783,127.0168166,bus,bus,bus_station_seoul_cleaned.csv
강북구의회.강북문화예술회관,,37.64034161,127.0142821,bus,bus,bus_station_seoul_cleaned.csv
경남아너스빌정문,,37.61306886,127.0344292,bus,bus,bus_station_seoul_cleaned.csv
기산아파트.2단지후문,,37.6276136,127.0442393,bus,bus,bus_station_seoul_cleaned.csv
미아역7번출구,,37.62673853,127.0258342,bus,bus,bus_station_seoul_cleaned.csv
수유역,,37.63748151,127.0253881,bus,bus,bus_station_seoul_cleaned.csv
가오리,,37.64063059,127.0162844,bus,bus,bus_station_seoul_cleaned.csv
송중동주민센터,,37.61598681,127.033624,bus,bus,bus_station_seoul_cleaned.csv
쌍문교,,37.64564277,127.0245795,bus,bus,bus_station_seoul_cleaned.csv
주공3단지정문,,37.62824867,127.0423068,bus,bus,bus_station_seoul_cleaned.csv
미아역6번출구,,37.62604678,127.0253321,bus,bus,bus_station_seoul_cleaned.csv
8번지입구,,37.61375916,127.0378652,bus,bus,bus_station_seoul_cleaned.csv
번동삼거리,,37.63509757,127.0279469,bus,bus,bus_station_seoul_cleaned.csv
벽산아파트,,37.64098236,127.0199332,bus,bus,bus_station_seoul_cleaned.csv
한양아파트입구.삼덕상운,,37.62798963,127.0409777,bus,bus,bus_station_seoul_cleaned.csv
삼양신협,,37.62563826,127.0235197,bus,bus,bus_station_seoul_cleaned.csv
미아사거리역2번출구,,37.613023,127.030438,bus,bus,bus_station_seoul_cleaned.csv
양지빌라,,37.61505105,127.0380243,bus,bus,bus_station_seoul_cleaned.csv
성당앞,,37.64225701,127.0220299,bus,bus,bus_station_seoul_cleaned.csv
하나은행.새마을금고,,37.62874463,127.0395278,bus,bus,bus_station_seoul_cleaned.csv
북서울꿈의숲,,37.61898533,127.0440959,bus,bus,bus_station_seoul_cleaned.csv
북서울자이폴라리스입구,,37.62510482,127.0214409,bus,bus,bus_station_seoul_cleaned.csv
8번지슈퍼,,37.61585031,127.0380372,bus,bus,bus_station_seoul_cleaned.csv
롯데백화점,,37.61445529,127.0309377,bus,bus,bus_station_seoul_cleaned.csv
중앙시장,,37.64038985,127.0224706,bus,bus,bus_station_seoul_cleaned.csv
강북구민운동장.4단지,,37.63010798,127.0385974,bus,bus,bus_station_seoul_cleaned.csv
삼양오거리.삼양동주민센터,,37.62489911,127.0188731,bus,bus,bus_station_seoul_cleaned.csv
산장빌라,,37.6164279,127.0380477,bus,bus,bus_station_seoul_cleaned.csv
화계유치원,,37.63399367,127.0193274,bus,bus,bus_station_seoul_cleaned.csv
강북보건소.번2동주민센터,,37.63154479,127.0370685,bus,bus,bus_station_seoul_cleaned.csv
삼일약국.롯데마트,,37.62503783,127.017932,bus,bus,bus_station_seoul_cleaned.csv
삼우하이츠빌라,,37.61608124,127.0372251,bus,bus,bus_station_seoul_cleaned.csv
꿈의숲해링턴아파트108동앞,,37.61671365,127.0340676,bus,bus,bus_station_seoul_cleaned.csv
성일빌딩,,37.63226194,127.0183911,bus,bus,bus_station_seoul_cleaned.csv
금호.현대아파트,,37.63186942,127.0363141,bus,bus,bus_station_seoul_cleaned.csv
삼양시장,,37.62523163,127.0173515,bus,bus,bus_station_seoul_cleaned.csv
한일아파트후문,,37.61548565,127.0371512,bus,bus,bus_station_seoul_cleaned.csv
꿈의숲해링턴105동.강북50플러스센터,,37.61839411,127.0336691,bus,bus,bus_station_seoul_cleaned.csv
수유1동주민센터.파출소,,37.63040223,127.0175704,bus,bus,bus_station_seoul_cleaned.csv
수유역,,37.63685081,127.0245854,bus,bus,bus_station_seoul_cleaned.csv
로얄공인중계사무소,,37.63273395,127.0350082,bus,bus,bus_station_seoul_cleaned.csv
페리카나치킨,,37.62548426,127.0165825,bus,bus,bus_station_seoul_cleaned.csv
장미맨션,,37.61474406,127.0371418,bus,bus,bus_station_seoul_cleaned.csv
꿈의숲해링턴아파트101동앞,,37.62003097,127.0333154,bus,bus,bus_station_seoul_cleaned.csv
한빛예술단,,37.62962684,127.0162721,bus,bus,bus_station_seoul_cleaned.csv
주공5단지,,37.63339553,127.034374,bus,bus,bus_station_seoul_cleaned.csv
마을버스사무실,,37.62534024,127.0154325,bus,bus,bus_station_seoul_cleaned.csv
한일아파트정문,,37.61397724,127.0371221,bus,bus,bus_station_seoul_cleaned.csv
홈빌라트,,37.62118443,127.0330531,bus,bus,bus_station_seoul_cleaned.csv
한빛맹아학교,,37.62879533,127.0151575,bus,bus,bus_station_seoul_cleaned.csv
송암교회.화계사거리.수유보건지소,,37.63427327,127.0170114,bus,bus,bus_station_seoul_cleaned.csv
백년시장,,37.64116062,127.0253985,bus,bus,bus_station_seoul_cleaned.csv
금강산병원.전자공단,,37.63440853,127.0337456,bus,bus,bus_station_seoul_cleaned.csv
구세군강북종합사회복지관,,37.6253035,127.0137637,bus,bus,bus_station_seoul_cleaned.csv
8번지입구,,37.61369485,127.0377294,bus,bus,bus_station_seoul_cleaned.csv
제일슈퍼,,37.62222706,127.0327828,bus,bus,bus_station_seoul_cleaned.csv
삼흥연립,,37.62821215,127.0134411,bus,bus,bus_station_seoul_cleaned.csv
성당앞,,37.64236697,127.0218894,bus,bus,bus_station_seoul_cleaned.csv
번동5거리.북부노동지청,,37.63504642,127.034011,bus,bus,bus_station_seoul_cleaned.csv
다리앞,,37.62796908,127.0122245,bus,bus,bus_station_seoul_cleaned.csv
한신대신학대학원.화계사,,37.63411973,127.0135376,bus,bus,bus_station_seoul_cleaned.csv
벽산아파트,,37.64114095,127.019914,bus,bus,bus_station_seoul_cleaned.csv
초록마트,,37.62529013,127.0125153,bus,bus,bus_station_seoul_cleaned.csv
방천시장입구,,37.61095521,127.033402,bus,bus,bus_station_seoul_cleaned.csv
한영교회,,37.62299397,127.0325243,bus,bus,bus_station_seoul_cleaned.csv
수연슈퍼,,37.62780692,127.0113793,bus,bus,bus_station_seoul_cleaned.csv
유진슈퍼,,37.63553896,127.0132671,bus,bus,bus_station_seoul_cleaned.csv
가오리,,37.64076306,127.0162289,bus,bus,bus_station_seoul_cleaned.csv
정은빌라,,37.62599658,127.0124497,bus,bus,bus_station_seoul_cleaned.csv
미아사거리역,,37.61277362,127.030937,bus,bus,bus_station_seoul_cleaned.csv
삼광학원,,37.62442224,127.0322762,bus,bus,bus_station_seoul_cleaned.csv
빨래골,,37.62749034,127.0100814,bus,bus,bus_station_seoul_cleaned.csv
청수탕,,37.63695876,127.0126679,bus,bus,bus_station_seoul_cleaned.csv
강북구의회.강북문화예술회관,,37.64043895,127.0140985,bus,bus,bus_station_seoul_cleaned.csv
빨래골입구,,37.62655166,127.0123648,bus,bus,bus_station_seoul_cleaned.csv
삼성하이츠빌라,,37.63689079,127.0110801,bus,bus,bus_station_seoul_cleaned.csv
국립재활원,,37.64022562,127.0119761,bus,bus,bus_station_seoul_cleaned.csv
성원아파트,,37.66171532,127.0134032,bus,bus,bus_station_seoul_cleaned.csv
수유역.강북구청,,37.63763998,127.025923,bus,bus,bus_station_seoul_cleaned.csv
SM빌라,,37.62603535,127.0122707,bus,bus,bus_station_seoul_cleaned.csv
믿음슈퍼,,37.62710205,127.0322944,bus,bus,bus_station_seoul_cleaned.csv
형제슈퍼,,37.63688643,127.0097996,bus,bus,bus_station_seoul_cleaned.csv
당진슈퍼,,37.62551686,127.0327878,bus,bus,bus_station_seoul_cleaned.csv
율곡어린이놀이터,,37.62801046,127.0316117,bus,bus,bus_station_seoul_cleaned.csv
기도원입구,,37.63707384,127.0079733,bus,bus,bus_station_seoul_cleaned.csv
인수초중학교,,37.64353989,127.0110191,bus,bus,bus_station_seoul_cleaned.csv
솔샘중고등학교,,37.62406194,127.0125898,bus,bus,bus_station_seoul_cleaned.csv
영순슈퍼,,37.62646704,127.0345928,bus,bus,bus_station_seoul_cleaned.csv
해청빌라,,37.63750407,127.0078345,bus,bus,bus_station_seoul_cleaned.csv
벽산아파트,,37.61980268,127.0110032,bus,bus,bus_station_seoul_cleaned.csv
금강슈퍼,,37.62707674,127.0357113,bus,bus,bus_station_seoul_cleaned.csv
모아빌라,,37.63823093,127.0077504,bus,bus,bus_station_seoul_cleaned.csv
국립419민주묘지삼거리.윤극영가옥,,37.64615846,127.0107158,bus,bus,bus_station_seoul_cleaned.csv
청화슈퍼,,37.62777658,127.036703,bus,bus,bus_station_seoul_cleaned.csv
동문굿모닝힐,,37.62359522,127.0377523,bus,bus,bus_station_seoul_cleaned.csv
본원정사,,37.63813464,127.0064916,bus,bus,bus_station_seoul_cleaned.csv
주공5단지,,37.63358572,127.0341463,bus,bus,bus_station_seoul_cleaned.csv
번동초등학교,,37.62853174,127.0393341,bus,bus,bus_station_seoul_cleaned.csv
로얄공인중계사무소,,37.63281061,127.0347759,bus,bus,bus_station_seoul_cleaned.csv
강북문화정보도서관.해모로아파트,,37.62581278,127.0370107,bus,bus,bus_station_seoul_cleaned.csv
금호.현대아파트,,37.63173693,127.0364126,bus,bus,bus_station_seoul_cleaned.csv
강북보건소앞.번2동주민센터,,37.63165635,127.0376226,bus,bus,bus_station_seoul_cleaned.csv
백련사,,37.64458646,127.0048037,bus,bus,bus_station_seoul_cleaned.csv
강북보건소.번2동주민센터,,37.63126896,127.0373743,bus,bus,bus_station_seoul_cleaned.csv
신성빌라,,37.64367732,127.0034868,bus,bus,bus_station_seoul_cleaned.csv
강북구민운동장.4단지,,37.63003862,127.0385078,bus,bus,bus_station_seoul_cleaned.csv
아카데미하우스.통일교육원,,37.64216084,127.0019309,bus,bus,bus_station_seoul_cleaned.csv
번동슈퍼,,37.62771772,127.0376037,bus,bus,bus_station_seoul_cleaned.csv
한양아파트입구.삼덕상운,,37.62781207,127.0410989,bus,bus,bus_station_seoul_cleaned.csv
주공3단지정문,,37.62807028,127.0422331,bus,bus,bus_station_seoul_cleaned.csv
기산아파트.2단지후문,,37.6277957,127.0440252,bus,bus,bus_station_seoul_cleaned.csv
신원아파트.북서울꿈의교회,,37.62597726,127.0441737,bus,bus,bus_station_seoul_cleaned.csv
주공1.2단지한진아파트,,37.62492362,127.0448959,bus,bus,bus_station_seoul_cleaned.csv
오현초등학교,,37.62309669,127.0460254,bus,bus,bus_station_seoul_cleaned.csv
주공1.2단지한진아파트,,37.62523639,127.0446457,bus,bus,bus_station_seoul_cleaned.csv
번3동주민센터,,37.62602405,127.0466752,bus,bus,bus_station_seoul_cleaned.csv
현대백화점.E마트.빅토리아호텔,,37.61040992,127.0305164,bus,bus,bus_station_seoul_cleaned.csv
미아사거리역.롯데백화점,,37.61423926,127.0301335,bus,bus,bus_station_seoul_cleaned.csv
광산사거리,,37.64349135,127.0227669,bus,bus,bus_station_seoul_cleaned.csv
보람빌딩,,37.63489637,127.0250915,bus,bus,bus_station_seoul_cleaned.csv
번동5거리.북부노동지청,,37.63505096,127.0338943,bus,bus,bus_station_seoul_cleaned.csv
금강산병원.전자공단,,37.63435358,127.0336731,bus,bus,bus_station_seoul_cleaned.csv
하나은행.새마을금고,,37.62855415,127.0396899,bus,bus,bus_station_seoul_cleaned.csv
우이3교,,37.63640648,127.0357081,bus,bus,bus_station_seoul_cleaned.csv
당진슈퍼,,37.62559673,127.032472,bus,bus,bus_station_seoul_cleaned.csv
삼성래미안아파트,,37.61449482,127.0210555,bus,bus,bus_station_seoul_cleaned.csv
성우아파트,,37.6174097,127.0217994,bus,bus,bus_station_seoul_cleaned.csv
미아사거리역,,37.61508496,127.0297586,bus,bus,bus_station_seoul_cleaned.csv
두산위브아파트,,37.61909483,127.0154199,bus,bus,bus_station_seoul_cleaned.csv
한영교회,,37.62314282,127.0318418,bus,bus,bus_station_seoul_cleaned.csv
달팽이계단,,37.62391524,127.0311295,bus,bus,bus_station_seoul_cleaned.csv
대성빌라정문,,37.62483272,127.0304264,bus,bus,bus_station_seoul_cleaned.csv
신구한일아파트입구,,37.62574298,127.0297855,bus,bus,bus_station_seoul_cleaned.csv
실버복지센터,,37.62717313,127.0293712,bus,bus,bus_station_seoul_cleaned.csv
남양빌라,,37.62690423,127.0284681,bus,bus,bus_station_seoul_cleaned.csv
미아역3번출구,,37.62655584,127.0269768,bus,bus,bus_station_seoul_cleaned.csv
미아역1번출구,,37.62755688,127.0258844,bus,bus,bus_station_seoul_cleaned.csv
수유시장,,37.63219244,127.0240584,bus,bus,bus_station_seoul_cleaned.csv
요진아파트,,37.63362462,127.0265539,bus,bus,bus_station_seoul_cleaned.csv
우일빌딩앞,,37.63481113,127.0274879,bus,bus,bus_station_seoul_cleaned.csv
신구한일아파트입구,,37.62565741,127.0296337,bus,bus,bus_station_seoul_cleaned.csv
대성빌라정문,,37.62482557,127.0301941,bus,bus,bus_station_seoul_cleaned.csv
달팽이계단,,37.62382068,127.0309177,bus,bus,bus_station_seoul_cleaned.csv
한영교회,,37.6231743,127.0320253,bus,bus,bus_station_seoul_cleaned.csv
한국전력공사,,37.63053701,127.0247049,bus,bus,bus_station_seoul_cleaned.csv
창문여고앞,,37.61188397,127.0353821,bus,bus,bus_station_seoul_cleaned.csv
도봉산역,,37.68920286,127.0455121,bus,bus,bus_station_seoul_cleaned.csv
도봉산역,,37.688568,127.045813,bus,bus,bus_station_seoul_cleaned.csv
도봉한신아파트,,37.68392295,127.045985,bus,bus,bus_station_seoul_cleaned.csv
도봉한신아파트,,37.682672,127.046067,bus,bus,bus_station_seoul_cleaned.csv
서울북부지방법원.검찰청.도봉역성황당,,37.67776065,127.0449581,bus,bus,bus_station_seoul_cleaned.csv
서울북부지방법원.검찰청.도봉역성황당,,37.677262,127.045103,bus,bus,bus_station_seoul_cleaned.csv
신도봉사거리,,37.67328936,127.0441473,bus,bus,bus_station_seoul_cleaned.csv
신도봉사거리,,37.67275,127.044333,bus,bus,bus_station_seoul_cleaned.csv
도봉소방서.방학역남부,,37.66617481,127.0429308,bus,bus,bus_station_seoul_cleaned.csv
도봉소방서.방학역남부,,37.66567657,127.0430512,bus,bus,bus_station_seoul_cleaned.csv
도봉보건소,,37.65893642,127.0407624,bus,bus,bus_station_seoul_cleaned.csv
도봉보건소.북한산아이파크아파트,,37.658205,127.040517,bus,bus,bus_station_seoul_cleaned.csv
도봉구민회관.도봉문화원,,37.65455985,127.0381737,bus,bus,bus_station_seoul_cleaned.csv
도봉구민회관.도봉문화원,,37.653968,127.037977,bus,bus,bus_station_seoul_cleaned.csv
쌍문역,,37.64881742,127.0347687,bus,bus,bus_station_seoul_cleaned.csv
쌍문역,,37.64807141,127.0344601,bus,bus,bus_station_seoul_cleaned.csv
우이교.한일병원입구,,37.645293,127.0326524,bus,bus,bus_station_seoul_cleaned.csv
우이교.한일병원입구,,37.644652,127.03242,bus,bus,bus_station_seoul_cleaned.csv
신도봉시장.도봉구청.방학역북부,,37.6699992,127.04365,bus,bus,bus_station_seoul_cleaned.csv
신도봉시장.도봉구청.방학역북부,,37.669197,127.043757,bus,bus,bus_station_seoul_cleaned.csv
도봉1동우체국,,37.68261403,127.0456109,bus,bus,bus_station_seoul_cleaned.csv
도봉동한신아파트,,37.68210479,127.0459587,bus,bus,bus_station_seoul_cleaned.csv
녹천역3번출구,,37.64322295,127.0524269,bus,bus,bus_station_seoul_cleaned.csv
서울북부지방법원.검찰청.도봉역성황당,,37.67718344,127.0451326,bus,bus,bus_station_seoul_cleaned.csv
서울북부지방법원.검찰청.도봉역성황당,,37.67702774,127.0446529,bus,bus,bus_station_seoul_cleaned.csv
도봉견인차량보관소,,37.67416324,127.0446002,bus,bus,bus_station_seoul_cleaned.csv
도봉견인차량보관소,,37.67410483,127.0441501,bus,bus,bus_station_seoul_cleaned.csv
방학역1번출구,,37.66924371,127.0437946,bus,bus,bus_station_seoul_cleaned.csv
도봉소방서,,37.66567562,127.0431884,bus,bus,bus_station_seoul_cleaned.csv
도봉소방서,,37.66510078,127.0425798,bus,bus,bus_station_seoul_cleaned.csv
방학사거리.바로선병원,,37.66121739,127.0422791,bus,bus,bus_station_seoul_cleaned.csv
방학사거리,,37.66221767,127.0421039,bus,bus,bus_station_seoul_cleaned.csv
도봉보건소,,37.65751282,127.0402286,bus,bus,bus_station_seoul_cleaned.csv
함석헌기념관.정의여중고,,37.65263089,127.0373873,bus,bus,bus_station_seoul_cleaned.csv
함석헌기념관.정의여중고,,37.6521851,127.0365881,bus,bus,bus_station_seoul_cleaned.csv
도봉구민회관.도봉문화원,,37.65410478,127.0382222,bus,bus,bus_station_seoul_cleaned.csv
도봉구민회관.도봉문화원,,37.65482027,127.0381421,bus,bus,bus_station_seoul_cleaned.csv
쌍문역.쌍문시장,,37.64802466,127.0340974,bus,bus,bus_station_seoul_cleaned.csv
쌍문역.쌍리단길,,37.64753181,127.03428,bus,bus,bus_station_seoul_cleaned.csv
우이교앞,,37.64399377,127.0321793,bus,bus,bus_station_seoul_cleaned.csv
서울북부지방법원.검찰청.성우아파트,,37.6761342,127.0483743,bus,bus,bus_station_seoul_cleaned.csv
서울북부지방법원.검찰청.성우아파트,,37.67580777,127.0477862,bus,bus,bus_station_seoul_cleaned.csv
법조타운공영주차장,,37.67475495,127.0473368,bus,bus,bus_station_seoul_cleaned.csv
법조타운공영주차장,,37.673315,127.046582,bus,bus,bus_station_seoul_cleaned.csv
도봉구청,,37.66895525,127.0463337,bus,bus,bus_station_seoul_cleaned.csv
도봉구청,,37.66883829,127.0460154,bus,bus,bus_station_seoul_cleaned.csv
방학1동대상타운현대.삼성아파트,,37.66583336,127.0464385,bus,bus,bus_station_seoul_cleaned.csv
방학1동대상타운현대.삼성아파트,,37.66638763,127.0460054,bus,bus,bus_station_seoul_cleaned.csv
창동쌍용.성원아파트,,37.66042516,127.0494952,bus,bus,bus_station_seoul_cleaned.csv
창동쌍용아파트,,37.66049679,127.0487791,bus,bus,bus_station_seoul_cleaned.csv
자운고등학교앞,,37.65893286,127.0500066,bus,bus,bus_station_seoul_cleaned.csv
자운고등학교앞,,37.6586807,127.0496686,bus,bus,bus_station_seoul_cleaned.csv
창동동아청솔아파트,,37.65668138,127.0498048,bus,bus,bus_station_seoul_cleaned.csv
창동동아청솔아파트,,37.65667134,127.0495823,bus,bus,bus_station_seoul_cleaned.csv
창동농협물류센터,,37.65493213,127.0503386,bus,bus,bus_station_seoul_cleaned.csv
창동농협물류센터,,37.65421248,127.0512467,bus,bus,bus_station_seoul_cleaned.csv
창동농협물류센터,,37.65382814,127.0510008,bus,bus,bus_station_seoul_cleaned.csv
창동역1번출구.노원세무서,,37.6535907,127.0505902,bus,bus,bus_station_seoul_cleaned.csv
창동동아아파트,,37.651933,127.051465,bus,bus,bus_station_seoul_cleaned.csv
창동동아아파트,,37.6513525,127.0514439,bus,bus,bus_station_seoul_cleaned.csv
창동주공19단지,,37.64904068,127.05239,bus,bus,bus_station_seoul_cleaned.csv
창동주공19단지,,37.64922647,127.0520286,bus,bus,bus_station_seoul_cleaned.csv
창동주공18단지,,37.64706252,127.0530436,bus,bus,bus_station_seoul_cleaned.csv
창동주공18단지,,37.64726539,127.0527729,bus,bus,bus_station_seoul_cleaned.csv
도봉산입구,,37.68708281,127.0407179,bus,bus,bus_station_seoul_cleaned.csv
도봉산성당,,37.68731844,127.0441872,bus,bus,bus_station_seoul_cleaned.csv
김근태기념도서관,,37.68749382,127.0440287,bus,bus,bus_station_seoul_cleaned.csv
도봉역,,37.68032203,127.0466815,bus,bus,bus_station_seoul_cleaned.csv
도봉역.도봉래미안아파트,,37.68039591,127.0470846,bus,bus,bus_station_seoul_cleaned.csv
노원교,,37.67942376,127.049017,bus,bus,bus_station_seoul_cleaned.csv
노원교,,37.6796544,127.0491191,bus,bus,bus_station_seoul_cleaned.csv
성대야구장.노원교앞,,37.678442,127.049212,bus,bus,bus_station_seoul_cleaned.csv
천주교도봉동교회,,37.67121587,127.042707,bus,bus,bus_station_seoul_cleaned.csv
천주교도봉동교회,,37.67131199,127.0428108,bus,bus,bus_station_seoul_cleaned.csv
오봉초등학교,,37.67052031,127.0391794,bus,bus,bus_station_seoul_cleaned.csv
오봉초등학교,,37.67078682,127.0393404,bus,bus,bus_station_seoul_cleaned.csv
방학2동제4공영주차장,,37.66943622,127.0366363,bus,bus,bus_station_seoul_cleaned.csv
방학2동제4공영주차장,,37.66956,127.03657,bus,bus,bus_station_seoul_cleaned.csv
방학2동주민센터,,37.6682137,127.0348109,bus,bus,bus_station_seoul_cleaned.csv
방학2동주민센터,,37.66827084,127.0346224,bus,bus,bus_station_seoul_cleaned.csv
신방학중학교앞,,37.66371962,127.0279944,bus,bus,bus_station_seoul_cleaned.csv
방학동신우빌라,,37.664078,127.03514,bus,bus,bus_station_seoul_cleaned.csv
방학동신우빌라,,37.66411589,127.0348959,bus,bus,bus_station_seoul_cleaned.csv
방학동삼익세라믹,,37.661672,127.03493,bus,bus,bus_station_seoul_cleaned.csv
방학동삼익세라믹,,37.66175514,127.0346738,bus,bus,bus_station_seoul_cleaned.csv
쌍문동청구아파트,,37.65973989,127.0350818,bus,bus,bus_station_seoul_cleaned.csv
쌍문동청구아파트,,37.65962432,127.0348107,bus,bus,bus_station_seoul_cleaned.csv
샘말어린이공원,,37.66866721,127.0318159,bus,bus,bus_station_seoul_cleaned.csv
방학중학교정문,,37.666488,127.034428,bus,bus,bus_station_seoul_cleaned.csv
방학중학교정문,,37.66654708,127.0341414,bus,bus,bus_station_seoul_cleaned.csv
신한은행방학동지점,,37.66345576,127.0372936,bus,bus,bus_station_seoul_cleaned.csv
신한은행방학동지점,,37.66323123,127.0371976,bus,bus,bus_station_seoul_cleaned.csv
연산군.정의공주묘,,37.66173172,127.0233214,bus,bus,bus_station_seoul_cleaned.csv
연산군.정의공주묘,,37.66200152,127.0231446,bus,bus,bus_station_seoul_cleaned.csv
방학동신동아타워,,37.66168029,127.028111,bus,bus,bus_station_seoul_cleaned.csv
방학동신동아타워,,37.662028,127.028692,bus,bus,bus_station_seoul_cleaned.csv
방학3동신동아프라자,,37.661225,127.027558,bus,bus,bus_station_seoul_cleaned.csv
방학동신동아아파트,,37.66198313,127.0313835,bus,bus,bus_station_seoul_cleaned.csv
방학동신동아아파트,,37.662362,127.03202,bus,bus,bus_station_seoul_cleaned.csv
방학초등학교,,37.66236199,127.0342415,bus,bus,bus_station_seoul_cleaned.csv
방학초등학교,,37.662595,127.034113,bus,bus,bus_station_seoul_cleaned.csv
신한은행방학동지점,,37.66265461,127.0370024,bus,bus,bus_station_seoul_cleaned.csv
신한은행방학동지점,,37.662933,127.036807,bus,bus,bus_station_seoul_cleaned.csv
방학사거리,,37.66271586,127.0406168,bus,bus,bus_station_seoul_cleaned.csv
방학사거리,,37.66297722,127.0403874,bus,bus,bus_station_seoul_cleaned.csv
서울문화고등학교,,37.66287208,127.0463095,bus,bus,bus_station_seoul_cleaned.csv
서울문화고등학교,,37.66234345,127.0478212,bus,bus,bus_station_seoul_cleaned.csv
서울문화고등학교,,37.66262972,127.0480629,bus,bus,bus_station_seoul_cleaned.csv
쌍문동청한빌라,,37.65745933,127.0150062,bus,bus,bus_station_seoul_cleaned.csv
쌍문동청한빌라,,37.657732,127.014762,bus,bus,bus_station_seoul_cleaned.csv
쌍문동우이빌라,,37.65725011,127.0190079,bus,bus,bus_station_seoul_cleaned.csv
쌍문동우이빌라,,37.65743046,127.0180163,bus,bus,bus_station_seoul_cleaned.csv
초당초등학교,,37.65740256,127.0230481,bus,bus,bus_station_seoul_cleaned.csv
초당초등학교,,37.657531,127.022295,bus,bus,bus_station_seoul_cleaned.csv
방학동우성아파트,,37.65740463,127.0242706,bus,bus,bus_station_seoul_cleaned.csv
방학동우성.청구아파트,,37.657656,127.0251,bus,bus,bus_station_seoul_cleaned.csv
방학3동신동아프라자,,37.66083427,127.0277401,bus,bus,bus_station_seoul_cleaned.csv
방학3동주민센터,,37.65981337,127.0276286,bus,bus,bus_station_seoul_cleaned.csv
쌍문동성원·금호타운2차아파트,,37.65764777,127.0289335,bus,bus,bus_station_seoul_cleaned.csv
쌍문동성원.금호타운2차아파트,,37.65784729,127.0287373,bus,bus,bus_station_seoul_cleaned.csv
쌍문동한양.현대아파트,,37.65783984,127.0314515,bus,bus,bus_station_seoul_cleaned.csv
쌍문동현대.한양아파트,,37.65800038,127.0313206,bus,bus,bus_station_seoul_cleaned.csv
쌍문동삼익.금호1차아파트,,37.65804838,127.034792,bus,bus,bus_station_seoul_cleaned.csv
쌍문동금호1차.삼익아파트,,37.65825142,127.0345433,bus,bus,bus_station_seoul_cleaned.csv
도봉구보건소앞,,37.65724582,127.0375307,bus,bus,bus_station_seoul_cleaned.csv
도봉구보건소앞,,37.65743898,127.0375892,bus,bus,bus_station_seoul_cleaned.csv
북서울교회,,37.65725622,127.0136533,bus,bus,bus_station_seoul_cleaned.csv
서라벌중학교.우이동대우아파트,,37.655025,127.013223,bus,bus,bus_station_seoul_cleaned.csv
창동119안전센터,,37.64637883,127.0437916,bus,bus,bus_station_seoul_cleaned.csv
덕성여대입구,,37.65106,127.013138,bus,bus,bus_station_seoul_cleaned.csv
쌍문초등학교,,37.64697433,127.0256815,bus,bus,bus_station_seoul_cleaned.csv
쌍문초등학교,,37.647095,127.02539,bus,bus,bus_station_seoul_cleaned.csv
숭미초등학교,,37.649556,127.027789,bus,bus,bus_station_seoul_cleaned.csv
숭미초등학교,,37.64983327,127.0278192,bus,bus,bus_station_seoul_cleaned.csv
둘리뮤지엄.대우이안극동아파트,,37.65177105,127.0284258,bus,bus,bus_station_seoul_cleaned.csv
둘리뮤지엄.대우이안극동아파트,,37.65152701,127.0282646,bus,bus,bus_station_seoul_cleaned.csv
창동주공1단지,,37.65427055,127.0410046,bus,bus,bus_station_seoul_cleaned.csv
창동주공1단지아파트,,37.65366991,127.0408838,bus,bus,bus_station_seoul_cleaned.csv
서울북부지방법원등기국,,37.651106,127.044525,bus,bus,bus_station_seoul_cleaned.csv
서울북부지방법원등기국,,37.65142456,127.0445412,bus,bus,bus_station_seoul_cleaned.csv
창동역서측,,37.65233585,127.0461228,bus,bus,bus_station_seoul_cleaned.csv
창4동주민센터,,37.65251213,127.0523314,bus,bus,bus_station_seoul_cleaned.csv
창4동주민센터,,37.652747,127.0519925,bus,bus,bus_station_seoul_cleaned.csv
창동주공4단지,,37.64510104,127.0482244,bus,bus,bus_station_seoul_cleaned.csv
창동주공4단지,,37.64530574,127.0480755,bus,bus,bus_station_seoul_cleaned.csv
도봉문화정보도서관,,37.6440867,127.0443543,bus,bus,bus_station_seoul_cleaned.csv
도봉문화정보도서관,,37.64421251,127.0440281,bus,bus,bus_station_seoul_cleaned.csv
창림초교.창동신창아파트앞,,37.64153557,127.0410384,bus,bus,bus_station_seoul_cleaned.csv
창림초교.창동신창아파트앞,,37.64162849,127.0407269,bus,bus,bus_station_seoul_cleaned.csv
국립현대미술관창동레지던시,,37.63985019,127.0394443,bus,bus,bus_station_seoul_cleaned.csv
국립현대미술관창동레지던시,,37.64039888,127.0395396,bus,bus,bus_station_seoul_cleaned.csv
창동서울탁주앞,,37.63770789,127.0373827,bus,bus,bus_station_seoul_cleaned.csv
창동서울탁주앞,,37.63758839,127.036931,bus,bus,bus_station_seoul_cleaned.csv
창2동건영캐스빌아파트,,37.64089905,127.0336398,bus,bus,bus_station_seoul_cleaned.csv
창2동건영캐스빌아파트,,37.640778,127.033467,bus,bus,bus_station_seoul_cleaned.csv
창2동한일아파트,,37.64615397,127.0372571,bus,bus,bus_station_seoul_cleaned.csv
창1동제1공영주차장입구,,37.64637979,127.037608,bus,bus,bus_station_seoul_cleaned.csv
한신아파트101동앞,,37.64598169,127.0348523,bus,bus,bus_station_seoul_cleaned.csv
KT도봉지점,,37.64619248,127.035124,bus,bus,bus_station_seoul_cleaned.csv
창동청구빌라,,37.6458993,127.0398003,bus,bus,bus_station_seoul_cleaned.csv
창동청구빌라,,37.64612439,127.0395258,bus,bus,bus_station_seoul_cleaned.csv
창림초등학교후문,,37.643092,127.040517,bus,bus,bus_station_seoul_cleaned.csv
창림초등학교후문.창동보건지소,,37.642856,127.040407,bus,bus,bus_station_seoul_cleaned.csv
창동대우아파트,,37.64261019,127.036716,bus,bus,bus_station_seoul_cleaned.csv
창동역1번출구(도봉방면),,37.65397438,127.0499898,bus,bus,bus_station_seoul_cleaned.csv
창동역1번출구(노원방면),,37.65365769,127.050172,bus,bus,bus_station_seoul_cleaned.csv
서울가든아파트앞,,37.646931,127.0442009,bus,bus,bus_station_seoul_cleaned.csv
창1동주민센터,,37.6487636,127.0430117,bus,bus,bus_station_seoul_cleaned.csv
창1동주민센터,,37.6487341,127.0427792,bus,bus,bus_station_seoul_cleaned.csv
창동주공3단지,,37.6509982,127.0417181,bus,bus,bus_station_seoul_cleaned.csv
창동주공3단지,,37.65132295,127.0414767,bus,bus,bus_station_seoul_cleaned.csv
세그루학원,,37.65654237,127.0279901,bus,bus,bus_station_seoul_cleaned.csv
세그루학원,,37.65562421,127.0278333,bus,bus,bus_station_seoul_cleaned.csv
창동주공17단지,,37.64574121,127.0537657,bus,bus,bus_station_seoul_cleaned.csv
창동주공17단지,,37.64610556,127.0536102,bus,bus,bus_station_seoul_cleaned.csv
창3동염광아트필,,37.63449251,127.0423499,bus,bus,bus_station_seoul_cleaned.csv
창3동염광아트빌,,37.63440404,127.0425217,bus,bus,bus_station_seoul_cleaned.csv
한승미메이드아파트,,37.63323177,127.0436713,bus,bus,bus_station_seoul_cleaned.csv
한승미메이드아파트,,37.6331769,127.0435059,bus,bus,bus_station_seoul_cleaned.csv
북서울농협창동지점,,37.63410933,127.0414906,bus,bus,bus_station_seoul_cleaned.csv
북서울농협창동지점,,37.63385199,127.0412155,bus,bus,bus_station_seoul_cleaned.csv
신화초교입구,,37.63370446,127.0402309,bus,bus,bus_station_seoul_cleaned.csv
신화초교입구,,37.63340725,127.0400822,bus,bus,bus_station_seoul_cleaned.csv
서울외국어고등학교,,37.645154,127.052529,bus,bus,bus_station_seoul_cleaned.csv
서울외국어고등학교,,37.645247,127.0527024,bus,bus,bus_station_seoul_cleaned.csv
방학동도깨비시장입구,,37.66529842,127.0368156,bus,bus,bus_station_seoul_cleaned.csv
거성학마을아파트,,37.66634307,127.0383406,bus,bus,bus_station_seoul_cleaned.csv
도봉새마을금고본점,,37.66714588,127.0412482,bus,bus,bus_station_seoul_cleaned.csv
창5동현대아파트,,37.65562295,127.0404004,bus,bus,bus_station_seoul_cleaned.csv
창5동현대1차아파트,,37.65587,127.040602,bus,bus,bus_station_seoul_cleaned.csv
창동아이파크,,37.66160313,127.0467532,bus,bus,bus_station_seoul_cleaned.csv
창번교,,37.63548391,127.0384278,bus,bus,bus_station_seoul_cleaned.csv
방학3동주민센터,,37.65916813,127.0279038,bus,bus,bus_station_seoul_cleaned.csv
도봉동서광아파트,,37.67819902,127.0494617,bus,bus,bus_station_seoul_cleaned.csv
방학교,,37.661947,127.04192,bus,bus,bus_station_seoul_cleaned.csv
창동고등학교.창북중학교,,37.65136646,127.0384576,bus,bus,bus_station_seoul_cleaned.csv
정의여중고입구,,37.65101219,127.0331371,bus,bus,bus_station_seoul_cleaned.csv
도깨비시장,,37.665505,127.035503,bus,bus,bus_station_seoul_cleaned.csv
방학동도깨비시장,,37.66545654,127.0353281,bus,bus,bus_station_seoul_cleaned.csv
태영데시앙아파트,,37.64238437,127.0324449,bus,bus,bus_station_seoul_cleaned.csv
창번교앞,,37.63546864,127.038224,bus,bus,bus_station_seoul_cleaned.csv
금용아파트,,37.63773671,127.0351771,bus,bus,bus_station_seoul_cleaned.csv
창번2교앞,,37.63859,127.034453,bus,bus,bus_station_seoul_cleaned.csv
대우아파트104동,,37.64325664,127.0383492,bus,bus,bus_station_seoul_cleaned.csv
도봉산입구,,37.68722247,127.0406897,bus,bus,bus_station_seoul_cleaned.csv
샘말어린이공원,,37.668748,127.031945,bus,bus,bus_station_seoul_cleaned.csv
안방학동종점,,37.66906777,127.0299513,bus,bus,bus_station_seoul_cleaned.csv
강북씨앤지,,37.658907,127.013997,bus,bus,bus_station_seoul_cleaned.csv
창동.신창시장,,37.63884671,127.0384761,bus,bus,bus_station_seoul_cleaned.csv
신창.창동시장,,37.63925736,127.0384575,bus,bus,bus_station_seoul_cleaned.csv
안방학동,,37.66761732,127.0330085,bus,bus,bus_station_seoul_cleaned.csv
안방학동,,37.66788764,127.0328952,bus,bus,bus_station_seoul_cleaned.csv
창동농협물류센터,,37.654814,127.0500741,bus,bus,bus_station_seoul_cleaned.csv
태영데시앙아파트,,37.64262665,127.0317879,bus,bus,bus_station_seoul_cleaned.csv
방학중학교,,37.66673357,127.03237,bus,bus,bus_station_seoul_cleaned.csv
도봉산역광역환승센터,,37.68987622,127.0444996,bus,bus,bus_station_seoul_cleaned.csv
도봉산역광역환승센터,,37.68994836,127.0443522,bus,bus,bus_station_seoul_cleaned.csv
도봉산역광역환승센터,,37.690177,127.044267,bus,bus,bus_station_seoul_cleaned.csv
한국사회봉사회,,37.66181384,127.0147587,bus,bus,bus_station_seoul_cleaned.csv
한국사회봉사회,,37.66216333,127.0146769,bus,bus,bus_station_seoul_cleaned.csv
창동교,,37.65173012,127.0532459,bus,bus,bus_station_seoul_cleaned.csv
창동교,,37.65211067,127.0534955,bus,bus,bus_station_seoul_cleaned.csv
녹천교,,37.6447334,127.0545213,bus,bus,bus_station_seoul_cleaned.csv
녹천교,,37.64502864,127.0549455,bus,bus,bus_station_seoul_cleaned.csv
창동역동측,,37.653604,127.049906,bus,bus,bus_station_seoul_cleaned.csv
도봉여성센터,,37.6628827,127.0302538,bus,bus,bus_station_seoul_cleaned.csv
한일병원,,37.64586897,127.0284575,bus,bus,bus_station_seoul_cleaned.csv
동익아파트,,37.65069499,127.0252306,bus,bus,bus_station_seoul_cleaned.csv
꽃동네,,37.65275721,127.0224988,bus,bus,bus_station_seoul_cleaned.csv
한일병원입구,,37.64456146,127.0286428,bus,bus,bus_station_seoul_cleaned.csv
용호약국,,37.64996332,127.0252111,bus,bus,bus_station_seoul_cleaned.csv
에덴약국,,37.65143696,127.0233665,bus,bus,bus_station_seoul_cleaned.csv
청한빌라,,37.65726468,127.0151682,bus,bus,bus_station_seoul_cleaned.csv
신창교,,37.633019,127.039682,bus,bus,bus_station_seoul_cleaned.csv
신화초교.초안아파트,,37.631585,127.041467,bus,bus,bus_station_seoul_cleaned.csv
사거리슈퍼,,37.64973792,127.0258094,bus,bus,bus_station_seoul_cleaned.csv
쌍문1동현대아파트,,37.65058648,127.0226716,bus,bus,bus_station_seoul_cleaned.csv
우이성당,,37.65569189,127.0157324,bus,bus,bus_station_seoul_cleaned.csv
방학신동아1단지.방학3동주민센터,,37.658726,127.027717,bus,bus,bus_station_seoul_cleaned.csv
믿음주유소,,37.64937463,127.0265164,bus,bus,bus_station_seoul_cleaned.csv
오복슈퍼,,37.64953842,127.0231778,bus,bus,bus_station_seoul_cleaned.csv
쌍문1동주민센터,,37.64820956,127.0263789,bus,bus,bus_station_seoul_cleaned.csv
코오롱아파트.덕성여대기숙사,,37.64891763,127.0229272,bus,bus,bus_station_seoul_cleaned.csv
덕성여대후문.효문중고교앞,,37.65269144,127.0171019,bus,bus,bus_station_seoul_cleaned.csv
창동아이파크,,37.66123781,127.0478602,bus,bus,bus_station_seoul_cleaned.csv
도봉구보건소앞,,37.65738215,127.0377807,bus,bus,bus_station_seoul_cleaned.csv
쌍문초등학교,,37.64764902,127.025011,bus,bus,bus_station_seoul_cleaned.csv
쌍문1치안센터,,37.65009582,127.0202836,bus,bus,bus_station_seoul_cleaned.csv
신일라이프아파트,,37.6506913,127.0294952,bus,bus,bus_station_seoul_cleaned.csv
시립도봉노인종합복지관,,37.65810101,127.0355267,bus,bus,bus_station_seoul_cleaned.csv
경기푸른미래관,,37.64954844,127.0219691,bus,bus,bus_station_seoul_cleaned.csv
방학삼성래미안1단지아파트,,37.66739551,127.0462738,bus,bus,bus_station_seoul_cleaned.csv
소피아호텔,,37.65112144,127.0349114,bus,bus,bus_station_seoul_cleaned.csv
쌍문동현대1차아파트,,37.65806227,127.032386,bus,bus,bus_station_seoul_cleaned.csv
미래빌라,,37.6479708,127.0264644,bus,bus,bus_station_seoul_cleaned.csv
도봉중학교.서원아파트,,37.67127394,127.0457717,bus,bus,bus_station_seoul_cleaned.csv
창동한신아파트,,37.64599615,127.0347141,bus,bus,bus_station_seoul_cleaned.csv
성원아파트,,37.65791599,127.0301169,bus,bus,bus_station_seoul_cleaned.csv
세무서앞,,37.65328901,127.0509355,bus,bus,bus_station_seoul_cleaned.csv
창동중앙약국,,37.646154,127.0371449,bus,bus,bus_station_seoul_cleaned.csv
선덕사거리.세그루학원입구,,37.65780381,127.0282852,bus,bus,bus_station_seoul_cleaned.csv
서울북부지방검찰청.한양수자인아파트,,37.67468658,127.0473814,bus,bus,bus_station_seoul_cleaned.csv
오봉초등학교,,37.67102378,127.0398564,bus,bus,bus_station_seoul_cleaned.csv
방학3동주민센터,,37.65846361,127.0274082,bus,bus,bus_station_seoul_cleaned.csv
청구아파트,,37.65771501,127.0265443,bus,bus,bus_station_seoul_cleaned.csv
엘지전자,,37.6508503,127.0313946,bus,bus,bus_station_seoul_cleaned.csv
시온슈퍼,,37.67281386,127.0409094,bus,bus,bus_station_seoul_cleaned.csv
창성빌라,,37.64419491,127.040309,bus,bus,bus_station_seoul_cleaned.csv
김수영문학관,,37.65942465,127.0251961,bus,bus,bus_station_seoul_cleaned.csv
서울북부지방법원,,37.67767018,127.0492414,bus,bus,bus_station_seoul_cleaned.csv
부부슈퍼,,37.67445144,127.0425394,bus,bus,bus_station_seoul_cleaned.csv
벽산아파트,,37.65832268,127.0249781,bus,bus,bus_station_seoul_cleaned.csv
삼거리슈퍼,,37.67567019,127.0436465,bus,bus,bus_station_seoul_cleaned.csv
방학3동주민센터,,37.65828569,127.0268961,bus,bus,bus_station_seoul_cleaned.csv
믿음주유소,,37.64939262,127.0266535,bus,bus,bus_station_seoul_cleaned.csv
쌍문초등학교,,37.64782923,127.0249119,bus,bus,bus_station_seoul_cleaned.csv
창동고등학교.창북중학교,,37.65125024,127.0379918,bus,bus,bus_station_seoul_cleaned.csv
도봉역,,37.68098753,127.04578,bus,bus,bus_station_seoul_cleaned.csv
성황당,,37.67718756,127.0437721,bus,bus,bus_station_seoul_cleaned.csv
창2동주민센터,,37.64221561,127.035623,bus,bus,bus_station_seoul_cleaned.csv
금호타운,,37.65767739,127.029388,bus,bus,bus_station_seoul_cleaned.csv
사거리슈퍼앞,,37.64979827,127.0259102,bus,bus,bus_station_seoul_cleaned.csv
대우.삼성서비스센터,,37.68313045,127.0471188,bus,bus,bus_station_seoul_cleaned.csv
도봉1동주민센터.럭키아파트,,37.67862029,127.0437151,bus,bus,bus_station_seoul_cleaned.csv
창2동건영아파트,,37.64076745,127.0337768,bus,bus,bus_station_seoul_cleaned.csv
용호약국,,37.65008588,127.0251556,bus,bus,bus_station_seoul_cleaned.csv
오복슈퍼,,37.64960149,127.023247,bus,bus,bus_station_seoul_cleaned.csv
도봉경찰서.창4동주민센터,,37.65231101,127.0516851,bus,bus,bus_station_seoul_cleaned.csv
유원.극동아파트,,37.682771,127.048895,bus,bus,bus_station_seoul_cleaned.csv
도봉1파출소,,37.6795203,127.0436414,bus,bus,bus_station_seoul_cleaned.csv
쌍문동한양아파트,,37.65786849,127.0325684,bus,bus,bus_station_seoul_cleaned.csv
거성학마을아파트,,37.66625503,127.0378895,bus,bus,bus_station_seoul_cleaned.csv
쌍문1동현대아파트,,37.65051888,127.0227441,bus,bus,bus_station_seoul_cleaned.csv
한신아파트후문,,37.68382801,127.049504,bus,bus,bus_station_seoul_cleaned.csv
창동고등학교.창북중학교,,37.6515935,127.0381461,bus,bus,bus_station_seoul_cleaned.csv
윤성빌라.다리앞,,37.67901455,127.0423594,bus,bus,bus_station_seoul_cleaned.csv
에덴약국,,37.65137477,127.0234515,bus,bus,bus_station_seoul_cleaned.csv
도봉파크빌2단지,,37.68423171,127.0515735,bus,bus,bus_station_seoul_cleaned.csv
녹천북부역,,37.64567217,127.0505873,bus,bus,bus_station_seoul_cleaned.csv
창1동대우그린아파트,,37.64699598,127.0486326,bus,bus,bus_station_seoul_cleaned.csv
창일중학교,,37.64866104,127.0478674,bus,bus,bus_station_seoul_cleaned.csv
창동역서측,,37.65232919,127.0463384,bus,bus,bus_station_seoul_cleaned.csv
상아아파트,,37.6530583,127.0432189,bus,bus,bus_station_seoul_cleaned.csv
옛고을길입구,,37.65085709,127.0315854,bus,bus,bus_station_seoul_cleaned.csv
창일중학교,,37.64915355,127.047397,bus,bus,bus_station_seoul_cleaned.csv
주공4단지후문,,37.64685882,127.0483172,bus,bus,bus_station_seoul_cleaned.csv
창동아이파크,,37.66095426,127.0471637,bus,bus,bus_station_seoul_cleaned.csv
북한산아이파크,,37.65919257,127.0419097,bus,bus,bus_station_seoul_cleaned.csv
북한산아이파크,,37.65907983,127.0421159,bus,bus,bus_station_seoul_cleaned.csv
창동아이파크,,37.66103779,127.047498,bus,bus,bus_station_seoul_cleaned.csv
도봉초등학교,,37.67847171,127.0407189,bus,bus,bus_station_seoul_cleaned.csv
도봉구보건소앞,,37.65715781,127.037699,bus,bus,bus_station_seoul_cleaned.csv
경기푸른미래관,,37.64965626,127.0220348,bus,bus,bus_station_seoul_cleaned.csv
서원아파트,,37.67169528,127.0466778,bus,bus,bus_station_seoul_cleaned.csv
창동이마트,,37.65133292,127.0461709,bus,bus,bus_station_seoul_cleaned.csv
누원고등학교.한신아파트정문,,37.68580165,127.0509577,bus,bus,bus_station_seoul_cleaned.csv
서울문화고등학교,,37.66364684,127.0467521,bus,bus,bus_station_seoul_cleaned.csv
부대앞,,37.67811825,127.0389714,bus,bus,bus_station_seoul_cleaned.csv
소피아호텔,,37.65136196,127.0351189,bus,bus,bus_station_seoul_cleaned.csv
청구아파트,,37.6575159,127.0264128,bus,bus,bus_station_seoul_cleaned.csv
쌍문1치안센터,,37.6501841,127.0204615,bus,bus,bus_station_seoul_cleaned.csv
무수골,,37.6777533,127.0361868,bus,bus,bus_station_seoul_cleaned.csv
정의여중고,,37.65120125,127.0331242,bus,bus,bus_station_seoul_cleaned.csv
덕성여대후문.효문중고교앞,,37.65277161,127.0172527,bus,bus,bus_station_seoul_cleaned.csv
부대앞,,37.67802002,127.0390076,bus,bus,bus_station_seoul_cleaned.csv
신일라이프아파트,,37.65094621,127.0298772,bus,bus,bus_station_seoul_cleaned.csv
약초원.동아슈퍼,,37.65456042,127.0160925,bus,bus,bus_station_seoul_cleaned.csv
도봉초등학교,,37.67831779,127.0404397,bus,bus,bus_station_seoul_cleaned.csv
우이1교,,37.64393309,127.0317544,bus,bus,bus_station_seoul_cleaned.csv
우이성당,,37.65603283,127.0157596,bus,bus,bus_station_seoul_cleaned.csv
엘지전자,,37.65106296,127.0313539,bus,bus,bus_station_seoul_cleaned.csv
한신아파트정문,,37.68647317,127.0504502,bus,bus,bus_station_seoul_cleaned.csv
윤성빌라.다리앞,,37.67893795,127.0423843,bus,bus,bus_station_seoul_cleaned.csv
한일병원입구,,37.64442166,127.029172,bus,bus,bus_station_seoul_cleaned.csv
청한빌라,,37.65731062,127.0152986,bus,bus,bus_station_seoul_cleaned.csv
도봉파크빌3단지,,37.68798832,127.0493866,bus,bus,bus_station_seoul_cleaned.csv
도봉1파출소,,37.67955752,127.0433971,bus,bus,bus_station_seoul_cleaned.csv
도봉1동주민센터.럭키아파트,,37.67863746,127.0435712,bus,bus,bus_station_seoul_cleaned.csv
신동아아파트16동,,37.66019629,127.0278033,bus,bus,bus_station_seoul_cleaned.csv
도봉산역,,37.68935007,127.0466117,bus,bus,bus_station_seoul_cleaned.csv
성황당,,37.67694882,127.043628,bus,bus,bus_station_seoul_cleaned.csv
도봉파크빌3단지,,37.68793977,127.049145,bus,bus,bus_station_seoul_cleaned.csv
삼거리슈퍼,,37.67559265,127.043448,bus,bus,bus_station_seoul_cleaned.csv
대원그린아파트.도봉실버센터,,37.66255895,127.0276625,bus,bus,bus_station_seoul_cleaned.csv
부부슈퍼,,37.67459652,127.0425258,bus,bus,bus_station_seoul_cleaned.csv
방학동극동아파트.방학동천주교성당,,37.66365182,127.028216,bus,bus,bus_station_seoul_cleaned.csv
시온슈퍼,,37.67312738,127.041074,bus,bus,bus_station_seoul_cleaned.csv
방학중학교,,37.6666528,127.0325923,bus,bus,bus_station_seoul_cleaned.csv
오봉초등학교,,37.67103554,127.0397113,bus,bus,bus_station_seoul_cleaned.csv
누원고등학교.한신아파트정문,,37.68567472,127.0506753,bus,bus,bus_station_seoul_cleaned.csv
도봉파크빌2단지앞,,37.68414823,127.051339,bus,bus,bus_station_seoul_cleaned.csv
도봉중학교.서원아파트,,37.67055229,127.0463168,bus,bus,bus_station_seoul_cleaned.csv
극동.유원아파트후문,,37.68200013,127.0506853,bus,bus,bus_station_seoul_cleaned.csv
삼환아파트후문,,37.68022008,127.0495742,bus,bus,bus_station_seoul_cleaned.csv
도봉롯데캐슬골든파크,,37.667546,127.045975,bus,bus,bus_station_seoul_cleaned.csv
삼환.동아에코빌아파트,,37.68055701,127.0475733,bus,bus,bus_station_seoul_cleaned.csv
대상타운현대아파트,,37.66579516,127.0462033,bus,bus,bus_station_seoul_cleaned.csv
서울문화고등학교,,37.66396831,127.046477,bus,bus,bus_station_seoul_cleaned.csv
서울북부지방법원,,37.67698563,127.0485936,bus,bus,bus_station_seoul_cleaned.csv
서울북부지방검찰청.한양수자인아파트,,37.67472996,127.0470617,bus,bus,bus_station_seoul_cleaned.csv
하나약국,,37.67246308,127.0464731,bus,bus,bus_station_seoul_cleaned.csv
한신아파트정문,,37.68661295,127.0500737,bus,bus,bus_station_seoul_cleaned.csv
약초원.동아슈퍼,,37.65428632,127.0160182,bus,bus,bus_station_seoul_cleaned.csv
코오롱아파트.덕성여대기숙사,,37.64885358,127.0232739,bus,bus,bus_station_seoul_cleaned.csv
법종사,,37.65724585,127.0183106,bus,bus,bus_station_seoul_cleaned.csv
효문중학교,,37.65153344,127.0186268,bus,bus,bus_station_seoul_cleaned.csv
효문중학교,,37.65149518,127.0183803,bus,bus,bus_station_seoul_cleaned.csv
도봉중학교후문,,37.67111683,127.0450449,bus,bus,bus_station_seoul_cleaned.csv
방학동도깨비시장입구,,37.66518685,127.036319,bus,bus,bus_station_seoul_cleaned.csv
도봉새마을금고본점,,37.66738866,127.040385,bus,bus,bus_station_seoul_cleaned.csv
공릉시장,,37.62274084,127.0741782,bus,bus,bus_station_seoul_cleaned.csv
공릉시장,,37.62311604,127.0736212,bus,bus,bus_station_seoul_cleaned.csv
태릉입구역4번출구,,37.6195891,127.0752003,bus,bus,bus_station_seoul_cleaned.csv
태릉입구역3번출구,,37.61942533,127.074841,bus,bus,bus_station_seoul_cleaned.csv
태릉입구역,,37.61740508,127.0743733,bus,bus,bus_station_seoul_cleaned.csv
태릉입구역,,37.61701603,127.0745338,bus,bus,bus_station_seoul_cleaned.csv
공릉1동삼익아파트,,37.61795077,127.0727577,bus,bus,bus_station_seoul_cleaned.csv
공릉초등학교,,37.61865211,127.0735465,bus,bus,bus_station_seoul_cleaned.csv
대주아파트,,37.62131669,127.0719632,bus,bus,bus_station_seoul_cleaned.csv
공릉행복발전소,,37.62214903,127.0723922,bus,bus,bus_station_seoul_cleaned.csv
공릉대아2차아파트,,37.62299041,127.0713043,bus,bus,bus_station_seoul_cleaned.csv
서울창업디딤터,,37.61971327,127.0781313,bus,bus,bus_station_seoul_cleaned.csv
경춘선숲길.토끼굴앞,,37.61920993,127.0796854,bus,bus,bus_station_seoul_cleaned.csv
주유소앞다운복지관,,37.61894631,127.0797927,bus,bus,bus_station_seoul_cleaned.csv
서울창업디딤터,,37.61887969,127.0783739,bus,bus,bus_station_seoul_cleaned.csv
서울생활사박물관.농협앞,,37.61868398,127.0779971,bus,bus,bus_station_seoul_cleaned.csv
태릉입구역7번출구.서울생활사박물관,,37.61785593,127.0766767,bus,bus,bus_station_seoul_cleaned.csv
화랑대역1번출구,,37.61978101,127.0832854,bus,bus,bus_station_seoul_cleaned.csv
공연초등학교,,37.62681435,127.076128,bus,bus,bus_station_seoul_cleaned.csv
공릉역,,37.62598221,127.0741277,bus,bus,bus_station_seoul_cleaned.csv
서울과학기술대앞,,37.63034846,127.0761457,bus,bus,bus_station_seoul_cleaned.csv
동신아파트,,37.62762881,127.0775732,bus,bus,bus_station_seoul_cleaned.csv
현대성우아파트,,37.62746879,127.0777061,bus,bus,bus_station_seoul_cleaned.csv
동부아파트,,37.62738942,127.0785188,bus,bus,bus_station_seoul_cleaned.csv
한보아파트.삼익아파트,,37.62754669,127.0804799,bus,bus,bus_station_seoul_cleaned.csv
삼익아파트.한보아파트,,37.62734331,127.0800991,bus,bus,bus_station_seoul_cleaned.csv
원자력병원,,37.62840735,127.0820912,bus,bus,bus_station_seoul_cleaned.csv
원자력병원입구,,37.62627157,127.0794579,bus,bus,bus_station_seoul_cleaned.csv
안마을,,37.62345785,127.079519,bus,bus,bus_station_seoul_cleaned.csv
두산힐스빌아파트,,37.62138706,127.0788884,bus,bus,bus_station_seoul_cleaned.csv
두산힐스빌아파트,,37.621341,127.0790469,bus,bus,bus_station_seoul_cleaned.csv
안마을,,37.62369707,127.0794301,bus,bus,bus_station_seoul_cleaned.csv
원자력병원.공릉해링턴플레이스,,37.62826706,127.0850408,bus,bus,bus_station_seoul_cleaned.csv
공릉해링턴플레이스,,37.6271441,127.0853189,bus,bus,bus_station_seoul_cleaned.csv
공릉우방아파트,,37.626095,127.086035,bus,bus,bus_station_seoul_cleaned.csv
태릉해링턴플레이스아파트,,37.62533451,127.0859251,bus,bus,bus_station_seoul_cleaned.csv
화랑타운아파트,,37.623608,127.086747,bus,bus,bus_station_seoul_cleaned.csv
청솔8단지아파트,,37.62330009,127.0865288,bus,bus,bus_station_seoul_cleaned.csv
화랑대역2번출구,,37.62022142,127.0835907,bus,bus,bus_station_seoul_cleaned.csv
화랑대사거리,,37.62181229,127.0881214,bus,bus,bus_station_seoul_cleaned.csv
화랑대사거리,,37.62197335,127.0878831,bus,bus,bus_station_seoul_cleaned.csv
경춘선숲길.화랑대철도공원,,37.62384398,127.0911285,bus,bus,bus_station_seoul_cleaned.csv
경춘선숲길.화랑대철도공원,,37.6235352,127.0902614,bus,bus,bus_station_seoul_cleaned.csv
서울여대.육군사관학교행정안내소,,37.62590215,127.0947361,bus,bus,bus_station_seoul_cleaned.csv
서울여대.육군사관학교행정안내소,,37.62616751,127.0945527,bus,bus,bus_station_seoul_cleaned.csv
태릉국제사격장,,37.62764749,127.0962778,bus,bus,bus_station_seoul_cleaned.csv
태릉국제사격장,,37.62819453,127.0961867,bus,bus,bus_station_seoul_cleaned.csv
태릉,,37.63018935,127.0985753,bus,bus,bus_station_seoul_cleaned.csv
태릉,,37.63046,127.098258,bus,bus,bus_station_seoul_cleaned.csv
태릉선수촌,,37.63330218,127.1032736,bus,bus,bus_station_seoul_cleaned.csv
태릉선수촌,,37.63389841,127.1035996,bus,bus,bus_station_seoul_cleaned.csv
태릉국제스케이트장,,37.63559186,127.1062794,bus,bus,bus_station_seoul_cleaned.csv
태릉국제스케이트장,,37.63515307,127.1053041,bus,bus,bus_station_seoul_cleaned.csv
삼육대앞,,37.63841539,127.1084329,bus,bus,bus_station_seoul_cleaned.csv
삼육대앞,,37.638788,127.1083938,bus,bus,bus_station_seoul_cleaned.csv
담터고개,,37.64089986,127.1111217,bus,bus,bus_station_seoul_cleaned.csv
원자력병원.공릉동삼익2차아파트,,37.62604325,127.0797928,bus,bus,bus_station_seoul_cleaned.csv
예수사랑교회,,37.62230484,127.0871774,bus,bus,bus_station_seoul_cleaned.csv
서울과학기술대입구,,37.6284741,127.0718013,bus,bus,bus_station_seoul_cleaned.csv
서울과학기술대입구,,37.6283445,127.0713745,bus,bus,bus_station_seoul_cleaned.csv
공릉역1번출구,,37.62669038,127.0727039,bus,bus,bus_station_seoul_cleaned.csv
공릉역4번출구,,37.62660953,127.072313,bus,bus,bus_station_seoul_cleaned.csv
공릉신도2차아파트,,37.62539155,127.0713065,bus,bus,bus_station_seoul_cleaned.csv
공릉대동2차아파트,,37.62687062,127.071052,bus,bus,bus_station_seoul_cleaned.csv
공릉대동2차아파트,,37.62712923,127.0707518,bus,bus,bus_station_seoul_cleaned.csv
노원문화원,,37.62837789,127.0699477,bus,bus,bus_station_seoul_cleaned.csv
노원문화원,,37.62861134,127.0698346,bus,bus,bus_station_seoul_cleaned.csv
용원초등학교,,37.62865917,127.0687126,bus,bus,bus_station_seoul_cleaned.csv
용원초등학교,,37.62826952,127.0686697,bus,bus,bus_station_seoul_cleaned.csv
공릉동동신아파트앞,,37.62823009,127.0775444,bus,bus,bus_station_seoul_cleaned.csv
공릉2단지,,37.63063975,127.0675702,bus,bus,bus_station_seoul_cleaned.csv
서울과학기술대학교후문,,37.63112086,127.0831052,bus,bus,bus_station_seoul_cleaned.csv
영화교회,,37.63057199,127.0716995,bus,bus,bus_station_seoul_cleaned.csv
서울과학기술대학교후문,,37.632515,127.0832994,bus,bus,bus_station_seoul_cleaned.csv
공릉삼익아파트,,37.62947964,127.0733714,bus,bus,bus_station_seoul_cleaned.csv
공연초등학교,,37.62672366,127.0755405,bus,bus,bus_station_seoul_cleaned.csv
공릉역,,37.62598959,127.0736172,bus,bus,bus_station_seoul_cleaned.csv
공릉1단지후문,,37.6313165,127.0697006,bus,bus,bus_station_seoul_cleaned.csv
상계주공9단지,,37.6629604,127.058456,bus,bus,bus_station_seoul_cleaned.csv
노원고등학교,,37.66132052,127.0545329,bus,bus,bus_station_seoul_cleaned.csv
임광아파트상가,,37.661178,127.057463,bus,bus,bus_station_seoul_cleaned.csv
상계주공7단지,,37.66036677,127.0591136,bus,bus,bus_station_seoul_cleaned.csv
대림아파트상가,,37.66034356,127.0586795,bus,bus,bus_station_seoul_cleaned.csv
도봉면허시험장,,37.65744685,127.0599659,bus,bus,bus_station_seoul_cleaned.csv
도봉면허시험장,,37.65733803,127.0595396,bus,bus,bus_station_seoul_cleaned.csv
상계주공7단지,,37.66090526,127.0598156,bus,bus,bus_station_seoul_cleaned.csv
상계주공7단지.광림교회앞,,37.6605619,127.062605,bus,bus,bus_station_seoul_cleaned.csv
상계10동우체국,,37.6607334,127.0628214,bus,bus,bus_station_seoul_cleaned.csv
청원고등학교,,37.66504924,127.0617199,bus,bus,bus_station_seoul_cleaned.csv
마들역.상계주공9단지,,37.66457677,127.0587962,bus,bus,bus_station_seoul_cleaned.csv
온곡중학교.노원중앙도서관,,37.6595872,127.0645319,bus,bus,bus_station_seoul_cleaned.csv
온곡중학교.노원중앙도서관,,37.65929276,127.0644767,bus,bus,bus_station_seoul_cleaned.csv
두산아파트.도심공항수락터미널,,37.67871677,127.053183,bus,bus,bus_station_seoul_cleaned.csv
두산아파트.도심공항수락터미널,,37.67850047,127.0533189,bus,bus,bus_station_seoul_cleaned.csv
수락산역3번출구,,37.67717088,127.0555615,bus,bus,bus_station_seoul_cleaned.csv
수락산역4번출구,,37.67735401,127.0551013,bus,bus,bus_station_seoul_cleaned.csv
노일초등학교,,37.67351355,127.055256,bus,bus,bus_station_seoul_cleaned.csv
노원초등학교,,37.67291553,127.0557491,bus,bus,bus_station_seoul_cleaned.csv
상계현대2차아파트,,37.67171784,127.0509549,bus,bus,bus_station_seoul_cleaned.csv
상경초등학교.상계현대3차아파트,,37.67095212,127.0525754,bus,bus,bus_station_seoul_cleaned.csv
수락리버시티아파트,,37.68933105,127.0552031,bus,bus,bus_station_seoul_cleaned.csv
수락리버시티아파트,,37.68901186,127.0556485,bus,bus,bus_station_seoul_cleaned.csv
수락중고등학교,,37.68283878,127.0552709,bus,bus,bus_station_seoul_cleaned.csv
수락중고등학교,,37.68293,127.0555582,bus,bus,bus_station_seoul_cleaned.csv
은빛아파트2단지,,37.68020944,127.0552746,bus,bus,bus_station_seoul_cleaned.csv
홍파복지원.수락산벨리체아파트,,37.68026088,127.0555052,bus,bus,bus_station_seoul_cleaned.csv
상계초등학교,,37.6576161,127.0659939,bus,bus,bus_station_seoul_cleaned.csv
상계초등학교,,37.65810493,127.0659036,bus,bus,bus_station_seoul_cleaned.csv
노원역9번출구,,37.65609111,127.0619865,bus,bus,bus_station_seoul_cleaned.csv
노원역1번출구,,37.656202,127.063365,bus,bus,bus_station_seoul_cleaned.csv
롯데백화점노원점.노원역4번출구,,37.65483,127.062274,bus,bus,bus_station_seoul_cleaned.csv
와우패션클럽,,37.6551912,127.0638662,bus,bus,bus_station_seoul_cleaned.csv
중앙하이츠2차아파트,,37.654692,127.067488,bus,bus,bus_station_seoul_cleaned.csv
상계중학교정문,,37.65258965,127.0681369,bus,bus,bus_station_seoul_cleaned.csv
상계중학교,,37.65158205,127.0694249,bus,bus,bus_station_seoul_cleaned.csv
코오롱아파트.양지대림아파트,,37.65249758,127.070716,bus,bus,bus_station_seoul_cleaned.csv
상계119안전센터,,37.65407875,127.0715549,bus,bus,bus_station_seoul_cleaned.csv
상계119안전센터,,37.65422724,127.0718383,bus,bus,bus_station_seoul_cleaned.csv
노원수학문화관,,37.65752144,127.0716241,bus,bus,bus_station_seoul_cleaned.csv
노원수학문화관,,37.65775198,127.0718499,bus,bus,bus_station_seoul_cleaned.csv
상계중앙시장입구,,37.658467,127.070695,bus,bus,bus_station_seoul_cleaned.csv
상계중앙시장입구,,37.65863828,127.0706328,bus,bus,bus_station_seoul_cleaned.csv
흥안운수종점,,37.66976648,127.0809233,bus,bus,bus_station_seoul_cleaned.csv
흥안운수종점,,37.66966891,127.0805894,bus,bus,bus_station_seoul_cleaned.csv
불암현대아파트,,37.6682034,127.0793552,bus,bus,bus_station_seoul_cleaned.csv
동아불암아파트,,37.66614806,127.0777874,bus,bus,bus_station_seoul_cleaned.csv
동아불암아파트,,37.66704833,127.0787108,bus,bus,bus_station_seoul_cleaned.csv
노원롯데캐슬시그니처아파트,,37.66486,127.0771189,bus,bus,bus_station_seoul_cleaned.csv
노원롯데캐슬시그니처아파트,,37.6649502,127.076949,bus,bus,bus_station_seoul_cleaned.csv
상계불암대림아파트,,37.66317581,127.0761169,bus,bus,bus_station_seoul_cleaned.csv
흥안운수상계4동종점,,37.67091766,127.0825489,bus,bus,bus_station_seoul_cleaned.csv
상계역사거리,,37.65974333,127.072127,bus,bus,bus_station_seoul_cleaned.csv
상신교회,,37.661312,127.070768,bus,bus,bus_station_seoul_cleaned.csv
상신교회,,37.661425,127.070903,bus,bus,bus_station_seoul_cleaned.csv
계상초등학교,,37.66283107,127.0689792,bus,bus,bus_station_seoul_cleaned.csv
상계5동주민센터,,37.66286449,127.0691877,bus,bus,bus_station_seoul_cleaned.csv
상계한신2차아파트,,37.664199,127.066944,bus,bus,bus_station_seoul_cleaned.csv
상계한신2차아파트,,37.66444373,127.0666569,bus,bus,bus_station_seoul_cleaned.csv
상계역5번출구.상계벽산아파트,,37.66129217,127.0734913,bus,bus,bus_station_seoul_cleaned.csv
당고개입구오거리,,37.66293529,127.0753602,bus,bus,bus_station_seoul_cleaned.csv
상계2동주민센터,,37.65757004,127.0677788,bus,bus,bus_station_seoul_cleaned.csv
벽산아파트103동,,37.66056561,127.0718983,bus,bus,bus_station_seoul_cleaned.csv
노원역6번출구.상계주공3단지,,37.65194224,127.0610352,bus,bus,bus_station_seoul_cleaned.csv
상계주공2단지,,37.64937441,127.0617372,bus,bus,bus_station_seoul_cleaned.csv
상계주공1단지.한국성서대학교,,37.64730836,127.0627808,bus,bus,bus_station_seoul_cleaned.csv
마들근린공원.노원에코센터,,37.64505084,127.0594958,bus,bus,bus_station_seoul_cleaned.csv
마들근린공원.노원에코센터,,37.6452861,127.0595368,bus,bus,bus_station_seoul_cleaned.csv
노원구청.상계6동우체국,,37.6539307,127.0581487,bus,bus,bus_station_seoul_cleaned.csv
노원구청,,37.6542764,127.057241,bus,bus,bus_station_seoul_cleaned.csv
노원구청,,37.65430872,127.057487,bus,bus,bus_station_seoul_cleaned.csv
상계주공2단지223동,,37.64790634,127.0569921,bus,bus,bus_station_seoul_cleaned.csv
상계주공2단지203동,,37.65110933,127.0604209,bus,bus,bus_station_seoul_cleaned.csv
노원역5번출구.상계주공6단지,,37.65318414,127.0611445,bus,bus,bus_station_seoul_cleaned.csv
상계주공4단지,,37.65077523,127.0617647,bus,bus,bus_station_seoul_cleaned.csv
백병원.한국성서대학교,,37.64801824,127.0628821,bus,bus,bus_station_seoul_cleaned.csv
상계6.7동주민센터,,37.65442073,127.0672044,bus,bus,bus_station_seoul_cleaned.csv
상계중학교,,37.6523542,127.0678157,bus,bus,bus_station_seoul_cleaned.csv
상계2동주민센터,,37.65763778,127.0674898,bus,bus,bus_station_seoul_cleaned.csv
상경초등학교,,37.67079715,127.0520711,bus,bus,bus_station_seoul_cleaned.csv
상계주공15단지,,37.6682903,127.0565592,bus,bus,bus_station_seoul_cleaned.csv
마들역,,37.665283,127.05742,bus,bus,bus_station_seoul_cleaned.csv
상계주공10단지,,37.66214414,127.0582162,bus,bus,bus_station_seoul_cleaned.csv
노원고등학교,,37.66168992,127.0544629,bus,bus,bus_station_seoul_cleaned.csv
상계주공10단지상가,,37.66142407,127.0576005,bus,bus,bus_station_seoul_cleaned.csv
상계주공14단지,,37.669103,127.056828,bus,bus,bus_station_seoul_cleaned.csv
마들역,,37.666492,127.057562,bus,bus,bus_station_seoul_cleaned.csv
보람아파트1단지,,37.66440836,127.065452,bus,bus,bus_station_seoul_cleaned.csv
보람아파트2단지,,37.6647816,127.0643815,bus,bus,bus_station_seoul_cleaned.csv
청원고등학교,,37.66522951,127.0616146,bus,bus,bus_station_seoul_cleaned.csv
상계주공12단지1202동,,37.66492228,127.0597894,bus,bus,bus_station_seoul_cleaned.csv
광운대역,,37.622578,127.061673,bus,bus,bus_station_seoul_cleaned.csv
광운대역,,37.62260609,127.0618284,bus,bus,bus_station_seoul_cleaned.csv
월계현대아파트,,37.61983487,127.0633583,bus,bus,bus_station_seoul_cleaned.csv
월계현대아파트,,37.61931891,127.0634001,bus,bus,bus_station_seoul_cleaned.csv
월계1동경로당,,37.61716288,127.0641713,bus,bus,bus_station_seoul_cleaned.csv
석계역1번출구.A,,37.61493,127.065197,bus,bus,bus_station_seoul_cleaned.csv
석계역2번출구,,37.61527426,127.0669732,bus,bus,bus_station_seoul_cleaned.csv
광운대학교,,37.61996115,127.0584819,bus,bus,bus_station_seoul_cleaned.csv
월계삼거리,,37.6226678,127.060007,bus,bus,bus_station_seoul_cleaned.csv
청백아파트1단지,,37.635412,127.052187,bus,bus,bus_station_seoul_cleaned.csv
대우아파트,,37.63310967,127.0521635,bus,bus,bus_station_seoul_cleaned.csv
청백아파트3단지4단지,,37.63173573,127.0509347,bus,bus,bus_station_seoul_cleaned.csv
청백아파트3단지4단지,,37.63162877,127.0510635,bus,bus,bus_station_seoul_cleaned.csv
초안아파트.흥화브라운빌아파트,,37.63206983,127.0443047,bus,bus,bus_station_seoul_cleaned.csv
초안아파트.흥화브라운빌아파트,,37.63229967,127.0440641,bus,bus,bus_station_seoul_cleaned.csv
쌍용스윗닷홈아파트,,37.63039807,127.0454252,bus,bus,bus_station_seoul_cleaned.csv
신창중학교후문,,37.62796689,127.0473977,bus,bus,bus_station_seoul_cleaned.csv
신창중학교후문,,37.62791947,127.0472744,bus,bus,bus_station_seoul_cleaned.csv
염광고등학교,,37.62754013,127.0503112,bus,bus,bus_station_seoul_cleaned.csv
염광고등학교,,37.62730124,127.0502378,bus,bus,bus_station_seoul_cleaned.csv
월계주공1단지상가,,37.62669022,127.0516251,bus,bus,bus_station_seoul_cleaned.csv
월계공단,,37.62713016,127.0518547,bus,bus,bus_station_seoul_cleaned.csv
월계종합사회복지관,,37.62748942,127.0525942,bus,bus,bus_station_seoul_cleaned.csv
월계종합사회복지관,,37.62748483,127.0527726,bus,bus,bus_station_seoul_cleaned.csv
월계주공2단지,,37.62835008,127.0538076,bus,bus,bus_station_seoul_cleaned.csv
월계주공1단지,,37.62828611,127.0541043,bus,bus,bus_station_seoul_cleaned.csv
인덕대학교.월계도서관,,37.62865659,127.0551762,bus,bus,bus_station_seoul_cleaned.csv
인덕대학교.월계도서관,,37.62867067,127.0554102,bus,bus,bus_station_seoul_cleaned.csv
월계주공108동앞.롯데캐슬루나아파트,,37.62618916,127.0525926,bus,bus,bus_station_seoul_cleaned.csv
인덕대학교후문입구,,37.6279838,127.0552744,bus,bus,bus_station_seoul_cleaned.csv
월릉교앞.한진한화그랑빌아파트,,37.61580549,127.0692324,bus,bus,bus_station_seoul_cleaned.csv
한진한화그랑빌아파트,,37.61825517,127.0698589,bus,bus,bus_station_seoul_cleaned.csv
한천초등학교,,37.61945266,127.0698708,bus,bus,bus_station_seoul_cleaned.csv
한천초등학교,,37.61998609,127.0699692,bus,bus,bus_station_seoul_cleaned.csv
월계동대우아파트,,37.633037,127.052193,bus,bus,bus_station_seoul_cleaned.csv
월계미성아파트,,37.62168291,127.0693433,bus,bus,bus_station_seoul_cleaned.csv
월계미륭아파트,,37.62310657,127.0683895,bus,bus,bus_station_seoul_cleaned.csv
월계미륭아파트,,37.62338397,127.0686266,bus,bus,bus_station_seoul_cleaned.csv
월계삼호아파트,,37.62517519,127.0672914,bus,bus,bus_station_seoul_cleaned.csv
월계삼호아파트,,37.62532103,127.0675294,bus,bus,bus_station_seoul_cleaned.csv
월계삼호4차아파트,,37.62646547,127.0658231,bus,bus,bus_station_seoul_cleaned.csv
월계삼호4차아파트,,37.62666271,127.0659819,bus,bus,bus_station_seoul_cleaned.csv
녹천초등학교.월계이마트,,37.628387,127.064038,bus,bus,bus_station_seoul_cleaned.csv
녹천초등학교.월계이마트,,37.62755178,127.0649064,bus,bus,bus_station_seoul_cleaned.csv
월계사슴아파트2단지,,37.63210609,127.0605903,bus,bus,bus_station_seoul_cleaned.csv
월계사슴아파트3단지,,37.6319574,127.0604079,bus,bus,bus_station_seoul_cleaned.csv
월계역1번출구,,37.6339281,127.0592762,bus,bus,bus_station_seoul_cleaned.csv
월계역1번출구,,37.63373538,127.0590506,bus,bus,bus_station_seoul_cleaned.csv
대우아파트,,37.63389355,127.0523148,bus,bus,bus_station_seoul_cleaned.csv
월계119안전센터,,37.62846246,127.0574775,bus,bus,bus_station_seoul_cleaned.csv
신도브래뉴.한전노원변전소,,37.6281868,127.0591992,bus,bus,bus_station_seoul_cleaned.csv
광운중.광운인공지능고등학교,,37.61895535,127.0563054,bus,bus,bus_station_seoul_cleaned.csv
광운중.광운인공지능고등학교,,37.61894849,127.05653,bus,bus,bus_station_seoul_cleaned.csv
광운대학교,,37.61984293,127.0581458,bus,bus,bus_station_seoul_cleaned.csv
월계삼거리,,37.62261399,127.0596195,bus,bus,bus_station_seoul_cleaned.csv
롯데캐슬루나아파트,,37.62520589,127.051508,bus,bus,bus_station_seoul_cleaned.csv
인덕대학교정문입구,,37.6290379,127.0575128,bus,bus,bus_station_seoul_cleaned.csv
월계보건지소,,37.63197646,127.0616209,bus,bus,bus_station_seoul_cleaned.csv
월계보건지소,,37.63173991,127.0617142,bus,bus,bus_station_seoul_cleaned.csv
교육촌.벼루말,,37.62196856,127.0527149,bus,bus,bus_station_seoul_cleaned.csv
장석교회,,37.62420619,127.0506124,bus,bus,bus_station_seoul_cleaned.csv
쌍용스윗닷홈아파트,,37.6306058,127.0450262,bus,bus,bus_station_seoul_cleaned.csv
월계119안전센터,,37.62869931,127.0571623,bus,bus,bus_station_seoul_cleaned.csv
신도브래뉴.한전노원변전소,,37.62840099,127.0588028,bus,bus,bus_station_seoul_cleaned.csv
상명고등학교.성원아파트,,37.64991314,127.0691543,bus,bus,bus_station_seoul_cleaned.csv
중계1동주민센터,,37.65172605,127.0769381,bus,bus,bus_station_seoul_cleaned.csv
은행사거리,,37.6488502,127.0764226,bus,bus,bus_station_seoul_cleaned.csv
양지근린공원,,37.64672146,127.0763721,bus,bus,bus_station_seoul_cleaned.csv
서라벌고등학교,,37.64484116,127.0750013,bus,bus,bus_station_seoul_cleaned.csv
불암중학교,,37.64652908,127.0742898,bus,bus,bus_station_seoul_cleaned.csv
불암중학교,,37.64653754,127.074127,bus,bus,bus_station_seoul_cleaned.csv
중계주공10단지.중계건영3차아파트,,37.64770753,127.0736281,bus,bus,bus_station_seoul_cleaned.csv
롯데우성아파트,,37.64750693,127.0738318,bus,bus,bus_station_seoul_cleaned.csv
중계구민체육센터,,37.6476009,127.0712087,bus,bus,bus_station_seoul_cleaned.csv
중계구민체육센터,,37.64776837,127.0712793,bus,bus,bus_station_seoul_cleaned.csv
롯데마트,,37.64719155,127.0702112,bus,bus,bus_station_seoul_cleaned.csv
을지중학교,,37.65053999,127.0718008,bus,bus,bus_station_seoul_cleaned.csv
을지중학교,,37.65020872,127.0709042,bus,bus,bus_station_seoul_cleaned.csv
청암중.고등학교,,37.65289023,127.0739505,bus,bus,bus_station_seoul_cleaned.csv
중계주공5단지514동,,37.65081085,127.0749325,bus,bus,bus_station_seoul_cleaned.csv
원광초등학교,,37.65449071,127.0766007,bus,bus,bus_station_seoul_cleaned.csv
중계역,,37.64407071,127.0643729,bus,bus,bus_station_seoul_cleaned.csv
노원구민의전당,,37.63939116,127.0664181,bus,bus,bus_station_seoul_cleaned.csv
건영옴니백화점,,37.63890146,127.0641135,bus,bus,bus_station_seoul_cleaned.csv
브라운스톤중계.우리은행앞,,37.63945558,127.0640919,bus,bus,bus_station_seoul_cleaned.csv
서울아이티고등학교,,37.64263018,127.062437,bus,bus,bus_station_seoul_cleaned.csv
서울아이티고등학교,,37.64169794,127.0631034,bus,bus,bus_station_seoul_cleaned.csv
어린이교통공원,,37.64535768,127.0628698,bus,bus,bus_station_seoul_cleaned.csv
중계역,,37.64321889,127.0650888,bus,bus,bus_station_seoul_cleaned.csv
서울시립북서울미술관,,37.63974693,127.06674,bus,bus,bus_station_seoul_cleaned.csv
중계건영2차아파트,,37.64609929,127.0652454,bus,bus,bus_station_seoul_cleaned.csv
중계역2번출구,,37.64561755,127.0649391,bus,bus,bus_station_seoul_cleaned.csv
상명초등학교,,37.64785061,127.0677842,bus,bus,bus_station_seoul_cleaned.csv
중계3단지목련아파트,,37.6475,127.0679665,bus,bus,bus_station_seoul_cleaned.csv
상명고등학교,,37.64948354,127.0690665,bus,bus,bus_station_seoul_cleaned.csv
목련아파트상가,,37.64685822,127.0698766,bus,bus,bus_station_seoul_cleaned.csv
중계목화아파트4단지,,37.64353141,127.0714067,bus,bus,bus_station_seoul_cleaned.csv
용동초등학교,,37.64211627,127.0691311,bus,bus,bus_station_seoul_cleaned.csv
용동초등학교,,37.64187215,127.0690118,bus,bus,bus_station_seoul_cleaned.csv
2001아울렛중계점,,37.64168821,127.0676632,bus,bus,bus_station_seoul_cleaned.csv
서울시립북서울미술관후문,,37.64130782,127.0668462,bus,bus,bus_station_seoul_cleaned.csv
홈플러스중계점,,37.64072259,127.0686266,bus,bus,bus_station_seoul_cleaned.csv
노원평생학습관,,37.63934286,127.0689347,bus,bus,bus_station_seoul_cleaned.csv
대진여자고등학교,,37.64454893,127.0671607,bus,bus,bus_station_seoul_cleaned.csv
청계초등학교,,37.64450811,127.0669303,bus,bus,bus_station_seoul_cleaned.csv
중계역1번출구,,37.64626494,127.0637573,bus,bus,bus_station_seoul_cleaned.csv
상계역5번출구,,37.66136395,127.0739702,bus,bus,bus_station_seoul_cleaned.csv
상계역3번출구,,37.6593,127.073033,bus,bus,bus_station_seoul_cleaned.csv
상계역3번출구,,37.65943112,127.0732122,bus,bus,bus_station_seoul_cleaned.csv
중계주공3단지,,37.65695395,127.0770172,bus,bus,bus_station_seoul_cleaned.csv
중계주공2단지,,37.65705027,127.0778333,bus,bus,bus_station_seoul_cleaned.csv
중계주공4단지,,37.655012,127.07801,bus,bus,bus_station_seoul_cleaned.csv
중계주공4단지,,37.6541375,127.0783572,bus,bus,bus_station_seoul_cleaned.csv
중계1동주민센터,,37.65186702,127.0775629,bus,bus,bus_station_seoul_cleaned.csv
신한은행중계동지점,,37.65054321,127.0774015,bus,bus,bus_station_seoul_cleaned.csv
기업은행중계동WM센터,,37.65073677,127.0776284,bus,bus,bus_station_seoul_cleaned.csv
공릉신도2차아파트,,37.62541227,127.0715005,bus,bus,bus_station_seoul_cleaned.csv
노원문화예술회관.불암초등학교,,37.65067766,127.0801603,bus,bus,bus_station_seoul_cleaned.csv
노원문화예술회관.불암초등학교,,37.65004819,127.0809178,bus,bus,bus_station_seoul_cleaned.csv
영신여자고등학교입구,,37.64981993,127.0811175,bus,bus,bus_station_seoul_cleaned.csv
불암고등학교,,37.64850217,127.080575,bus,bus,bus_station_seoul_cleaned.csv
중계본동주민센터,,37.64747397,127.0806838,bus,bus,bus_station_seoul_cleaned.csv
노원우체국,,37.64603243,127.081718,bus,bus,bus_station_seoul_cleaned.csv
노원우체국,,37.64615845,127.0819108,bus,bus,bus_station_seoul_cleaned.csv
중계본동종점,,37.644643,127.083058,bus,bus,bus_station_seoul_cleaned.csv
중계주공7단지,,37.647938,127.079788,bus,bus,bus_station_seoul_cleaned.csv
중계주공6단지상가,,37.64812629,127.0794425,bus,bus,bus_station_seoul_cleaned.csv
대림벽산아파트,,37.647837,127.077428,bus,bus,bus_station_seoul_cleaned.csv
중계주공6단지,,37.64808792,127.0775774,bus,bus,bus_station_seoul_cleaned.csv
은행사거리,,37.6498881,127.0768626,bus,bus,bus_station_seoul_cleaned.csv
대림벽산아파트,,37.64675726,127.076746,bus,bus,bus_station_seoul_cleaned.csv
하계역,,37.63738801,127.0677831,bus,bus,bus_station_seoul_cleaned.csv
하계미성아파트,,37.63509439,127.0688261,bus,bus,bus_station_seoul_cleaned.csv
서울과학기술대앞,,37.63055652,127.0760826,bus,bus,bus_station_seoul_cleaned.csv
중계주공9단지후문,,37.64302277,127.0766006,bus,bus,bus_station_seoul_cleaned.csv
중계주공9단지후문,,37.64302977,127.0762238,bus,bus,bus_station_seoul_cleaned.csv
삼익선경아파트후문.시립과학관,,37.63990327,127.0763594,bus,bus,bus_station_seoul_cleaned.csv
한신동성아파트.시립과학관,,37.64019626,127.0760935,bus,bus,bus_station_seoul_cleaned.csv
삼익선경아파트,,37.63810845,127.0775271,bus,bus,bus_station_seoul_cleaned.csv
대진고등학교.하계우방아파트,,37.63787606,127.0773942,bus,bus,bus_station_seoul_cleaned.csv
하계미성아파트.을지병원,,37.6365848,127.0694328,bus,bus,bus_station_seoul_cleaned.csv
하계역2번출구,,37.63685375,127.0694876,bus,bus,bus_station_seoul_cleaned.csv
한성여객종점,,37.63813,127.070056,bus,bus,bus_station_seoul_cleaned.csv
한성여객종점,,37.63727106,127.070816,bus,bus,bus_station_seoul_cleaned.csv
북부여성발전센터앞,,37.64326081,127.0623625,bus,bus,bus_station_seoul_cleaned.csv
그린아파트101동앞,,37.6443054,127.061918,bus,bus,bus_station_seoul_cleaned.csv
대진고등학교,,37.63793622,127.0736491,bus,bus,bus_station_seoul_cleaned.csv
골마을근린공원,,37.63834592,127.0742335,bus,bus,bus_station_seoul_cleaned.csv
서울온천,,37.63936483,127.074308,bus,bus,bus_station_seoul_cleaned.csv
하계1동주민센터,,37.64042632,127.0728303,bus,bus,bus_station_seoul_cleaned.csv
노원경찰서.혜성여고,,37.6420899,127.072526,bus,bus,bus_station_seoul_cleaned.csv
노원경찰서,,37.64201649,127.0721297,bus,bus,bus_station_seoul_cleaned.csv
동천학교,,37.64408294,127.0742364,bus,bus,bus_station_seoul_cleaned.csv
동천학교,,37.64407422,127.073769,bus,bus,bus_station_seoul_cleaned.csv
서라벌고등학교,,37.64501514,127.0747387,bus,bus,bus_station_seoul_cleaned.csv
하계현대아파트,,37.64495798,127.0711485,bus,bus,bus_station_seoul_cleaned.csv
홈플러스중계점,,37.64046658,127.0689923,bus,bus,bus_station_seoul_cleaned.csv
하계한신청구아파트,,37.63919155,127.068946,bus,bus,bus_station_seoul_cleaned.csv
경기기계공업고등학교,,37.63092906,127.0740538,bus,bus,bus_station_seoul_cleaned.csv
한천중학교,,37.63094205,127.0734431,bus,bus,bus_station_seoul_cleaned.csv
하계역,,37.63680471,127.0676154,bus,bus,bus_station_seoul_cleaned.csv
하계장미아파트상가,,37.63407882,127.0688041,bus,bus,bus_station_seoul_cleaned.csv
하계2동주민센터,,37.63198414,127.0681379,bus,bus,bus_station_seoul_cleaned.csv
하계2동주민센터,,37.63177017,127.0681178,bus,bus,bus_station_seoul_cleaned.csv
중평초등학교,,37.63659875,127.065372,bus,bus,bus_station_seoul_cleaned.csv
하계극동아파트,,37.63383316,127.0645878,bus,bus,bus_station_seoul_cleaned.csv
하계시영아파트,,37.63405342,127.0654519,bus,bus,bus_station_seoul_cleaned.csv
하계우성아파트,,37.63514069,127.0666509,bus,bus,bus_station_seoul_cleaned.csv
하계장미아파트,,37.63492779,127.0669625,bus,bus,bus_station_seoul_cleaned.csv
중평초등학교,,37.63695935,127.0650012,bus,bus,bus_station_seoul_cleaned.csv
석계역1번출구,,37.615298,127.064773,bus,bus,bus_station_seoul_cleaned.csv
중계1동신안아파트,,37.65124697,127.0722916,bus,bus,bus_station_seoul_cleaned.csv
하계5단지아파트,,37.63394147,127.0663249,bus,bus,bus_station_seoul_cleaned.csv
그린아파트101동앞,,37.64434339,127.0616415,bus,bus,bus_station_seoul_cleaned.csv
북부여성발전센터앞,,37.64317531,127.0621743,bus,bus,bus_station_seoul_cleaned.csv
당현초등학교,,37.64834422,127.0589262,bus,bus,bus_station_seoul_cleaned.csv
상계주공2단지상가,,37.65041064,127.0570694,bus,bus,bus_station_seoul_cleaned.csv
월계미성아파트,,37.62146705,127.0691618,bus,bus,bus_station_seoul_cleaned.csv
벼루말교,,37.61984884,127.0552208,bus,bus,bus_station_seoul_cleaned.csv
청구빌라.연촌초등학교,,37.63509507,127.0714772,bus,bus,bus_station_seoul_cleaned.csv
청구빌라.연촌초등학교,,37.63528,127.071537,bus,bus,bus_station_seoul_cleaned.csv
벼루말교,,37.61966502,127.0552252,bus,bus,bus_station_seoul_cleaned.csv
하계1치안센터,,37.63311233,127.0724128,bus,bus,bus_station_seoul_cleaned.csv
하계1치안센터,,37.63294949,127.0722633,bus,bus,bus_station_seoul_cleaned.csv
월계중학교,,37.63005456,127.0511179,bus,bus,bus_station_seoul_cleaned.csv
염광중학교후문,,37.63033662,127.0510739,bus,bus,bus_station_seoul_cleaned.csv
월계1동경로당,,37.61705373,127.0640318,bus,bus,bus_station_seoul_cleaned.csv
월계역신도브래뉴아파트앞,,37.62988072,127.0590759,bus,bus,bus_station_seoul_cleaned.csv
구묵동교,,37.61833077,127.0786053,bus,bus,bus_station_seoul_cleaned.csv
석계역1번출구.B,,37.61492336,127.0652029,bus,bus,bus_station_seoul_cleaned.csv
삼화상운차고지,,37.62608628,127.052946,bus,bus,bus_station_seoul_cleaned.csv
월계동진아교통,,37.627735,127.064418,bus,bus,bus_station_seoul_cleaned.csv
월계동진아교통,,37.627618,127.06447,bus,bus,bus_station_seoul_cleaned.csv
중계본동종점,,37.644617,127.082796,bus,bus,bus_station_seoul_cleaned.csv
한성여객종점,,37.63753499,127.0706355,bus,bus,bus_station_seoul_cleaned.csv
흥안운수상계4동종점,,37.67083422,127.0822757,bus,bus,bus_station_seoul_cleaned.csv
삼화상운,,37.627217,127.05038,bus,bus,bus_station_seoul_cleaned.csv
유원극동아파트,,37.62960157,127.046128,bus,bus,bus_station_seoul_cleaned.csv
유원극동아파트,,37.62967271,127.0462391,bus,bus,bus_station_seoul_cleaned.csv
월계미륭아파트,,37.62403749,127.0680456,bus,bus,bus_station_seoul_cleaned.csv
7단지영업소,,37.66027786,127.0637357,bus,bus,bus_station_seoul_cleaned.csv
수락리버시티3.4단지,,37.68721096,127.0526874,bus,bus,bus_station_seoul_cleaned.csv
7단지영업소,,37.65964199,127.0641071,bus,bus,bus_station_seoul_cleaned.csv
경춘선숲길방문자센터,,37.6318319,127.0703978,bus,bus,bus_station_seoul_cleaned.csv
월계주공1단지아파트앞,,37.62626,127.05156,bus,bus,bus_station_seoul_cleaned.csv
불암산스포츠타운,,37.63901592,127.0828056,bus,bus,bus_station_seoul_cleaned.csv
불암산스포츠타운,,37.63868736,127.0824367,bus,bus,bus_station_seoul_cleaned.csv
수락현대아파트,,37.67463564,127.0602824,bus,bus,bus_station_seoul_cleaned.csv
서울특별시기술교육원북부캠퍼스,,37.64216054,127.0571173,bus,bus,bus_station_seoul_cleaned.csv
상계8동주민센터,,37.66697305,127.051942,bus,bus,bus_station_seoul_cleaned.csv
온곡초등학교,,37.66671546,127.0664538,bus,bus,bus_station_seoul_cleaned.csv
상계역1번출구,,37.66064423,127.0736492,bus,bus,bus_station_seoul_cleaned.csv
수락산디자인거리,,37.67497324,127.0578761,bus,bus,bus_station_seoul_cleaned.csv
상계주공11단지,,37.66701776,127.0551197,bus,bus,bus_station_seoul_cleaned.csv
보람아파트앞,,37.66496663,127.06617,bus,bus,bus_station_seoul_cleaned.csv
노원센트럴푸르지오아파트상가,,37.6638676,127.0751188,bus,bus,bus_station_seoul_cleaned.csv
7호선수락산역,,37.67583465,127.055859,bus,bus,bus_station_seoul_cleaned.csv
마들역8번출구,,37.666379,127.057202,bus,bus,bus_station_seoul_cleaned.csv
오뚜기슈퍼,,37.66437525,127.0727574,bus,bus,bus_station_seoul_cleaned.csv
상계주공9단지,,37.66467109,127.0593675,bus,bus,bus_station_seoul_cleaned.csv
대동아파트,,37.62013598,127.0722416,bus,bus,bus_station_seoul_cleaned.csv
또또슈퍼,,37.66530677,127.0716044,bus,bus,bus_station_seoul_cleaned.csv
상계주공14단지,,37.67092171,127.0578625,bus,bus,bus_station_seoul_cleaned.csv
청원고등학교,,37.66451702,127.061113,bus,bus,bus_station_seoul_cleaned.csv
수락산역5번출구,,37.67782161,127.0552228,bus,bus,bus_station_seoul_cleaned.csv
대동택시,,37.66588212,127.0708375,bus,bus,bus_station_seoul_cleaned.csv
14단지상가,,37.6697567,127.0595053,bus,bus,bus_station_seoul_cleaned.csv
상계주공9단지.포레나노원,,37.66226492,127.0616938,bus,bus,bus_station_seoul_cleaned.csv
상계금호어울림아파트입구,,37.66659204,127.0695324,bus,bus,bus_station_seoul_cleaned.csv
상원초등학교,,37.66810656,127.0603076,bus,bus,bus_station_seoul_cleaned.csv
주유소앞,,37.6556172,127.0658942,bus,bus,bus_station_seoul_cleaned.csv
건민약국앞,,37.62501383,127.0719758,bus,bus,bus_station_seoul_cleaned.csv
노일중학교,,37.67253975,127.0546942,bus,bus,bus_station_seoul_cleaned.csv
한신1차아파트후문,,37.66590651,127.0692075,bus,bus,bus_station_seoul_cleaned.csv
청원고등학교후문,,37.66699559,127.0616682,bus,bus,bus_station_seoul_cleaned.csv
벽산상가,,37.63559988,127.0655683,bus,bus,bus_station_seoul_cleaned.csv
상계1차현대아파트,,37.67206214,127.0528007,bus,bus,bus_station_seoul_cleaned.csv
상계한신1차아파트상가,,37.66526601,127.0689224,bus,bus,bus_station_seoul_cleaned.csv
상계주공13단지,,37.66674686,127.0634329,bus,bus,bus_station_seoul_cleaned.csv
노원역10번출구,,37.65664073,127.0644342,bus,bus,bus_station_seoul_cleaned.csv
한신1차아파트정문,,37.6654268,127.0682379,bus,bus,bus_station_seoul_cleaned.csv
보람아파트정문,,37.6645549,127.0644308,bus,bus,bus_station_seoul_cleaned.csv
한신3차아파트,,37.665476,127.067273,bus,bus,bus_station_seoul_cleaned.csv
상계주공15단지.16단지,,37.67063808,127.053617,bus,bus,bus_station_seoul_cleaned.csv
보람사거리,,37.66436871,127.0670672,bus,bus,bus_station_seoul_cleaned.csv
청솔7단지아파트,,37.63173035,127.0722281,bus,bus,bus_station_seoul_cleaned.csv
대림아파트105동앞,,37.66286874,127.0737281,bus,bus,bus_station_seoul_cleaned.csv
상계6동우체국,,37.65369891,127.0588726,bus,bus,bus_station_seoul_cleaned.csv
석계역,,37.61542163,127.0644586,bus,bus,bus_station_seoul_cleaned.csv
노원역2번출구,,37.65627519,127.0631567,bus,bus,bus_station_seoul_cleaned.csv
노원역5번출구,,37.65432737,127.0616022,bus,bus,bus_station_seoul_cleaned.csv
중현초등학교,,37.63295981,127.0669925,bus,bus,bus_station_seoul_cleaned.csv
월계472교,,37.61588135,127.060756,bus,bus,bus_station_seoul_cleaned.csv
KT플라자노원점,,37.65488966,127.0636627,bus,bus,bus_station_seoul_cleaned.csv
중계센트럴파크아파트,,37.64378937,127.0596903,bus,bus,bus_station_seoul_cleaned.csv
장석교회,,37.62426686,127.0509399,bus,bus,bus_station_seoul_cleaned.csv
교육촌.벼루말,,37.62186722,127.0526752,bus,bus,bus_station_seoul_cleaned.csv
꿈의숲SK뷰아파트,,37.62087119,127.0536515,bus,bus,bus_station_seoul_cleaned.csv
석계역문화공원,,37.61488758,127.0643657,bus,bus,bus_station_seoul_cleaned.csv
꿈의숲SK뷰아파트,,37.62087789,127.0537704,bus,bus,bus_station_seoul_cleaned.csv
하계장미아파트정문,,37.63408285,127.066487,bus,bus,bus_station_seoul_cleaned.csv
불암산역,,37.6692446,127.0784856,bus,bus,bus_station_seoul_cleaned.csv
동신아파트,,37.61730405,127.0609645,bus,bus,bus_station_seoul_cleaned.csv
순복음교회,,37.65530988,127.0659778,bus,bus,bus_station_seoul_cleaned.csv
수락산역,,37.68025899,127.055286,bus,bus,bus_station_seoul_cleaned.csv
하계역,,37.63534469,127.0683619,bus,bus,bus_station_seoul_cleaned.csv
지에스마트,,37.66379083,127.0659762,bus,bus,bus_station_seoul_cleaned.csv
보람아파트상가,,37.66465901,127.0651801,bus,bus,bus_station_seoul_cleaned.csv
삼창아파트,,37.6181959,127.0596523,bus,bus,bus_station_seoul_cleaned.csv
포레나노원,,37.66318582,127.0616934,bus,bus,bus_station_seoul_cleaned.csv
청솔7단지앞,,37.63159604,127.0723073,bus,bus,bus_station_seoul_cleaned.csv
경춘선숲길방문자센터,,37.63161521,127.070405,bus,bus,bus_station_seoul_cleaned.csv
메디아이산부인과,,37.65649154,127.0669717,bus,bus,bus_station_seoul_cleaned.csv
보람1차후문,,37.66210327,127.0656993,bus,bus,bus_station_seoul_cleaned.csv
상계주공13단지,,37.66666988,127.0638597,bus,bus,bus_station_seoul_cleaned.csv
노일초교,,37.67277346,127.0559096,bus,bus,bus_station_seoul_cleaned.csv
노일초교앞,,37.67358744,127.055255,bus,bus,bus_station_seoul_cleaned.csv
노원역,,37.6518335,127.0609915,bus,bus,bus_station_seoul_cleaned.csv
노원역,,37.65295252,127.0612203,bus,bus,bus_station_seoul_cleaned.csv
중계역,,37.6472686,127.0627647,bus,bus,bus_station_seoul_cleaned.csv
중계역,,37.64808494,127.0628447,bus,bus,bus_station_seoul_cleaned.csv
하계역,,37.63504024,127.0688594,bus,bus,bus_station_seoul_cleaned.csv
하계역,,37.63515587,127.0683473,bus,bus,bus_station_seoul_cleaned.csv
선곡경로당,,37.61708085,127.0586613,bus,bus,bus_station_seoul_cleaned.csv
청백아파트4단지,,37.63220844,127.0523483,bus,bus,bus_station_seoul_cleaned.csv
청백아파트4단지,,37.63252842,127.0525502,bus,bus,bus_station_seoul_cleaned.csv
월계주공2단지앞,,37.62920035,127.0546629,bus,bus,bus_station_seoul_cleaned.csv
인덕대후문,,37.6293422,127.0547791,bus,bus,bus_station_seoul_cleaned.csv
청원고등학교,,37.66462144,127.0613183,bus,bus,bus_station_seoul_cleaned.csv
청백아파트종점,,37.63555897,127.0524832,bus,bus,bus_station_seoul_cleaned.csv
롯데캐슬루나아파트,,37.62522907,127.0515463,bus,bus,bus_station_seoul_cleaned.csv
인덕대학교,,37.62869647,127.0554494,bus,bus,bus_station_seoul_cleaned.csv
인덕대학교,,37.62792256,127.0551905,bus,bus,bus_station_seoul_cleaned.csv
롯데캐슬루나아파트,,37.62538597,127.0513039,bus,bus,bus_station_seoul_cleaned.csv
수락터미널,,37.67876178,127.0536286,bus,bus,bus_station_seoul_cleaned.csv
상계2동주민센터,,37.65804613,127.068271,bus,bus,bus_station_seoul_cleaned.csv
온곡중학교,,37.66042115,127.0653476,bus,bus,bus_station_seoul_cleaned.csv
청원고등학교후문,,37.66707743,127.0619732,bus,bus,bus_station_seoul_cleaned.csv
월계472교,,37.61575067,127.0607955,bus,bus,bus_station_seoul_cleaned.csv
석계역,,37.6152948,127.0639696,bus,bus,bus_station_seoul_cleaned.csv
마들역,,37.66447798,127.0568606,bus,bus,bus_station_seoul_cleaned.csv
수락리버시티3.4단지,,37.68705601,127.0528499,bus,bus,bus_station_seoul_cleaned.csv
14단지상가,,37.66987825,127.0596913,bus,bus,bus_station_seoul_cleaned.csv
월계1동경로당.농협,,37.6166562,127.064309,bus,bus,bus_station_seoul_cleaned.csv
동일초등학교,,37.66441243,127.0557934,bus,bus,bus_station_seoul_cleaned.csv
월계1동주민센터,,37.61938599,127.0635603,bus,bus,bus_station_seoul_cleaned.csv
주공11단지성당,,37.66449467,127.0534874,bus,bus,bus_station_seoul_cleaned.csv
건민약국앞,,37.62524187,127.0718695,bus,bus,bus_station_seoul_cleaned.csv
상계청소년문화의집.상계주공14단지,,37.67066368,127.0566789,bus,bus,bus_station_seoul_cleaned.csv
광운대역,,37.62318794,127.0613442,bus,bus,bus_station_seoul_cleaned.csv
대아아파트,,37.62298826,127.0711683,bus,bus,bus_station_seoul_cleaned.csv
대주아파트,,37.62156213,127.071688,bus,bus,bus_station_seoul_cleaned.csv
7호선수락산역,,37.67556944,127.0560307,bus,bus,bus_station_seoul_cleaned.csv
대동아파트,,37.619658,127.0721221,bus,bus,bus_station_seoul_cleaned.csv
성원아파트,,37.6603174,127.0655776,bus,bus,bus_station_seoul_cleaned.csv
수락산디자인거리,,37.67487391,127.057699,bus,bus,bus_station_seoul_cleaned.csv
공릉1동삼익아파트,,37.61832932,127.0725315,bus,bus,bus_station_seoul_cleaned.csv
보람1차후문,,37.66211664,127.0659577,bus,bus,bus_station_seoul_cleaned.csv
수락현대아파트,,37.67434225,127.0595714,bus,bus,bus_station_seoul_cleaned.csv
하계실버센터,,37.63374289,127.0648937,bus,bus,bus_station_seoul_cleaned.csv
지에스마트,,37.66340778,127.0661459,bus,bus,bus_station_seoul_cleaned.csv
벽산상가,,37.6354312,127.065882,bus,bus,bus_station_seoul_cleaned.csv
현대우성아파트,,37.63702907,127.0651882,bus,bus,bus_station_seoul_cleaned.csv
미도아파트앞,,37.64479703,127.0608645,bus,bus,bus_station_seoul_cleaned.csv
상계현대3차아파트,,37.67073083,127.0537429,bus,bus,bus_station_seoul_cleaned.csv
원자력병원입구,,37.62736931,127.0775986,bus,bus,bus_station_seoul_cleaned.csv
상원초등학교,,37.66798703,127.0605994,bus,bus,bus_station_seoul_cleaned.csv
상원중학교,,37.671119,127.05795,bus,bus,bus_station_seoul_cleaned.csv
노원역8번출구,,37.65531992,127.0592604,bus,bus,bus_station_seoul_cleaned.csv
서울과학기술대학교정문앞,,37.630355,127.077073,bus,bus,bus_station_seoul_cleaned.csv
대학본부앞,,37.63218,127.078651,bus,bus,bus_station_seoul_cleaned.csv
붕어방,,37.634002,127.07799,bus,bus,bus_station_seoul_cleaned.csv
대학본부앞,,37.632106,127.078537,bus,bus,bus_station_seoul_cleaned.csv
서울과학기술대학교정문앞,,37.631205,127.077637,bus,bus,bus_station_seoul_cleaned.csv
중계그린아파트,,37.64070167,127.064179,bus,bus,bus_station_seoul_cleaned.csv
브라운스톤중계,,37.64047916,127.0640735,bus,bus,bus_station_seoul_cleaned.csv
노원센트럴푸르지오아파트앞,,37.66538936,127.0754905,bus,bus,bus_station_seoul_cleaned.csv
노원롯데캐슬시그니처아파트앞,,37.66539042,127.0757608,bus,bus,bus_station_seoul_cleaned.csv
불암산역,,37.67061702,127.0797113,bus,bus,bus_station_seoul_cleaned.csv
동막골유원지,,37.6751004,127.0866349,bus,bus,bus_station_seoul_cleaned.csv
상계3.4동주민센터,,37.67231586,127.0831809,bus,bus,bus_station_seoul_cleaned.csv
상계3.4동주민센터,,37.67300371,127.083425,bus,bus,bus_station_seoul_cleaned.csv
상계4동,,37.67387919,127.0844988,bus,bus,bus_station_seoul_cleaned.csv
동막골유원지,,37.67522759,127.0864366,bus,bus,bus_station_seoul_cleaned.csv
덕은교.은평차고지앞,,37.58959775,126.8841145,bus,bus,bus_station_seoul_cleaned.csv
덕은교.은평차고지앞,,37.58916498,126.8847866,bus,bus,bus_station_seoul_cleaned.csv
수색교,,37.58575951,126.8886727,bus,bus,bus_station_seoul_cleaned.csv
수색교,,37.58469583,126.8901789,bus,bus,bus_station_seoul_cleaned.csv
수색역앞,,37.58322303,126.893238,bus,bus,bus_station_seoul_cleaned.csv
수색역앞,,37.583047,126.894103,bus,bus,bus_station_seoul_cleaned.csv
디지털미디어시티역,,37.579047,126.900505,bus,bus,bus_station_seoul_cleaned.csv
디지털미디어시티역,,37.57861723,126.9013445,bus,bus,bus_station_seoul_cleaned.csv
은평뉴타운10단지,,37.642948,126.915165,bus,bus,bus_station_seoul_cleaned.csv
은평뉴타운10단지,,37.64359431,126.9138271,bus,bus,bus_station_seoul_cleaned.csv
구파발역입구,,37.636164,126.917023,bus,bus,bus_station_seoul_cleaned.csv
구파발역입구,,37.637116,126.916837,bus,bus,bus_station_seoul_cleaned.csv
박석고개.신도고등학교,,37.629919,126.919374,bus,bus,bus_station_seoul_cleaned.csv
박석고개.신도고등학교,,37.631088,126.919017,bus,bus,bus_station_seoul_cleaned.csv
세명컴퓨터고등학교,,37.62421479,126.9199735,bus,bus,bus_station_seoul_cleaned.csv
세명컴퓨터고등학교,,37.62528259,126.9199961,bus,bus,bus_station_seoul_cleaned.csv
연신내역.연서시장,,37.6183599,126.9218398,bus,bus,bus_station_seoul_cleaned.csv
연신내역.연서시장,,37.61932256,126.9209337,bus,bus,bus_station_seoul_cleaned.csv
동명여고.천주교불광동성당,,37.61560685,126.9250897,bus,bus,bus_station_seoul_cleaned.csv
동명여고.천주교불광동성당,,37.61617153,126.924016,bus,bus,bus_station_seoul_cleaned.csv
불광역3.6호선,,37.6119113,126.9287979,bus,bus,bus_station_seoul_cleaned.csv
불광역3.6호선,,37.61244739,126.9281552,bus,bus,bus_station_seoul_cleaned.csv
불광역3호선.서울혁신파크,,37.60865068,126.9316258,bus,bus,bus_station_seoul_cleaned.csv
불광역3호선.서울혁신파크,,37.60906481,126.9310648,bus,bus,bus_station_seoul_cleaned.csv
한전서대문은평.북한산푸르지오,,37.60555732,126.9343296,bus,bus,bus_station_seoul_cleaned.csv
한전서대문은평.북한산푸르지오,,37.60609311,126.9338054,bus,bus,bus_station_seoul_cleaned.csv
녹번역,,37.60186197,126.935322,bus,bus,bus_station_seoul_cleaned.csv
녹번역,,37.60243491,126.9350486,bus,bus,bus_station_seoul_cleaned.csv
신사1동주민센터,,37.598063,126.911347,bus,bus,bus_station_seoul_cleaned.csv
불광역1번출구,,37.61008793,126.9304603,bus,bus,bus_station_seoul_cleaned.csv
불광역3.6호선,,37.61248358,126.9283886,bus,bus,bus_station_seoul_cleaned.csv
동명여고,,37.616295,126.924228,bus,bus,bus_station_seoul_cleaned.csv
연신내역,,37.61819251,126.9221617,bus,bus,bus_station_seoul_cleaned.csv
선일하이츠빌라,,37.6227911,126.9199426,bus,bus,bus_station_seoul_cleaned.csv
세명컴퓨터고등학교,,37.62574865,126.9202811,bus,bus,bus_station_seoul_cleaned.csv
구파발역2번출구,,37.636768,126.918989,bus,bus,bus_station_seoul_cleaned.csv
구파발역.롯데몰,,37.637248,126.918577,bus,bus,bus_station_seoul_cleaned.csv
구파발역.롯데몰,,37.63724645,126.9185307,bus,bus,bus_station_seoul_cleaned.csv
박석고개,,37.62623738,126.9198716,bus,bus,bus_station_seoul_cleaned.csv
신한은행갈현지점,,37.62384696,126.9196884,bus,bus,bus_station_seoul_cleaned.csv
연신내역,,37.61734638,126.9225593,bus,bus,bus_station_seoul_cleaned.csv
동명여고,,37.61597708,126.9240648,bus,bus,bus_station_seoul_cleaned.csv
불광역3.6호선,,37.61266684,126.9278449,bus,bus,bus_station_seoul_cleaned.csv
불광역4번출구,,37.60975814,126.9303365,bus,bus,bus_station_seoul_cleaned.csv
녹번역,,37.601221,126.932868,bus,bus,bus_station_seoul_cleaned.csv
은평구청,,37.60142755,126.9304072,bus,bus,bus_station_seoul_cleaned.csv
응암지구대,,37.601346,126.925956,bus,bus,bus_station_seoul_cleaned.csv
본서부병원,,37.60089962,126.9237965,bus,bus,bus_station_seoul_cleaned.csv
신진과학기술고교.이마트은평점,,37.59985981,126.9185107,bus,bus,bus_station_seoul_cleaned.csv
응암역.신사오거리,,37.59903523,126.9148667,bus,bus,bus_station_seoul_cleaned.csv
응암역.신사오거리,,37.59875925,126.9149894,bus,bus,bus_station_seoul_cleaned.csv
신진과학기술고교.이마트은평점,,37.59953765,126.9186296,bus,bus,bus_station_seoul_cleaned.csv
본서부병원,,37.60055018,126.9235788,bus,bus,bus_station_seoul_cleaned.csv
응암지구대,,37.60122164,126.926653,bus,bus,bus_station_seoul_cleaned.csv
은평구청,,37.60119652,126.9303926,bus,bus,bus_station_seoul_cleaned.csv
은평마을예술창작소,,37.614877,126.909611,bus,bus,bus_station_seoul_cleaned.csv
녹번초등학교,,37.60283911,126.9261579,bus,bus,bus_station_seoul_cleaned.csv
역촌역.역촌오거리,,37.60695709,126.9224758,bus,bus,bus_station_seoul_cleaned.csv
삼성타운,,37.60870329,126.920971,bus,bus,bus_station_seoul_cleaned.csv
구산역1번출구.예일여고,,37.61085228,126.91818,bus,bus,bus_station_seoul_cleaned.csv
구산동청년주택.디지털동행플라자,,37.61281575,126.914715,bus,bus,bus_station_seoul_cleaned.csv
구산사거리,,37.613613,126.912487,bus,bus,bus_station_seoul_cleaned.csv
선진운수종점,,37.61434428,126.9104575,bus,bus,bus_station_seoul_cleaned.csv
선정중고등학교,,37.61583158,126.9083886,bus,bus,bus_station_seoul_cleaned.csv
서울경찰청86.87기동대.우남아파트,,37.618049,126.906434,bus,bus,bus_station_seoul_cleaned.csv
서울경찰청86.87기동대.우남아파트,,37.61852843,126.9058308,bus,bus,bus_station_seoul_cleaned.csv
선정중고등학교,,37.61571646,126.9080801,bus,bus,bus_station_seoul_cleaned.csv
선진운수종점,,37.6138986,126.9108601,bus,bus,bus_station_seoul_cleaned.csv
구산사거리,,37.61324062,126.9125387,bus,bus,bus_station_seoul_cleaned.csv
구산동청년주택.디지털동행플라자,,37.61252103,126.9146767,bus,bus,bus_station_seoul_cleaned.csv
구산역2번출구.예일여고,,37.6107738,126.9177586,bus,bus,bus_station_seoul_cleaned.csv
하나은행역촌동지점,,37.60926765,126.9200382,bus,bus,bus_station_seoul_cleaned.csv
역촌역.역촌오거리,,37.60657407,126.9224015,bus,bus,bus_station_seoul_cleaned.csv
녹번초등학교,,37.60366617,126.925031,bus,bus,bus_station_seoul_cleaned.csv
응암초등학교,,37.58707937,126.921124,bus,bus,bus_station_seoul_cleaned.csv
은평문화예술정보학교,,37.58889741,126.9189005,bus,bus,bus_station_seoul_cleaned.csv
응암오거리,,37.59073618,126.9165522,bus,bus,bus_station_seoul_cleaned.csv
신사초등학교,,37.59313992,126.9135452,bus,bus,bus_station_seoul_cleaned.csv
신사동고개사거리,,37.59603797,126.9098623,bus,bus,bus_station_seoul_cleaned.csv
신사동고개사거리,,37.59560713,126.9099683,bus,bus,bus_station_seoul_cleaned.csv
신사초등학교,,37.59335837,126.9128485,bus,bus,bus_station_seoul_cleaned.csv
응암오거리,,37.59073228,126.9161468,bus,bus,bus_station_seoul_cleaned.csv
은평문화예술정보학교,,37.58882964,126.9186175,bus,bus,bus_station_seoul_cleaned.csv
응암초등학교,,37.58747705,126.9203088,bus,bus,bus_station_seoul_cleaned.csv
대림시장,,37.5878269,126.9165436,bus,bus,bus_station_seoul_cleaned.csv
대림시장,,37.58868474,126.9170369,bus,bus,bus_station_seoul_cleaned.csv
응암역.신사오거리,,37.59793582,126.9152248,bus,bus,bus_station_seoul_cleaned.csv
신흥시장,,37.59540149,126.914564,bus,bus,bus_station_seoul_cleaned.csv
새절역,,37.59069601,126.913395,bus,bus,bus_station_seoul_cleaned.csv
와산교,,37.58788955,126.9126986,bus,bus,bus_station_seoul_cleaned.csv
증산종합시장.증산중학교입구,,37.58083083,126.9061475,bus,bus,bus_station_seoul_cleaned.csv
증산종합시장.증산중학교입구,,37.5805913,126.9063881,bus,bus,bus_station_seoul_cleaned.csv
증산역.증산동주민센터,,37.583681,126.9096815,bus,bus,bus_station_seoul_cleaned.csv
와산교,,37.58809438,126.9130845,bus,bus,bus_station_seoul_cleaned.csv
새절역.숭실고입구,,37.59168243,126.9138928,bus,bus,bus_station_seoul_cleaned.csv
신흥시장,,37.59540173,126.9148958,bus,bus,bus_station_seoul_cleaned.csv
응암역.신사오거리,,37.5981073,126.9156062,bus,bus,bus_station_seoul_cleaned.csv
역촌초등학교,,37.60218144,126.9160547,bus,bus,bus_station_seoul_cleaned.csv
역말사거리,,37.60614947,126.9155586,bus,bus,bus_station_seoul_cleaned.csv
구산역2번출구.예일여고,,37.60995121,126.9169034,bus,bus,bus_station_seoul_cleaned.csv
구산역1번출구,,37.61165831,126.9175369,bus,bus,bus_station_seoul_cleaned.csv
대조동주민센터,,37.61407259,126.9179364,bus,bus,bus_station_seoul_cleaned.csv
연신내역.로데오거리,,37.61782072,126.9199962,bus,bus,bus_station_seoul_cleaned.csv
연서시장,,37.61924256,126.9225911,bus,bus,bus_station_seoul_cleaned.csv
종로약국,,37.62037654,126.9246381,bus,bus,bus_station_seoul_cleaned.csv
불광지구대,,37.62177458,126.9267891,bus,bus,bus_station_seoul_cleaned.csv
북한산대창센시티아파트,,37.62480706,126.9288095,bus,bus,bus_station_seoul_cleaned.csv
은평경찰서,,37.62763236,126.9294752,bus,bus,bus_station_seoul_cleaned.csv
폭포동,,37.630715,126.931032,bus,bus,bus_station_seoul_cleaned.csv
신도중학교,,37.63334827,126.9315291,bus,bus,bus_station_seoul_cleaned.csv
은평노인종합복지관.신도중학교,,37.632495,126.931533,bus,bus,bus_station_seoul_cleaned.csv
폭포동.은평노인종합복지관,,37.63138267,126.9310069,bus,bus,bus_station_seoul_cleaned.csv
은평경찰서,,37.62811288,126.9292715,bus,bus,bus_station_seoul_cleaned.csv
연신초등학교,,37.62562342,126.9287702,bus,bus,bus_station_seoul_cleaned.csv
불광지구대,,37.6218555,126.9265058,bus,bus,bus_station_seoul_cleaned.csv
새장골유래비,,37.62051965,126.9243797,bus,bus,bus_station_seoul_cleaned.csv
연서시장,,37.61959665,126.9225341,bus,bus,bus_station_seoul_cleaned.csv
연신내역.로데오거리,,37.61801332,126.919655,bus,bus,bus_station_seoul_cleaned.csv
은평연세병원,,37.61473925,126.9177313,bus,bus,bus_station_seoul_cleaned.csv
구산역4번출구,,37.611894,126.917188,bus,bus,bus_station_seoul_cleaned.csv
구산역3번출구.예일여고,,37.61050394,126.9167761,bus,bus,bus_station_seoul_cleaned.csv
역말사거리,,37.60621045,126.9151429,bus,bus,bus_station_seoul_cleaned.csv
역촌초등학교,,37.60279293,126.9155726,bus,bus,bus_station_seoul_cleaned.csv
응암역2번출구,,37.60042148,126.9158607,bus,bus,bus_station_seoul_cleaned.csv
신사동고개삼거리,,37.59841333,126.9102537,bus,bus,bus_station_seoul_cleaned.csv
서울기독대학교입구,,37.60143748,126.9103848,bus,bus,bus_station_seoul_cleaned.csv
시립서북병원세현교회앞,,37.60614586,126.9106589,bus,bus,bus_station_seoul_cleaned.csv
구산중학교.구산교회,,37.608955,126.91102,bus,bus,bus_station_seoul_cleaned.csv
구산동주민센터,,37.61138,126.911363,bus,bus,bus_station_seoul_cleaned.csv
구산동주민센터,,37.61220957,126.9112925,bus,bus,bus_station_seoul_cleaned.csv
구산중학교.구산교회,,37.6088024,126.9108336,bus,bus,bus_station_seoul_cleaned.csv
시립서북병원세현교회앞,,37.60601686,126.9104597,bus,bus,bus_station_seoul_cleaned.csv
서울기독대학교입구,,37.60203208,126.9102267,bus,bus,bus_station_seoul_cleaned.csv
우남교통,,37.59976667,126.9101252,bus,bus,bus_station_seoul_cleaned.csv
신사동고개삼거리,,37.59860061,126.9100666,bus,bus,bus_station_seoul_cleaned.csv
갈현1동주민센터,,37.62396759,126.916924,bus,bus,bus_station_seoul_cleaned.csv
한일탕,,37.626073,126.918368,bus,bus,bus_station_seoul_cleaned.csv
한일탕,,37.626162,126.918707,bus,bus,bus_station_seoul_cleaned.csv
갈현1동주민센터,,37.62324681,126.9170449,bus,bus,bus_station_seoul_cleaned.csv
불광롯데캐슬아파트,,37.6130745,126.9320721,bus,bus,bus_station_seoul_cleaned.csv
진관초교입구,,37.64690517,126.9258465,bus,bus,bus_station_seoul_cleaned.csv
푸르지오625동앞.관음사입구,,37.64898383,126.9286738,bus,bus,bus_station_seoul_cleaned.csv
삼천리골입구56사단북한산부대,,37.65042588,126.9351054,bus,bus,bus_station_seoul_cleaned.csv
백화사,,37.65355093,126.9389595,bus,bus,bus_station_seoul_cleaned.csv
흥국사,,37.65676212,126.9420102,bus,bus,bus_station_seoul_cleaned.csv
북한산성입구,,37.6580874,126.9453652,bus,bus,bus_station_seoul_cleaned.csv
북한산성입구,,37.65818741,126.9453413,bus,bus,bus_station_seoul_cleaned.csv
흥국사,,37.65726676,126.9421887,bus,bus,bus_station_seoul_cleaned.csv
백화사,,37.65374469,126.9390035,bus,bus,bus_station_seoul_cleaned.csv
삼천리골입구56사단북한산부대,,37.65008124,126.9333102,bus,bus,bus_station_seoul_cleaned.csv
진관초교관음사입구,,37.64777354,126.926869,bus,bus,bus_station_seoul_cleaned.csv
푸르지오618동앞.관음사입구,,37.64968468,126.9292312,bus,bus,bus_station_seoul_cleaned.csv
진관중고교약수사입구,,37.64560495,126.9233824,bus,bus,bus_station_seoul_cleaned.csv
응암2동주민센터,,37.59592455,126.9236016,bus,bus,bus_station_seoul_cleaned.csv
응암2동주민센터,,37.59565314,126.9230828,bus,bus,bus_station_seoul_cleaned.csv
이마트은평점,,37.60004921,126.9185855,bus,bus,bus_station_seoul_cleaned.csv
서부경찰서,,37.60136377,126.9205941,bus,bus,bus_station_seoul_cleaned.csv
해주드림빌APT,,37.60416705,126.9220665,bus,bus,bus_station_seoul_cleaned.csv
역촌역.역촌오거리,,37.60680159,126.9232432,bus,bus,bus_station_seoul_cleaned.csv
대조시장앞,,37.60865551,126.9265165,bus,bus,bus_station_seoul_cleaned.csv
양광교회앞,,37.60846194,126.9282418,bus,bus,bus_station_seoul_cleaned.csv
불광역.불광1동주민센터,,37.60909599,126.9322904,bus,bus,bus_station_seoul_cleaned.csv
독박골.북한산래미안APT앞,,37.61051296,126.9397955,bus,bus,bus_station_seoul_cleaned.csv
구기터널입구,,37.61041007,126.9449375,bus,bus,bus_station_seoul_cleaned.csv
구기터널입구,,37.61075195,126.9457747,bus,bus,bus_station_seoul_cleaned.csv
독박골.북한산래미안APT,,37.61074354,126.9396027,bus,bus,bus_station_seoul_cleaned.csv
불광역.불광1동주민센터,,37.6095287,126.9326083,bus,bus,bus_station_seoul_cleaned.csv
양광교회,,37.60854527,126.9289519,bus,bus,bus_station_seoul_cleaned.csv
대조시장,,37.60879155,126.9261611,bus,bus,bus_station_seoul_cleaned.csv
역촌오거리,,37.6076555,126.9239679,bus,bus,bus_station_seoul_cleaned.csv
역촌역1번출구,,37.60524067,126.9221735,bus,bus,bus_station_seoul_cleaned.csv
서부경찰서,,37.60201921,126.9205481,bus,bus,bus_station_seoul_cleaned.csv
이마트은평점,,37.60024036,126.918138,bus,bus,bus_station_seoul_cleaned.csv
응암1동주민센터,,37.60015143,126.926767,bus,bus,bus_station_seoul_cleaned.csv
영락중학교입구,,37.59733607,126.9243403,bus,bus,bus_station_seoul_cleaned.csv
시립은평병원,,37.59320012,126.9229693,bus,bus,bus_station_seoul_cleaned.csv
백련산힐스테이트4차,,37.59001037,126.9226751,bus,bus,bus_station_seoul_cleaned.csv
충암고교앞.대주피오레아파트,,37.58684583,126.922653,bus,bus,bus_station_seoul_cleaned.csv
충암고교앞.대주피오레아파트,,37.58695679,126.9228521,bus,bus,bus_station_seoul_cleaned.csv
백련산힐스테이트2차,,37.59031336,126.9228702,bus,bus,bus_station_seoul_cleaned.csv
시립은평병원,,37.59328581,126.9231277,bus,bus,bus_station_seoul_cleaned.csv
영락중학교입구,,37.59690926,126.9241657,bus,bus,bus_station_seoul_cleaned.csv
응암1동주민센터,,37.60039648,126.9270456,bus,bus,bus_station_seoul_cleaned.csv
한솔아파트입구선정중학교후문,,37.61579605,126.913707,bus,bus,bus_station_seoul_cleaned.csv
갈현동미미아파트,,37.618203,126.9151519,bus,bus,bus_station_seoul_cleaned.csv
선일여고입구,,37.61934237,126.9157125,bus,bus,bus_station_seoul_cleaned.csv
갈현동성당앞,,37.62079464,126.9165922,bus,bus,bus_station_seoul_cleaned.csv
갈현동성당앞,,37.6205383,126.9162269,bus,bus,bus_station_seoul_cleaned.csv
선일여고입구,,37.61940031,126.9155259,bus,bus,bus_station_seoul_cleaned.csv
갈현동미미아파트,,37.61818573,126.9149435,bus,bus,bus_station_seoul_cleaned.csv
한솔아파트입구선정중학교후문,,37.61607813,126.9137542,bus,bus,bus_station_seoul_cleaned.csv
불광역9번출구.불광초등학교,,37.61128542,126.9305163,bus,bus,bus_station_seoul_cleaned.csv
불광대호아파트,,37.61448,126.9324705,bus,bus,bus_station_seoul_cleaned.csv
불광1동공동주차장앞,,37.61569743,126.9329989,bus,bus,bus_station_seoul_cleaned.csv
불광1치안센터.독바위역,,37.6173596,126.9331412,bus,bus,bus_station_seoul_cleaned.csv
수리초등학교입구,,37.61924909,126.9325562,bus,bus,bus_station_seoul_cleaned.csv
북한산수자인아파트,,37.62168061,126.9316656,bus,bus,bus_station_seoul_cleaned.csv
불광중학교,,37.62287239,126.9309501,bus,bus,bus_station_seoul_cleaned.csv
북한산대창센시티아파트,,37.62372824,126.9299355,bus,bus,bus_station_seoul_cleaned.csv
북한산대창센시티아파트,,37.62384883,126.9296816,bus,bus,bus_station_seoul_cleaned.csv
불광중학교,,37.62250072,126.9310525,bus,bus,bus_station_seoul_cleaned.csv
북한산수자인아파트,,37.62104605,126.9316569,bus,bus,bus_station_seoul_cleaned.csv
수리초등학교입구,,37.61908914,126.9325111,bus,bus,bus_station_seoul_cleaned.csv
불광1치안센터.독바위역,,37.61793845,126.9330728,bus,bus,bus_station_seoul_cleaned.csv
불광1동공동주차장앞,,37.61630071,126.9327288,bus,bus,bus_station_seoul_cleaned.csv
불광대호아파트,,37.614533,126.932333,bus,bus,bus_station_seoul_cleaned.csv
불광초등학교,,37.61157019,126.9304574,bus,bus,bus_station_seoul_cleaned.csv
신사동고개사거리,,37.595676,126.910343,bus,bus,bus_station_seoul_cleaned.csv
백련산SK뷰아이파크아파트,,37.59584648,126.9191562,bus,bus,bus_station_seoul_cleaned.csv
서부경찰서후문,,37.60243264,126.9223367,bus,bus,bus_station_seoul_cleaned.csv
신진과학기술고등학교,,37.59791055,126.9203232,bus,bus,bus_station_seoul_cleaned.csv
응암시장,,37.5943145,126.9179796,bus,bus,bus_station_seoul_cleaned.csv
서서울농협본점,,37.59307435,126.9180373,bus,bus,bus_station_seoul_cleaned.csv
신진과학기술고등학교,,37.59782247,126.9206733,bus,bus,bus_station_seoul_cleaned.csv
서부경찰서후문,,37.602673,126.922648,bus,bus,bus_station_seoul_cleaned.csv
디지털미디어시티역,,37.579265,126.900601,bus,bus,bus_station_seoul_cleaned.csv
수색역,,37.58189017,126.8961947,bus,bus,bus_station_seoul_cleaned.csv
덕은교.은평차고지앞,,37.58857827,126.8856142,bus,bus,bus_station_seoul_cleaned.csv
덕은교.은평차고지앞,,37.58996113,126.8834469,bus,bus,bus_station_seoul_cleaned.csv
수색교,,37.58556164,126.8886917,bus,bus,bus_station_seoul_cleaned.csv
수색동주민센터.은평문화원,,37.5834692,126.8924281,bus,bus,bus_station_seoul_cleaned.csv
수색역,,37.58072521,126.8972984,bus,bus,bus_station_seoul_cleaned.csv
디지털미디어시티역,,37.57827045,126.9012939,bus,bus,bus_station_seoul_cleaned.csv
수색초등학교,,37.584885,126.898899,bus,bus,bus_station_seoul_cleaned.csv
e편한세상수색에코포레,,37.58587113,126.900207,bus,bus,bus_station_seoul_cleaned.csv
은평터널앞,,37.59161298,126.9058342,bus,bus,bus_station_seoul_cleaned.csv
e편한세상수색에코포레,,37.58610186,126.900269,bus,bus,bus_station_seoul_cleaned.csv
수색초등학교,,37.58469,126.898375,bus,bus,bus_station_seoul_cleaned.csv
DMC파인시티자이,,37.583379,126.896608,bus,bus,bus_station_seoul_cleaned.csv
DMC파인시티자이,,37.583013,126.896455,bus,bus,bus_station_seoul_cleaned.csv
새마을금고앞,,37.58900047,126.9118522,bus,bus,bus_station_seoul_cleaned.csv
새마을금고앞,,37.58872192,126.9123692,bus,bus,bus_station_seoul_cleaned.csv
미성아파트앞,,37.58996098,126.9101244,bus,bus,bus_station_seoul_cleaned.csv
미성아파트앞,,37.58972408,126.9101747,bus,bus,bus_station_seoul_cleaned.csv
상신중학교앞,,37.59061185,126.9064531,bus,bus,bus_station_seoul_cleaned.csv
상신중학교앞,,37.5905278,126.9061919,bus,bus,bus_station_seoul_cleaned.csv
숭실고입구,,37.59194927,126.9063967,bus,bus,bus_station_seoul_cleaned.csv
현대아파트앞,,37.59371193,126.907943,bus,bus,bus_station_seoul_cleaned.csv
현대아파트앞,,37.59363967,126.9077166,bus,bus,bus_station_seoul_cleaned.csv
신사사거리,,37.59567935,126.9089728,bus,bus,bus_station_seoul_cleaned.csv
신사사거리,,37.59572609,126.9088142,bus,bus,bus_station_seoul_cleaned.csv
동명여고후문,,37.61339654,126.92432,bus,bus,bus_station_seoul_cleaned.csv
동명탕앞,,37.61137753,126.9220488,bus,bus,bus_station_seoul_cleaned.csv
하나은행역촌동지점,,37.6083362,126.9204238,bus,bus,bus_station_seoul_cleaned.csv
충북슈퍼앞,,37.60599297,126.9178344,bus,bus,bus_station_seoul_cleaned.csv
역촌동주민센터,,37.60572796,126.9148242,bus,bus,bus_station_seoul_cleaned.csv
제각말5단지.은평뉴타운도서관,,37.638398,126.93551,bus,bus,bus_station_seoul_cleaned.csv
제각말5단지.은평뉴타운도서관,,37.63673615,126.9344375,bus,bus,bus_station_seoul_cleaned.csv
연신초등학교,,37.62589641,126.9291886,bus,bus,bus_station_seoul_cleaned.csv
증산역.증산동주민센터,,37.58375461,126.9093224,bus,bus,bus_station_seoul_cleaned.csv
연신초등학교.연신내성당,,37.62687164,126.9290433,bus,bus,bus_station_seoul_cleaned.csv
신사1동주민센터,,37.59816326,126.9108259,bus,bus,bus_station_seoul_cleaned.csv
시립서북병원,,37.60468944,126.9103118,bus,bus,bus_station_seoul_cleaned.csv
신사동고개,,37.59776699,126.909917,bus,bus,bus_station_seoul_cleaned.csv
녹번역,,37.60087211,126.9342261,bus,bus,bus_station_seoul_cleaned.csv
시립서북병원,,37.605176,126.910563,bus,bus,bus_station_seoul_cleaned.csv
구산동사거리,,37.61427123,126.9122339,bus,bus,bus_station_seoul_cleaned.csv
구산동사거리,,37.61436677,126.9121201,bus,bus,bus_station_seoul_cleaned.csv
역촌동성당,,37.60556009,126.9121474,bus,bus,bus_station_seoul_cleaned.csv
역촌동성당,,37.60573728,126.9125362,bus,bus,bus_station_seoul_cleaned.csv
호림아파트앞,,37.60915193,126.9208187,bus,bus,bus_station_seoul_cleaned.csv
은평권역공영차고지,,37.59146199,126.8843758,bus,bus,bus_station_seoul_cleaned.csv
응암정보도서관,,37.58657127,126.9198965,bus,bus,bus_station_seoul_cleaned.csv
응암정보도서관,,37.58674957,126.9201891,bus,bus,bus_station_seoul_cleaned.csv
서울중앙교회앞,,37.58523704,126.9181435,bus,bus,bus_station_seoul_cleaned.csv
대림에코빌,,37.58504291,126.9188764,bus,bus,bus_station_seoul_cleaned.csv
응암오거리,,37.59085922,126.9159858,bus,bus,bus_station_seoul_cleaned.csv
갈현노인복지센터,,37.624722,126.9172143,bus,bus,bus_station_seoul_cleaned.csv
녹번동대림.JR아파트앞,,37.59926979,126.9372101,bus,bus,bus_station_seoul_cleaned.csv
연서중학교입구,,37.58622944,126.9122782,bus,bus,bus_station_seoul_cleaned.csv
연서중학교입구,,37.58617137,126.911754,bus,bus,bus_station_seoul_cleaned.csv
지축교앞,,37.64504375,126.9174939,bus,bus,bus_station_seoul_cleaned.csv
지축교앞,,37.6448493,126.9196867,bus,bus,bus_station_seoul_cleaned.csv
진관중고교약수사입구,,37.64516063,126.922962,bus,bus,bus_station_seoul_cleaned.csv
응암3동주민센터,,37.5911611,126.9173132,bus,bus,bus_station_seoul_cleaned.csv
롯데캐슬823동앞,,37.64207273,126.9217561,bus,bus,bus_station_seoul_cleaned.csv
진관중고교.약수사앞,,37.643408,126.92309,bus,bus,bus_station_seoul_cleaned.csv
아이파크701동앞,,37.64604512,126.9280934,bus,bus,bus_station_seoul_cleaned.csv
푸르지오621동앞,,37.64843531,126.9304788,bus,bus,bus_station_seoul_cleaned.csv
진관초교앞,,37.64623001,126.9293236,bus,bus,bus_station_seoul_cleaned.csv
생태공원앞.구립상림도서관,,37.64407499,126.9289702,bus,bus,bus_station_seoul_cleaned.csv
진관중고교.약수사앞,,37.64362905,126.9241288,bus,bus,bus_station_seoul_cleaned.csv
래미안909동앞,,37.641157,126.921548,bus,bus,bus_station_seoul_cleaned.csv
하나고.삼천사.진관사입구,,37.641815,126.938408,bus,bus,bus_station_seoul_cleaned.csv
응암3동주민센터,,37.59162906,126.917696,bus,bus,bus_station_seoul_cleaned.csv
입곡삼거리,,37.649452,126.936391,bus,bus,bus_station_seoul_cleaned.csv
입곡삼거리,,37.65169172,126.9373769,bus,bus,bus_station_seoul_cleaned.csv
아이파크709동앞,,37.64485753,126.9266769,bus,bus,bus_station_seoul_cleaned.csv
은진초교입구.은뜨락도서관,,37.63075865,126.9208007,bus,bus,bus_station_seoul_cleaned.csv
은진초교입구.은뜨락도서관,,37.63101951,126.9209179,bus,bus,bus_station_seoul_cleaned.csv
은평구민체육센터앞,,37.631421,126.922569,bus,bus,bus_station_seoul_cleaned.csv
은평구민체육센터앞,,37.631656,126.9232491,bus,bus,bus_station_seoul_cleaned.csv
신도초중교입구.한국고전번역원,,37.63148916,126.9253372,bus,bus,bus_station_seoul_cleaned.csv
신도초중교입구.한국고전번역원,,37.63156312,126.9269041,bus,bus,bus_station_seoul_cleaned.csv
은평성모병원,,37.63322752,126.9177506,bus,bus,bus_station_seoul_cleaned.csv
아이파크714동앞,,37.64477472,126.9261992,bus,bus,bus_station_seoul_cleaned.csv
푸르지오604동앞,,37.64776385,126.9300942,bus,bus,bus_station_seoul_cleaned.csv
푸르지오614동앞,,37.649745,126.931495,bus,bus,bus_station_seoul_cleaned.csv
아이파크708동앞,,37.64563348,126.9271303,bus,bus,bus_station_seoul_cleaned.csv
진관동주민센터.은평우체국,,37.6345427,126.919781,bus,bus,bus_station_seoul_cleaned.csv
진관동주민센터.은평우체국,,37.634698,126.91982,bus,bus,bus_station_seoul_cleaned.csv
동부센트레빌324동앞,,37.63415564,126.9246491,bus,bus,bus_station_seoul_cleaned.csv
두산위브253동앞,,37.63427406,126.9231677,bus,bus,bus_station_seoul_cleaned.csv
동부센트레빌320동앞,,37.63409454,126.9278043,bus,bus,bus_station_seoul_cleaned.csv
신도초교.은평메디텍고등학교,,37.6343139,126.9292486,bus,bus,bus_station_seoul_cleaned.csv
하나고.삼천사.진관사입구,,37.64176436,126.9381068,bus,bus,bus_station_seoul_cleaned.csv
두산위브205동앞,,37.63426686,126.9262624,bus,bus,bus_station_seoul_cleaned.csv
래미안922동앞,,37.64408007,126.9213361,bus,bus,bus_station_seoul_cleaned.csv
롯데캐슬820동앞,,37.64400182,126.9215693,bus,bus,bus_station_seoul_cleaned.csv
진관공영차고지,,37.64665396,126.9079542,bus,bus,bus_station_seoul_cleaned.csv
진관공영차고지,,37.646847,126.908325,bus,bus,bus_station_seoul_cleaned.csv
기자촌11단지앞,,37.634757,126.93258,bus,bus,bus_station_seoul_cleaned.csv
수국사입구,,37.61677185,126.9067819,bus,bus,bus_station_seoul_cleaned.csv
응암초교.백련산힐스테이트3차,,37.58874789,126.9228092,bus,bus,bus_station_seoul_cleaned.csv
신도초교.은평메디텍고등학교,,37.63409239,126.9305393,bus,bus,bus_station_seoul_cleaned.csv
응암초교.백련산힐스테이트3차,,37.58833449,126.9225526,bus,bus,bus_station_seoul_cleaned.csv
녹번센트레빌아파트,,37.59879995,126.9259022,bus,bus,bus_station_seoul_cleaned.csv
녹번센트레빌아파트,,37.59915953,126.9259811,bus,bus,bus_station_seoul_cleaned.csv
선진운수종점,,37.61437742,126.9096051,bus,bus,bus_station_seoul_cleaned.csv
기자촌사거리,,37.63443273,126.9321318,bus,bus,bus_station_seoul_cleaned.csv
갈현중앙시장,,37.62346578,126.9183929,bus,bus,bus_station_seoul_cleaned.csv
갈현중앙시장,,37.62335857,126.9189622,bus,bus,bus_station_seoul_cleaned.csv
덕산중학교.씨티아파트,,37.6001888,126.9045107,bus,bus,bus_station_seoul_cleaned.csv
덕산중학교.두산위브아파트,,37.60037156,126.9045805,bus,bus,bus_station_seoul_cleaned.csv
대성중.고등학교,,37.62224184,126.9113648,bus,bus,bus_station_seoul_cleaned.csv
시립은평병원.파크자이아파트,,37.59337515,126.9219585,bus,bus,bus_station_seoul_cleaned.csv
경향파크아파트,,37.60981269,126.9064059,bus,bus,bus_station_seoul_cleaned.csv
12번지건영아파트,,37.62926614,126.9139681,bus,bus,bus_station_seoul_cleaned.csv
상신초교.두산.한신아파트,,37.59957938,126.9065059,bus,bus,bus_station_seoul_cleaned.csv
선일여고.빅데이터고,,37.62051343,126.9127522,bus,bus,bus_station_seoul_cleaned.csv
신비로마트,,37.59350809,126.920713,bus,bus,bus_station_seoul_cleaned.csv
대동슈퍼,,37.60914539,126.9069187,bus,bus,bus_station_seoul_cleaned.csv
미미슈퍼,,37.62874867,126.9145009,bus,bus,bus_station_seoul_cleaned.csv
신사1동경로당,,37.60110474,126.9065878,bus,bus,bus_station_seoul_cleaned.csv
미미아파트,,37.61932984,126.9145752,bus,bus,bus_station_seoul_cleaned.csv
응암시장입구,,37.59385073,126.9184082,bus,bus,bus_station_seoul_cleaned.csv
구산근린공원.GS편의점,,37.60784425,126.9081005,bus,bus,bus_station_seoul_cleaned.csv
충남슈퍼,,37.62818887,126.915238,bus,bus,bus_station_seoul_cleaned.csv
라이프씨티후문.광성교회,,37.60195712,126.9065369,bus,bus,bus_station_seoul_cleaned.csv
갈현초교.로데오거리,,37.61830173,126.9171433,bus,bus,bus_station_seoul_cleaned.csv
구산마트,,37.60751496,126.9099347,bus,bus,bus_station_seoul_cleaned.csv
신창슈퍼,,37.62753988,126.9162131,bus,bus,bus_station_seoul_cleaned.csv
역촌센트레빌,,37.60364407,126.906673,bus,bus,bus_station_seoul_cleaned.csv
연신내역.물빛공원,,37.617937,126.920064,bus,bus,bus_station_seoul_cleaned.csv
금호아파트,,37.59914588,126.9215938,bus,bus,bus_station_seoul_cleaned.csv
엔에스아파트,,37.60740099,126.9129601,bus,bus,bus_station_seoul_cleaned.csv
대한슈퍼,,37.62649161,126.917039,bus,bus,bus_station_seoul_cleaned.csv
천사원입구.서북병원,,37.60460596,126.9072233,bus,bus,bus_station_seoul_cleaned.csv
서부경찰서후문,,37.60115771,126.9225034,bus,bus,bus_station_seoul_cleaned.csv
미주아트빌,,37.60736064,126.914462,bus,bus,bus_station_seoul_cleaned.csv
한일탕,,37.6258625,126.9181149,bus,bus,bus_station_seoul_cleaned.csv
GS편의점.제일영광교회,,37.60386917,126.9090006,bus,bus,bus_station_seoul_cleaned.csv
응암지구대,,37.60262683,126.9266542,bus,bus,bus_station_seoul_cleaned.csv
동아문구,,37.62506533,126.9172321,bus,bus,bus_station_seoul_cleaned.csv
역촌노인복지관,,37.60290228,126.9110909,bus,bus,bus_station_seoul_cleaned.csv
불광보건소,,37.62122638,126.9276959,bus,bus,bus_station_seoul_cleaned.csv
은평문화예술회관,,37.60365783,126.9275532,bus,bus,bus_station_seoul_cleaned.csv
구산전철역,,37.61078887,126.9176987,bus,bus,bus_station_seoul_cleaned.csv
갈현1동주민센터,,37.62379817,126.9169038,bus,bus,bus_station_seoul_cleaned.csv
역촌초등학교후문,,37.60216577,126.9130783,bus,bus,bus_station_seoul_cleaned.csv
금강골드,,37.62203968,126.9300583,bus,bus,bus_station_seoul_cleaned.csv
현대아파트,,37.60520223,126.9289335,bus,bus,bus_station_seoul_cleaned.csv
삼성아파트후문,,37.60945411,126.9212919,bus,bus,bus_station_seoul_cleaned.csv
우리들약국,,37.60232708,126.9155822,bus,bus,bus_station_seoul_cleaned.csv
불광중학교,,37.62231181,126.9315965,bus,bus,bus_station_seoul_cleaned.csv
삼거리,,37.60602699,126.9308933,bus,bus,bus_station_seoul_cleaned.csv
동명탕,,37.61137046,126.9222595,bus,bus,bus_station_seoul_cleaned.csv
불광동팀수양관,,37.62258154,126.9337169,bus,bus,bus_station_seoul_cleaned.csv
서울혁신파크,,37.60643385,126.9332873,bus,bus,bus_station_seoul_cleaned.csv
동명여고후문,,37.6134048,126.9245556,bus,bus,bus_station_seoul_cleaned.csv
은평성모병원,,37.633821,126.915263,bus,bus,bus_station_seoul_cleaned.csv
불광중학교,,37.6225288,126.9315479,bus,bus,bus_station_seoul_cleaned.csv
녹번전철역,,37.60165202,126.935222,bus,bus,bus_station_seoul_cleaned.csv
대조동우체국,,37.61309181,126.9266354,bus,bus,bus_station_seoul_cleaned.csv
하나은행역촌지점,,37.60824333,126.9203621,bus,bus,bus_station_seoul_cleaned.csv
금강골드,,37.6221533,126.9300191,bus,bus,bus_station_seoul_cleaned.csv
불광전철역,,37.60978746,126.9304044,bus,bus,bus_station_seoul_cleaned.csv
갈현1동주민센터,,37.62346677,126.9171783,bus,bus,bus_station_seoul_cleaned.csv
불광보건소,,37.62147507,126.9277285,bus,bus,bus_station_seoul_cleaned.csv
양광교회앞,,37.60855244,126.9288805,bus,bus,bus_station_seoul_cleaned.csv
갈현노인복지센터,,37.62497081,126.9173681,bus,bus,bus_station_seoul_cleaned.csv
한일탕,,37.62574907,126.9182679,bus,bus,bus_station_seoul_cleaned.csv
연신내역.물빛공원,,37.61794841,126.9196188,bus,bus,bus_station_seoul_cleaned.csv
서강스카이빌,,37.59963787,126.9215786,bus,bus,bus_station_seoul_cleaned.csv
금원빌라,,37.62730837,126.9182216,bus,bus,bus_station_seoul_cleaned.csv
갈현초교.로데오거리,,37.61838918,126.9172044,bus,bus,bus_station_seoul_cleaned.csv
영진빌라,,37.62802397,126.9172283,bus,bus,bus_station_seoul_cleaned.csv
미미아파트,,37.61948361,126.9147744,bus,bus,bus_station_seoul_cleaned.csv
응암시장입구,,37.59363405,126.9191082,bus,bus,bus_station_seoul_cleaned.csv
일진빌라,,37.62864597,126.9165087,bus,bus,bus_station_seoul_cleaned.csv
선일여고.빅데이터고,,37.62058543,126.912874,bus,bus,bus_station_seoul_cleaned.csv
신비로마트,,37.59346548,126.9203269,bus,bus,bus_station_seoul_cleaned.csv
미주아트빌,,37.60747628,126.9148764,bus,bus,bus_station_seoul_cleaned.csv
미곡빌라,,37.62920318,126.9157102,bus,bus,bus_station_seoul_cleaned.csv
시립은평병원.파크자이아파트,,37.59315914,126.9223154,bus,bus,bus_station_seoul_cleaned.csv
엔에스아파트,,37.60751467,126.9131548,bus,bus,bus_station_seoul_cleaned.csv
양지빌라,,37.62871042,126.9149121,bus,bus,bus_station_seoul_cleaned.csv
구산마트,,37.60769136,126.9100392,bus,bus,bus_station_seoul_cleaned.csv
구파발역.롯데몰,,37.63757373,126.9185016,bus,bus,bus_station_seoul_cleaned.csv
하나은행역촌지점,,37.60835493,126.9201615,bus,bus,bus_station_seoul_cleaned.csv
구산근린공원.GS편의점,,37.60782655,126.9085219,bus,bus,bus_station_seoul_cleaned.csv
은평마을,,37.60822376,126.9072186,bus,bus,bus_station_seoul_cleaned.csv
대동슈퍼,,37.60916806,126.9070931,bus,bus,bus_station_seoul_cleaned.csv
우리들약국,,37.60242076,126.9155447,bus,bus,bus_station_seoul_cleaned.csv
역촌초등학교후문,,37.60226576,126.9130431,bus,bus,bus_station_seoul_cleaned.csv
역촌노인복지관,,37.60300769,126.9110704,bus,bus,bus_station_seoul_cleaned.csv
GS편의점.제일영광교회,,37.60391258,126.9089627,bus,bus,bus_station_seoul_cleaned.csv
천사원입구,,37.60471143,126.907281,bus,bus,bus_station_seoul_cleaned.csv
역촌센트레빌,,37.60361152,126.9065348,bus,bus,bus_station_seoul_cleaned.csv
라이프씨티아파트후문.광성교회,,37.60199847,126.9063998,bus,bus,bus_station_seoul_cleaned.csv
신사1동경로당,,37.60105595,126.9064259,bus,bus,bus_station_seoul_cleaned.csv
연신내역6번출구,,37.61879413,126.92061,bus,bus,bus_station_seoul_cleaned.csv
상신초교.두산.한신아파트,,37.59962586,126.9063507,bus,bus,bus_station_seoul_cleaned.csv
청구성심병원후문,,37.62032351,126.9193773,bus,bus,bus_station_seoul_cleaned.csv
역촌역,,37.60552372,126.9234379,bus,bus,bus_station_seoul_cleaned.csv
역촌역,,37.60496984,126.9219467,bus,bus,bus_station_seoul_cleaned.csv
응암역,,37.59768167,126.9151515,bus,bus,bus_station_seoul_cleaned.csv
응암역,,37.59790006,126.9156178,bus,bus,bus_station_seoul_cleaned.csv
새절역,,37.59113671,126.9134207,bus,bus,bus_station_seoul_cleaned.csv
새절역,,37.59166969,126.914027,bus,bus,bus_station_seoul_cleaned.csv
증산역,,37.58372792,126.9097618,bus,bus,bus_station_seoul_cleaned.csv
증산역,,37.58381863,126.9093756,bus,bus,bus_station_seoul_cleaned.csv
연갈현공판장후문,,37.62319418,126.9191125,bus,bus,bus_station_seoul_cleaned.csv
삼성래미안아파트,,37.61139319,126.9379629,bus,bus,bus_station_seoul_cleaned.csv
현대힐스테이트1차정문,,37.61201891,126.9370846,bus,bus,bus_station_seoul_cleaned.csv
현대힐스테이트1차후문,,37.6122743,126.9358352,bus,bus,bus_station_seoul_cleaned.csv
현대홈타운아파트,,37.61212059,126.9332607,bus,bus,bus_station_seoul_cleaned.csv
불광역9번출구,,37.61105196,126.9302407,bus,bus,bus_station_seoul_cleaned.csv
현대홈타운아파트,,37.61197645,126.9333186,bus,bus,bus_station_seoul_cleaned.csv
현대힐스테이트1차후문,,37.61241187,126.9352812,bus,bus,bus_station_seoul_cleaned.csv
현대힐스테이트1차정문,,37.61203448,126.9367165,bus,bus,bus_station_seoul_cleaned.csv
삼성래미안아파트,,37.61109144,126.9380065,bus,bus,bus_station_seoul_cleaned.csv
힐스테이트302동앞,,37.58834248,126.9253747,bus,bus,bus_station_seoul_cleaned.csv
힐스테이트116동앞,,37.58962985,126.9249092,bus,bus,bus_station_seoul_cleaned.csv
서울연은초등학교,,37.59074784,126.9245151,bus,bus,bus_station_seoul_cleaned.csv
힐스테이트1단지정문앞,,37.59150368,126.9242437,bus,bus,bus_station_seoul_cleaned.csv
힐스테이트2단지후문앞,,37.59200723,126.923985,bus,bus,bus_station_seoul_cleaned.csv
서울연은초등학교,,37.59054055,126.9244417,bus,bus,bus_station_seoul_cleaned.csv
힐스테이트212동앞,,37.58949372,126.924821,bus,bus,bus_station_seoul_cleaned.csv
힐스테이트302동앞,,37.58811778,126.9253154,bus,bus,bus_station_seoul_cleaned.csv
태평양약국,,37.59311106,126.9178287,bus,bus,bus_station_seoul_cleaned.csv
국민은행,,37.58980363,126.9166597,bus,bus,bus_station_seoul_cleaned.csv
풍림아그네스앞,,37.60300682,126.9186054,bus,bus,bus_station_seoul_cleaned.csv
역촌유치원입구,,37.60416101,126.9184603,bus,bus,bus_station_seoul_cleaned.csv
새생명약국앞,,37.60602249,126.9182216,bus,bus,bus_station_seoul_cleaned.csv
새생명약국앞,,37.60595841,126.9180755,bus,bus,bus_station_seoul_cleaned.csv
역촌유치원입구,,37.60414738,126.9182961,bus,bus,bus_station_seoul_cleaned.csv
풍림아그네스앞,,37.60294994,126.9184492,bus,bus,bus_station_seoul_cleaned.csv
대림e편한세상1단지,,37.61222361,126.9061448,bus,bus,bus_station_seoul_cleaned.csv
대림e편한세상2단지,,37.61283331,126.9066309,bus,bus,bus_station_seoul_cleaned.csv
현대아파트입구,,37.61333774,126.9064105,bus,bus,bus_station_seoul_cleaned.csv
임창빌라,,37.61363059,126.9079807,bus,bus,bus_station_seoul_cleaned.csv
온누리약국,,37.61431129,126.9091981,bus,bus,bus_station_seoul_cleaned.csv
G캐슬아파트,,37.61520594,126.9150772,bus,bus,bus_station_seoul_cleaned.csv
길마어린이공원,,37.61480115,126.9160552,bus,bus,bus_station_seoul_cleaned.csv
길천사우나,,37.61429017,126.9172395,bus,bus,bus_station_seoul_cleaned.csv
대림모터스,,37.61450066,126.9180073,bus,bus,bus_station_seoul_cleaned.csv
연서시장,,37.6195798,126.9210137,bus,bus,bus_station_seoul_cleaned.csv
청구성심병원,,37.62085587,126.9191024,bus,bus,bus_station_seoul_cleaned.csv
아름다운교회,,37.61631429,126.9185423,bus,bus,bus_station_seoul_cleaned.csv
길마어린이공원,,37.61493186,126.9161596,bus,bus,bus_station_seoul_cleaned.csv
G캐슬아파트,,37.61524439,126.915372,bus,bus,bus_station_seoul_cleaned.csv
한솔아파트입구,,37.61584215,126.913895,bus,bus,bus_station_seoul_cleaned.csv
온누리약국,,37.61439334,126.9092716,bus,bus,bus_station_seoul_cleaned.csv
임창빌라,,37.61374835,126.9083379,bus,bus,bus_station_seoul_cleaned.csv
현대아파트입구,,37.61345948,126.906535,bus,bus,bus_station_seoul_cleaned.csv
대림e편한세상2단지,,37.61286311,126.9064477,bus,bus,bus_station_seoul_cleaned.csv
대림e편한세상1단지,,37.6122934,126.9060994,bus,bus,bus_station_seoul_cleaned.csv
와산교,,37.58888545,126.9141943,bus,bus,bus_station_seoul_cleaned.csv
서울정형외과,,37.59528821,126.9187565,bus,bus,bus_station_seoul_cleaned.csv
벧엘블래스빌,,37.59540338,126.9185163,bus,bus,bus_station_seoul_cleaned.csv
숭실고등학교,,37.59243593,126.9037466,bus,bus,bus_station_seoul_cleaned.csv
숭실고등학교입구,,37.59228445,126.9058387,bus,bus,bus_station_seoul_cleaned.csv
서신초교.내를건너서숲으로도서관,,37.59164373,126.907402,bus,bus,bus_station_seoul_cleaned.csv
삼거리.명진아파트,,37.59041864,126.910656,bus,bus,bus_station_seoul_cleaned.csv
안디옥교회.새절역,,37.59034138,126.9127734,bus,bus,bus_station_seoul_cleaned.csv
신사초등학교.새절역,,37.59316459,126.9134794,bus,bus,bus_station_seoul_cleaned.csv
상신초등학교입구,,37.59673508,126.9080526,bus,bus,bus_station_seoul_cleaned.csv
행운슈퍼,,37.59595498,126.9059234,bus,bus,bus_station_seoul_cleaned.csv
상신초교후문.산새마을종점,,37.59686169,126.9051264,bus,bus,bus_station_seoul_cleaned.csv
행운슈퍼,,37.59589973,126.9057839,bus,bus,bus_station_seoul_cleaned.csv
상신초등학교입구,,37.59660002,126.9084801,bus,bus,bus_station_seoul_cleaned.csv
새절역,,37.590645,126.913387,bus,bus,bus_station_seoul_cleaned.csv
삼거리.명진아파트,,37.5905859,126.9104975,bus,bus,bus_station_seoul_cleaned.csv
서신초교.내를건너서숲으로도서관,,37.59180587,126.907348,bus,bus,bus_station_seoul_cleaned.csv
숭실고등학교입구,,37.59241955,126.9057734,bus,bus,bus_station_seoul_cleaned.csv
경남아너스빌.서북병원,,37.6048442,126.9055113,bus,bus,bus_station_seoul_cleaned.csv
힐스테이트상가,,37.59264366,126.9238016,bus,bus,bus_station_seoul_cleaned.csv
서부중앙교회,,37.58918147,126.922321,bus,bus,bus_station_seoul_cleaned.csv
응암초등학교,,37.58937642,126.9212382,bus,bus,bus_station_seoul_cleaned.csv
성암문구사거리,,37.58970267,126.9200406,bus,bus,bus_station_seoul_cleaned.csv
응암감리교회대림시장앞,,37.58880039,126.9186628,bus,bus,bus_station_seoul_cleaned.csv
응암동성당,,37.58904061,126.9195323,bus,bus,bus_station_seoul_cleaned.csv
성암문구사거리,,37.58957428,126.9200062,bus,bus,bus_station_seoul_cleaned.csv
응암초등학교,,37.58916937,126.9213628,bus,bus,bus_station_seoul_cleaned.csv
백련산힐스테이트2차앞,,37.58934601,126.9227921,bus,bus,bus_station_seoul_cleaned.csv
백련산힐스테이트2차상가앞,,37.5919748,126.923013,bus,bus,bus_station_seoul_cleaned.csv
은평세무서음식문화거리,,37.60204435,126.9251391,bus,bus,bus_station_seoul_cleaned.csv
은평여성인력개발센터,,37.6072139,126.9321452,bus,bus,bus_station_seoul_cleaned.csv
대조시장.NC백화점,,37.60951756,126.9278361,bus,bus,bus_station_seoul_cleaned.csv
행정연구원건너편,,37.60960797,126.9364616,bus,bus,bus_station_seoul_cleaned.csv
파크자이105동앞,,37.59196798,126.9229168,bus,bus,bus_station_seoul_cleaned.csv
브라운스톤빌앞,,37.59054374,126.9124578,bus,bus,bus_station_seoul_cleaned.csv
6번지입구,,37.62686866,126.9190319,bus,bus,bus_station_seoul_cleaned.csv
북가좌동삼거리,,37.57544638,126.9045265,bus,bus,bus_station_seoul_cleaned.csv
북가좌동삼거리,,37.575143,126.905143,bus,bus,bus_station_seoul_cleaned.csv
DMC래미안e.편한세상요진아파트,,37.57167752,126.9096099,bus,bus,bus_station_seoul_cleaned.csv
DMC래미안e.편한세상요진아파트,,37.571577,126.910313,bus,bus,bus_station_seoul_cleaned.csv
모래내시장.가좌역,,37.56907741,126.9150628,bus,bus,bus_station_seoul_cleaned.csv
모래내시장.가좌역,,37.569862,126.913786,bus,bus,bus_station_seoul_cleaned.csv
사천교,,37.5675591,126.9181539,bus,bus,bus_station_seoul_cleaned.csv
연희104고지앞.궁동근린공원,,37.56628429,126.9250825,bus,bus,bus_station_seoul_cleaned.csv
연희104고지앞.궁동근린공원,,37.56635703,126.9257861,bus,bus,bus_station_seoul_cleaned.csv
서대문우체국,,37.56195243,126.9319882,bus,bus,bus_station_seoul_cleaned.csv
서대문우체국,,37.56253262,126.9314621,bus,bus,bus_station_seoul_cleaned.csv
연세대앞,,37.55995635,126.9353373,bus,bus,bus_station_seoul_cleaned.csv
연세대앞,,37.56015691,126.9354996,bus,bus,bus_station_seoul_cleaned.csv
세브란스병원앞,,37.55996746,126.9384507,bus,bus,bus_station_seoul_cleaned.csv
세브란스병원앞,,37.5601326,126.9389237,bus,bus,bus_station_seoul_cleaned.csv
이대후문,,37.56260018,126.9433012,bus,bus,bus_station_seoul_cleaned.csv
이대후문,,37.5630635,126.9436484,bus,bus,bus_station_seoul_cleaned.csv
동교동삼거리,,37.55776469,126.9295196,bus,bus,bus_station_seoul_cleaned.csv
신촌오거리.현대백화점,,37.5559834,126.9345038,bus,bus,bus_station_seoul_cleaned.csv
신촌오거리.2호선신촌역,,37.55573246,126.9386938,bus,bus,bus_station_seoul_cleaned.csv
이대역,,37.55687557,126.9472705,bus,bus,bus_station_seoul_cleaned.csv
산골고개.e편한세상서대문,,37.59530182,126.9399957,bus,bus,bus_station_seoul_cleaned.csv
산골고개.e편한세상서대문,,37.59496945,126.9405158,bus,bus,bus_station_seoul_cleaned.csv
홍제역.서대문세무서,,37.58849083,126.9443653,bus,bus,bus_station_seoul_cleaned.csv
홍제역.서대문세무서,,37.58784339,126.9453226,bus,bus,bus_station_seoul_cleaned.csv
홍제삼거리.인왕산한신휴플러스,,37.58520705,126.9478427,bus,bus,bus_station_seoul_cleaned.csv
무악재역,,37.58315431,126.9498098,bus,bus,bus_station_seoul_cleaned.csv
무악재역,,37.58186521,126.9506553,bus,bus,bus_station_seoul_cleaned.csv
안산초등학교,,37.580686,126.951572,bus,bus,bus_station_seoul_cleaned.csv
독립문역.한성과학고,,37.57468891,126.9575775,bus,bus,bus_station_seoul_cleaned.csv
독립문역.한성과학고,,37.57564114,126.9565608,bus,bus,bus_station_seoul_cleaned.csv
영천시장,,37.56993913,126.962533,bus,bus,bus_station_seoul_cleaned.csv
영천시장,,37.56952787,126.9631353,bus,bus,bus_station_seoul_cleaned.csv
서대문역,,37.56647453,126.96583,bus,bus,bus_station_seoul_cleaned.csv
경찰청.동북아역사재단,,37.56247642,126.9692243,bus,bus,bus_station_seoul_cleaned.csv
인왕산.홍제원아파트,,37.58439651,126.9488624,bus,bus,bus_station_seoul_cleaned.csv
경찰청.동북아역사재단,,37.564312,126.968047,bus,bus,bus_station_seoul_cleaned.csv
웨딩타운,,37.55723901,126.9525538,bus,bus,bus_station_seoul_cleaned.csv
아현역,,37.55738933,126.9568855,bus,bus,bus_station_seoul_cleaned.csv
충정로역,,37.56085809,126.9633122,bus,bus,bus_station_seoul_cleaned.csv
충정로역,,37.55980141,126.9624922,bus,bus,bus_station_seoul_cleaned.csv
서대문역사거리,,37.565579,126.966565,bus,bus,bus_station_seoul_cleaned.csv
모래내시장.가좌역,,37.56992349,126.9139631,bus,bus,bus_station_seoul_cleaned.csv
사천교,,37.56808209,126.9175934,bus,bus,bus_station_seoul_cleaned.csv
연희104고지앞.궁동근린공원,,37.56629725,126.924211,bus,bus,bus_station_seoul_cleaned.csv
연희104고지앞.궁동근린공원,,37.56655,126.924998,bus,bus,bus_station_seoul_cleaned.csv
서대문우체국,,37.56322869,126.9304421,bus,bus,bus_station_seoul_cleaned.csv
서대문우체국,,37.56300102,126.9311629,bus,bus,bus_station_seoul_cleaned.csv
연세대학교앞,,37.55981893,126.9353063,bus,bus,bus_station_seoul_cleaned.csv
연대앞,,37.56045387,126.9348361,bus,bus,bus_station_seoul_cleaned.csv
세브란스병원,,37.55986802,126.9378407,bus,bus,bus_station_seoul_cleaned.csv
세브란스병원,,37.56026476,126.9392418,bus,bus,bus_station_seoul_cleaned.csv
이대부중,,37.56221616,126.9429925,bus,bus,bus_station_seoul_cleaned.csv
이대부중,,37.56364405,126.944163,bus,bus,bus_station_seoul_cleaned.csv
이대부고,,37.56553231,126.9464307,bus,bus,bus_station_seoul_cleaned.csv
이대부고,,37.56631776,126.946476,bus,bus,bus_station_seoul_cleaned.csv
홍은동동부센트레빌,,37.59675699,126.9387082,bus,bus,bus_station_seoul_cleaned.csv
산골고개.e편한세상서대문,,37.59506873,126.9405746,bus,bus,bus_station_seoul_cleaned.csv
홍은사거리.북한산더샵아파트앞,,37.59237808,126.941266,bus,bus,bus_station_seoul_cleaned.csv
홍제우체국,,37.586895,126.946047,bus,bus,bus_station_seoul_cleaned.csv
영천시장,,37.57022804,126.96202,bus,bus,bus_station_seoul_cleaned.csv
금화초등학교.서울시교육청,,37.56790142,126.964326,bus,bus,bus_station_seoul_cleaned.csv
충정로역2번출구,,37.55961127,126.9640266,bus,bus,bus_station_seoul_cleaned.csv
이대역4번출구,,37.55698417,126.9465754,bus,bus,bus_station_seoul_cleaned.csv
신촌기차역입구,,37.55680821,126.9438433,bus,bus,bus_station_seoul_cleaned.csv
신촌역2호선,,37.55618795,126.9396412,bus,bus,bus_station_seoul_cleaned.csv
신촌아트레온,,37.55650963,126.940788,bus,bus,bus_station_seoul_cleaned.csv
동교동삼거리연희동방면,,37.55865826,126.9274995,bus,bus,bus_station_seoul_cleaned.csv
연세로.명물거리,,37.55814623,126.9369771,bus,bus,bus_station_seoul_cleaned.csv
연세로.스타광장,,37.55640944,126.9367636,bus,bus,bus_station_seoul_cleaned.csv
연희동대우아파트,,37.56262335,126.9279552,bus,bus,bus_station_seoul_cleaned.csv
연희교차로,,37.5657,126.930163,bus,bus,bus_station_seoul_cleaned.csv
연희교차로,,37.5659472,126.9300349,bus,bus,bus_station_seoul_cleaned.csv
연희3거리,,37.56786646,126.9319225,bus,bus,bus_station_seoul_cleaned.csv
연희3거리,,37.56793299,126.9316095,bus,bus,bus_station_seoul_cleaned.csv
한성화교중고교.서대문소방서,,37.57230089,126.9354133,bus,bus,bus_station_seoul_cleaned.csv
한성화교중고교.서대문소방서,,37.57247739,126.9352093,bus,bus,bus_station_seoul_cleaned.csv
서대문자연사박물관입구,,37.5751697,126.9354091,bus,bus,bus_station_seoul_cleaned.csv
서대문자연사박물관입구,,37.57522592,126.9352421,bus,bus,bus_station_seoul_cleaned.csv
서대문구청.보건소.구의회,,37.57824484,126.936066,bus,bus,bus_station_seoul_cleaned.csv
서대문구청.서대문구의회,,37.57861597,126.9358426,bus,bus,bus_station_seoul_cleaned.csv
동신병원.홍제폭포,,37.58083052,126.9360099,bus,bus,bus_station_seoul_cleaned.csv
서대문보건소별관.홍제폭포,,37.58266194,126.9362857,bus,bus,bus_station_seoul_cleaned.csv
정원여중,,37.58624953,126.9349879,bus,bus,bus_station_seoul_cleaned.csv
정원여중.스위스그랜드호텔,,37.5876618,126.93526,bus,bus,bus_station_seoul_cleaned.csv
홍은현대아파트.스위스그랜드호텔,,37.58864911,126.9364278,bus,bus,bus_station_seoul_cleaned.csv
홍은현대아파트,,37.59005793,126.9383458,bus,bus,bus_station_seoul_cleaned.csv
유진상가,,37.59175407,126.9428678,bus,bus,bus_station_seoul_cleaned.csv
유진상가,,37.59217992,126.9431392,bus,bus,bus_station_seoul_cleaned.csv
문화촌현대아파트,,37.59224684,126.9465446,bus,bus,bus_station_seoul_cleaned.csv
문화촌현대아파트,,37.59265216,126.9468069,bus,bus,bus_station_seoul_cleaned.csv
서울여자간호대학교.홍은초등학교,,37.59610722,126.9492224,bus,bus,bus_station_seoul_cleaned.csv
서울여자간호대학교.홍은초등학교,,37.59564203,126.9487052,bus,bus,bus_station_seoul_cleaned.csv
유원하나아파트,,37.59588428,126.9526777,bus,bus,bus_station_seoul_cleaned.csv
유원하나아파트,,37.5957428,126.9520651,bus,bus,bus_station_seoul_cleaned.csv
홍지문.옥천암,,37.59657241,126.9565922,bus,bus,bus_station_seoul_cleaned.csv
홍지문,,37.59691,126.956263,bus,bus,bus_station_seoul_cleaned.csv
북가좌오거리,,37.579833,126.911478,bus,bus,bus_station_seoul_cleaned.csv
북가좌오거리,,37.58029965,126.9114609,bus,bus,bus_station_seoul_cleaned.csv
북가좌2동주민센터,,37.58203675,126.9131369,bus,bus,bus_station_seoul_cleaned.csv
북가좌2동주민센터,,37.58286361,126.913402,bus,bus,bus_station_seoul_cleaned.csv
동도하이츠아파트,,37.58467706,126.9150179,bus,bus,bus_station_seoul_cleaned.csv
동도하이츠아파트,,37.58490125,126.9147685,bus,bus,bus_station_seoul_cleaned.csv
DMC파크뷰자이,,37.57386247,126.9162368,bus,bus,bus_station_seoul_cleaned.csv
삼성래미안2차아파트,,37.57125,126.913812,bus,bus,bus_station_seoul_cleaned.csv
모래내삼거리,,37.57078569,126.9132773,bus,bus,bus_station_seoul_cleaned.csv
DMC래미안e편한세상2.4단지,,37.5767409,126.9109918,bus,bus,bus_station_seoul_cleaned.csv
모래내우체국.증가교회,,37.57644076,126.9117263,bus,bus,bus_station_seoul_cleaned.csv
북가좌삼호.DMC아이파크아파트,,37.57526844,126.91331,bus,bus,bus_station_seoul_cleaned.csv
북가좌삼호.DMC아이파크아파트,,37.57553,126.913058,bus,bus,bus_station_seoul_cleaned.csv
DMC센트레빌아파트,,37.575307,126.915772,bus,bus,bus_station_seoul_cleaned.csv
DMC파크뷰자이.별동상가,,37.57518908,126.9160853,bus,bus,bus_station_seoul_cleaned.csv
래미안루센티아.DMC쌍용,,37.57556696,126.9185357,bus,bus,bus_station_seoul_cleaned.csv
명지대사거리,,37.57737061,126.9209818,bus,bus,bus_station_seoul_cleaned.csv
DMC에코자이아파트,,37.57643359,126.9195565,bus,bus,bus_station_seoul_cleaned.csv
DMC센트럴아이파크아파트,,37.57821958,126.9218531,bus,bus,bus_station_seoul_cleaned.csv
명지대,,37.57913668,126.9235486,bus,bus,bus_station_seoul_cleaned.csv
명지대,,37.5798843,126.9242906,bus,bus,bus_station_seoul_cleaned.csv
명지대삼거리,,37.58095988,126.9260981,bus,bus,bus_station_seoul_cleaned.csv
명지대삼거리,,37.58127045,126.9263634,bus,bus,bus_station_seoul_cleaned.csv
고은초등학교.홍제센트럴아이파크,,37.58522994,126.9446994,bus,bus,bus_station_seoul_cleaned.csv
신연중학교서대문도서관,,37.58395753,126.9408336,bus,bus,bus_station_seoul_cleaned.csv
백련교.홍제폭포,,37.58290066,126.9375486,bus,bus,bus_station_seoul_cleaned.csv
서대문문화체육회관입구,,37.5814082,126.9353907,bus,bus,bus_station_seoul_cleaned.csv
홍연2교.두산아파트앞,,37.57842123,126.9308803,bus,bus,bus_station_seoul_cleaned.csv
홍남교,,37.576642,126.927497,bus,bus,bus_station_seoul_cleaned.csv
연가교,,37.57256143,126.9221821,bus,bus,bus_station_seoul_cleaned.csv
연희파크푸르지오앞,,37.575359,126.927335,bus,bus,bus_station_seoul_cleaned.csv
홍연시장,,37.57713344,126.9306867,bus,bus,bus_station_seoul_cleaned.csv
연희홍연아파트,,37.57799767,126.9323548,bus,bus,bus_station_seoul_cleaned.csv
서대문구청,,37.57905066,126.9348719,bus,bus,bus_station_seoul_cleaned.csv
남가좌현대아파트,,37.57491757,126.9218592,bus,bus,bus_station_seoul_cleaned.csv
신촌기차역,,37.55878198,126.9424516,bus,bus,bus_station_seoul_cleaned.csv
신촌기차역,,37.55835649,126.9429329,bus,bus,bus_station_seoul_cleaned.csv
증산교앞,,37.57803995,126.9048029,bus,bus,bus_station_seoul_cleaned.csv
연희지하차도,,37.57715029,126.9325574,bus,bus,bus_station_seoul_cleaned.csv
연희지하차도,,37.57750148,126.9322062,bus,bus,bus_station_seoul_cleaned.csv
홍연2교.현대교통종점,,37.57821422,126.9299866,bus,bus,bus_station_seoul_cleaned.csv
홍연2교.현대교통종점,,37.57840131,126.9302044,bus,bus,bus_station_seoul_cleaned.csv
명지대입구.서울무용센터,,37.58084912,126.9274076,bus,bus,bus_station_seoul_cleaned.csv
명지중고등학교,,37.5825612,126.9256976,bus,bus,bus_station_seoul_cleaned.csv
명지중고등학교,,37.5829328,126.9256885,bus,bus,bus_station_seoul_cleaned.csv
명지전문대.충암중고등학교,,37.58466587,126.9235951,bus,bus,bus_station_seoul_cleaned.csv
명지전문대.충암중고등학교,,37.58466808,126.9239585,bus,bus,bus_station_seoul_cleaned.csv
연희동자치회관,,37.56951812,126.9312682,bus,bus,bus_station_seoul_cleaned.csv
연희동자치회관,,37.56974757,126.9312959,bus,bus,bus_station_seoul_cleaned.csv
서대문구보훈회관,,37.5717018,126.9293639,bus,bus,bus_station_seoul_cleaned.csv
서대문구보훈회관,,37.57183076,126.929537,bus,bus,bus_station_seoul_cleaned.csv
홍남교.서대문구행복그린센터,,37.5746381,126.9269827,bus,bus,bus_station_seoul_cleaned.csv
홍남교.서대문구행복그린센터,,37.57488551,126.9270267,bus,bus,bus_station_seoul_cleaned.csv
백련시장,,37.57664696,126.9249301,bus,bus,bus_station_seoul_cleaned.csv
백련시장,,37.57708999,126.9247007,bus,bus,bus_station_seoul_cleaned.csv
명지대사거리.백련시장,,37.57742573,126.9225808,bus,bus,bus_station_seoul_cleaned.csv
명지대사거리.국민은행앞,,37.57761033,126.9224193,bus,bus,bus_station_seoul_cleaned.csv
연가초교.DMC래미안클라시스,,37.57911895,126.9172943,bus,bus,bus_station_seoul_cleaned.csv
연가초.연희중.래미안클라시스,,37.57895888,126.9180679,bus,bus,bus_station_seoul_cleaned.csv
북가좌사거리,,37.58118193,126.9146691,bus,bus,bus_station_seoul_cleaned.csv
북가좌사거리,,37.58183799,126.9141425,bus,bus,bus_station_seoul_cleaned.csv
북가좌119안전센터,,37.58270463,126.9126209,bus,bus,bus_station_seoul_cleaned.csv
북가좌119안전센터,,37.58344599,126.912037,bus,bus,bus_station_seoul_cleaned.csv
충정로역9번출구,,37.561714,126.964018,bus,bus,bus_station_seoul_cleaned.csv
미동초등학교,,37.5631581,126.9644505,bus,bus,bus_station_seoul_cleaned.csv
DMC한양아파트,,37.5764899,126.9085189,bus,bus,bus_station_seoul_cleaned.csv
북가좌초교·DMC현대아파트,,37.5767876,126.9084365,bus,bus,bus_station_seoul_cleaned.csv
독립문역·서대문형무소역사관,,37.57541927,126.9564326,bus,bus,bus_station_seoul_cleaned.csv
경찰청,,37.563413,126.968395,bus,bus,bus_station_seoul_cleaned.csv
충정로역2호선,,37.55972126,126.964211,bus,bus,bus_station_seoul_cleaned.csv
연가교,,37.57281686,126.922147,bus,bus,bus_station_seoul_cleaned.csv
가좌역3번출구,,37.569163,126.914759,bus,bus,bus_station_seoul_cleaned.csv
명지대입구.신원지벤스타,,37.58045659,126.9281505,bus,bus,bus_station_seoul_cleaned.csv
창서초등학교.현대백화점,,37.55666649,126.9330023,bus,bus,bus_station_seoul_cleaned.csv
서대문종합사회복지관,,37.57125972,126.9200245,bus,bus,bus_station_seoul_cleaned.csv
서대문종합사회복지관,,37.57096334,126.9201437,bus,bus,bus_station_seoul_cleaned.csv
홍남교.백련시장입구,,37.57528557,126.925184,bus,bus,bus_station_seoul_cleaned.csv
북가좌초교사거리,,37.57872634,126.9102547,bus,bus,bus_station_seoul_cleaned.csv
북가좌초교사거리,,37.578365,126.910333,bus,bus,bus_station_seoul_cleaned.csv
은가어린이공원구150번종점,,37.58293397,126.9196203,bus,bus,bus_station_seoul_cleaned.csv
DMC두산위브아파트,,37.5805575,126.9153237,bus,bus,bus_station_seoul_cleaned.csv
DMC두산위브아파트,,37.58034717,126.9159408,bus,bus,bus_station_seoul_cleaned.csv
서대문독립공원·극동아파트,,37.57185289,126.9593191,bus,bus,bus_station_seoul_cleaned.csv
봉원동사거리,,37.56686112,126.9464767,bus,bus,bus_station_seoul_cleaned.csv
봉원사,,37.57010246,126.9461048,bus,bus,bus_station_seoul_cleaned.csv
봉원사,,37.570109,126.9461149,bus,bus,bus_station_seoul_cleaned.csv
봉원동사거리,,37.56679635,126.9467009,bus,bus,bus_station_seoul_cleaned.csv
서대문독립공원.삼호아파트,,37.5714897,126.9594106,bus,bus,bus_station_seoul_cleaned.csv
서부운수기점,,37.581632,126.910257,bus,bus,bus_station_seoul_cleaned.csv
중소기업은행,,37.58225739,126.9129894,bus,bus,bus_station_seoul_cleaned.csv
봉원사길,,37.56835402,126.9460172,bus,bus,bus_station_seoul_cleaned.csv
봉원사길,,37.56860231,126.9461087,bus,bus,bus_station_seoul_cleaned.csv
연세로.문학의거리,,37.55626316,126.9370042,bus,bus,bus_station_seoul_cleaned.csv
독립공원사거리,,37.57639384,126.9553087,bus,bus,bus_station_seoul_cleaned.csv
독립공원사거리,,37.57648752,126.9552249,bus,bus,bus_station_seoul_cleaned.csv
가재울초등학교,,37.5739821,126.9189767,bus,bus,bus_station_seoul_cleaned.csv
가재울초등학교,,37.5744343,126.9187611,bus,bus,bus_station_seoul_cleaned.csv
산골고개.e편한세상서대문,,37.59483268,126.9403026,bus,bus,bus_station_seoul_cleaned.csv
DMC래미안e-편한세상3단지,,37.57516613,126.906764,bus,bus,bus_station_seoul_cleaned.csv
DMC래미안e-편한세상3단지,,37.57504742,126.9070551,bus,bus,bus_station_seoul_cleaned.csv
연흥교회,,37.57260898,126.9211652,bus,bus,bus_station_seoul_cleaned.csv
홍제역4번출구,,37.58937328,126.9430828,bus,bus,bus_station_seoul_cleaned.csv
남가좌동새마을금고,,37.574429,126.917304,bus,bus,bus_station_seoul_cleaned.csv
국립대한민국임시정부기념관,,37.57583146,126.9535721,bus,bus,bus_station_seoul_cleaned.csv
독립문파크빌.한성과학고,,37.57457769,126.9518579,bus,bus,bus_station_seoul_cleaned.csv
두산아파트,,37.57877032,126.9320568,bus,bus,bus_station_seoul_cleaned.csv
DMC파크뷰자이,,37.57376569,126.9163416,bus,bus,bus_station_seoul_cleaned.csv
아현가구단지,,37.55866131,126.9608924,bus,bus,bus_station_seoul_cleaned.csv
DMC쌍용.래미안루센티아,,37.57559193,126.9188102,bus,bus,bus_station_seoul_cleaned.csv
정원슈퍼,,37.58643602,126.9317244,bus,bus,bus_station_seoul_cleaned.csv
홍은동국민주택,,37.6056753,126.9498503,bus,bus,bus_station_seoul_cleaned.csv
백련사,,37.58483559,126.9285294,bus,bus,bus_station_seoul_cleaned.csv
풍진베이스타운.안산자락길입구,,37.58242666,126.94332,bus,bus,bus_station_seoul_cleaned.csv
개미마을,,37.58979768,126.9539148,bus,bus,bus_station_seoul_cleaned.csv
두산아파트,,37.55912016,126.9492611,bus,bus,bus_station_seoul_cleaned.csv
북아현삼거리,,37.56480507,126.9529748,bus,bus,bus_station_seoul_cleaned.csv
궁동근린공원입구,,37.56957653,126.9241991,bus,bus,bus_station_seoul_cleaned.csv
뜨란채아파트101동,,37.56583701,126.9587733,bus,bus,bus_station_seoul_cleaned.csv
삼성빌라,,37.5956011,126.9338401,bus,bus,bus_station_seoul_cleaned.csv
소공원,,37.58633645,126.9325183,bus,bus,bus_station_seoul_cleaned.csv
풍림.극동아파트,,37.6036389,126.9494723,bus,bus,bus_station_seoul_cleaned.csv
명지고후문,,37.58410695,126.9290895,bus,bus,bus_station_seoul_cleaned.csv
명진아트빌라,,37.58281454,126.9436822,bus,bus,bus_station_seoul_cleaned.csv
홍은초등학교,,37.59688983,126.9503226,bus,bus,bus_station_seoul_cleaned.csv
삼거리연탄가게,,37.59049155,126.9533843,bus,bus,bus_station_seoul_cleaned.csv
초원약국,,37.55977108,126.9500338,bus,bus,bus_station_seoul_cleaned.csv
추계초등학교,,37.5635916,126.9541935,bus,bus,bus_station_seoul_cleaned.csv
궁동근린공원회관,,37.57094333,126.9253683,bus,bus,bus_station_seoul_cleaned.csv
서서울농협홍은지점.동신병원,,37.58097924,126.9361173,bus,bus,bus_station_seoul_cleaned.csv
뜨란채아파트.노인복지관,,37.5680673,126.9590155,bus,bus,bus_station_seoul_cleaned.csv
금화장오거리,,37.564363,126.9592915,bus,bus,bus_station_seoul_cleaned.csv
미성아파트,,37.59328945,126.9344643,bus,bus,bus_station_seoul_cleaned.csv
삼성그린빌,,37.58697091,126.9326751,bus,bus,bus_station_seoul_cleaned.csv
팔각정,,37.58329932,126.930167,bus,bus,bus_station_seoul_cleaned.csv
고은초교삼거리,,37.58431223,126.943852,bus,bus,bus_station_seoul_cleaned.csv
문화촌주유소,,37.59527282,126.9485919,bus,bus,bus_station_seoul_cleaned.csv
버드나무가게,,37.59103651,126.9528846,bus,bus,bus_station_seoul_cleaned.csv
신촌푸르지오1단지후문.힐스테이트신촌,,37.56085094,126.9516429,bus,bus,bus_station_seoul_cleaned.csv
새마을금고,,37.56311969,126.9548741,bus,bus,bus_station_seoul_cleaned.csv
서대문지역자활센터,,37.57212343,126.9262762,bus,bus,bus_station_seoul_cleaned.csv
산경아파트,,37.56852684,126.9603003,bus,bus,bus_station_seoul_cleaned.csv
경기대후문,,37.56391498,126.9614459,bus,bus,bus_station_seoul_cleaned.csv
홍은중학교,,37.59233618,126.934601,bus,bus,bus_station_seoul_cleaned.csv
동원빌라,,37.58705416,126.9332967,bus,bus,bus_station_seoul_cleaned.csv
포방공영주차장,,37.60088916,126.9489372,bus,bus,bus_station_seoul_cleaned.csv
서대문문화체육회관,,37.58122878,126.9319953,bus,bus,bus_station_seoul_cleaned.csv
성원아파트,,37.58423243,126.9427866,bus,bus,bus_station_seoul_cleaned.csv
홍은사회복지관별관,,37.59417338,126.9480492,bus,bus,bus_station_seoul_cleaned.csv
금강빌라.인왕중학교,,37.5918228,126.9519918,bus,bus,bus_station_seoul_cleaned.csv
중앙여고,,37.56222156,126.9555538,bus,bus,bus_station_seoul_cleaned.csv
홍제초등학교,,37.592238,126.9434056,bus,bus,bus_station_seoul_cleaned.csv
천연동마을금고,,37.56843847,126.9614503,bus,bus,bus_station_seoul_cleaned.csv
미동초교,,37.56427381,126.9649492,bus,bus,bus_station_seoul_cleaned.csv
차고앞,,37.5917254,126.9348869,bus,bus,bus_station_seoul_cleaned.csv
싸이버아파트,,37.58712214,126.934002,bus,bus,bus_station_seoul_cleaned.csv
포방시장,,37.59946521,126.9483923,bus,bus,bus_station_seoul_cleaned.csv
서대문내품애센터,,37.58020864,126.9333967,bus,bus,bus_station_seoul_cleaned.csv
문화촌현대아파트,,37.59231928,126.9473598,bus,bus,bus_station_seoul_cleaned.csv
오동나무앞,,37.59286825,126.9511101,bus,bus,bus_station_seoul_cleaned.csv
경남아파트.북아현119안전센터,,37.56102741,126.9558701,bus,bus,bus_station_seoul_cleaned.csv
행복하우스,,37.57313634,126.9286952,bus,bus,bus_station_seoul_cleaned.csv
삼거리,,37.59002166,126.9352938,bus,bus,bus_station_seoul_cleaned.csv
정원여중입구,,37.58643673,126.9345801,bus,bus,bus_station_seoul_cleaned.csv
호박골다리,,37.59814527,126.946708,bus,bus,bus_station_seoul_cleaned.csv
송죽원,,37.58394958,126.9390725,bus,bus,bus_station_seoul_cleaned.csv
홍제역해링턴플레이스,,37.59109425,126.9467051,bus,bus,bus_station_seoul_cleaned.csv
동성교회,,37.59417905,126.9496042,bus,bus,bus_station_seoul_cleaned.csv
중앙여고,,37.56186925,126.9548553,bus,bus,bus_station_seoul_cleaned.csv
한성고교,,37.55945226,126.9564975,bus,bus,bus_station_seoul_cleaned.csv
현대그린마트,,37.57134495,126.9610205,bus,bus,bus_station_seoul_cleaned.csv
충정로역8번출구,,37.56090585,126.9630695,bus,bus,bus_station_seoul_cleaned.csv
스위스그랜드호텔앞,,37.58897698,126.9363704,bus,bus,bus_station_seoul_cleaned.csv
간호대정문,,37.59699996,126.9474272,bus,bus,bus_station_seoul_cleaned.csv
홍은사거리,,37.592395,126.9412977,bus,bus,bus_station_seoul_cleaned.csv
인왕초등학교,,37.58925008,126.945505,bus,bus,bus_station_seoul_cleaned.csv
문화공원입구,,37.59440551,126.9483948,bus,bus,bus_station_seoul_cleaned.csv
충정로역7번출구,,37.559865,126.962423,bus,bus,bus_station_seoul_cleaned.csv
산골고개,,37.59503932,126.9406035,bus,bus,bus_station_seoul_cleaned.csv
홍은초등학교.간호대입구,,37.59645551,126.948894,bus,bus,bus_station_seoul_cleaned.csv
가산빌라,,37.58488227,126.9360671,bus,bus,bus_station_seoul_cleaned.csv
사러가쇼핑,,37.56729432,126.9302459,bus,bus,bus_station_seoul_cleaned.csv
영천시장입구,,37.5692775,126.9630257,bus,bus,bus_station_seoul_cleaned.csv
나이스신용정보.(구)한국예술원,,37.56123978,126.9619046,bus,bus,bus_station_seoul_cleaned.csv
반석블레스아파트,,37.59516717,126.9410116,bus,bus,bus_station_seoul_cleaned.csv
평화슈퍼,,37.58626885,126.9357069,bus,bus,bus_station_seoul_cleaned.csv
북아현로입구,,37.557825,126.956271,bus,bus,bus_station_seoul_cleaned.csv
아현역1번출구,,37.55750698,126.9553925,bus,bus,bus_station_seoul_cleaned.csv
육교앞,,37.56793836,126.9643011,bus,bus,bus_station_seoul_cleaned.csv
광염교회,,37.56230116,126.9619361,bus,bus,bus_station_seoul_cleaned.csv
풍림1차아파트,,37.59435402,126.9420858,bus,bus,bus_station_seoul_cleaned.csv
스위스그랜드호텔,,37.58776776,126.9364417,bus,bus,bus_station_seoul_cleaned.csv
웨딩타운,,37.55727207,126.9515261,bus,bus,bus_station_seoul_cleaned.csv
서대문문화체육회관,,37.58074834,126.9349135,bus,bus,bus_station_seoul_cleaned.csv
서대문사거리,,37.56669519,126.9654575,bus,bus,bus_station_seoul_cleaned.csv
경기대사회교육원,,37.56336483,126.9624253,bus,bus,bus_station_seoul_cleaned.csv
팔각정,,37.59527549,126.9432425,bus,bus,bus_station_seoul_cleaned.csv
남양아파트,,37.589124,126.9383406,bus,bus,bus_station_seoul_cleaned.csv
서대문전철역,,37.56527973,126.9659992,bus,bus,bus_station_seoul_cleaned.csv
인창중고,,37.56421304,126.9636418,bus,bus,bus_station_seoul_cleaned.csv
홍은유원아파트,,37.59696498,126.9450464,bus,bus,bus_station_seoul_cleaned.csv
유진상가다리앞,,37.59192052,126.9446843,bus,bus,bus_station_seoul_cleaned.csv
문화촌현대아파트입구,,37.59260484,126.9471389,bus,bus,bus_station_seoul_cleaned.csv
바비엥스위트,,37.5647773,126.9673182,bus,bus,bus_station_seoul_cleaned.csv
종근당,,37.55982719,126.9629183,bus,bus,bus_station_seoul_cleaned.csv
이대농협,,37.55682362,126.9440526,bus,bus,bus_station_seoul_cleaned.csv
미동초등학교,,37.56439641,126.9651506,bus,bus,bus_station_seoul_cleaned.csv
인창중고,,37.56466374,126.9641668,bus,bus,bus_station_seoul_cleaned.csv
사천교,,37.5680631,126.9180639,bus,bus,bus_station_seoul_cleaned.csv
벽산아파트후문,,37.5962887,126.9459766,bus,bus,bus_station_seoul_cleaned.csv
현대백화점,,37.55616941,126.9347143,bus,bus,bus_station_seoul_cleaned.csv
아트레온,,37.556263,126.9400904,bus,bus,bus_station_seoul_cleaned.csv
신촌자이엘라,,37.55676378,126.9425352,bus,bus,bus_station_seoul_cleaned.csv
인창중고,,37.56449163,126.9642046,bus,bus,bus_station_seoul_cleaned.csv
연희초등학교,,37.56995703,126.9335746,bus,bus,bus_station_seoul_cleaned.csv
광산사우나,,37.56560911,126.9645784,bus,bus,bus_station_seoul_cleaned.csv
스위스그랜드호텔.현대아파트,,37.58933243,126.9363779,bus,bus,bus_station_seoul_cleaned.csv
모래내시장,,37.5690929,126.9156152,bus,bus,bus_station_seoul_cleaned.csv
연희초등학교,,37.56971961,126.933031,bus,bus,bus_station_seoul_cleaned.csv
홍은성당,,37.59602127,126.9464083,bus,bus,bus_station_seoul_cleaned.csv
간호대입구올해피장애인복지센터,,37.59593146,126.9491285,bus,bus,bus_station_seoul_cleaned.csv
우리은행홍제동지점,,37.59177922,126.9451782,bus,bus,bus_station_seoul_cleaned.csv
미동초등학교,,37.5631095,126.9648856,bus,bus,bus_station_seoul_cleaned.csv
연희삼거리,,37.5715705,126.934498,bus,bus,bus_station_seoul_cleaned.csv
연희삼거리,,37.56951262,126.9332682,bus,bus,bus_station_seoul_cleaned.csv
서대문구청,,37.57846456,126.9357997,bus,bus,bus_station_seoul_cleaned.csv
서대문구청,,37.5785143,126.9361314,bus,bus,bus_station_seoul_cleaned.csv
그랜드힐튼호텔,,37.58785389,126.9357565,bus,bus,bus_station_seoul_cleaned.csv
그랜드힐튼호텔,,37.58804029,126.9355163,bus,bus,bus_station_seoul_cleaned.csv
CGV신촌아트레온,,37.55579274,126.9385549,bus,bus,bus_station_seoul_cleaned.csv
경기대후문,,37.56400606,126.9616722,bus,bus,bus_station_seoul_cleaned.csv
서대문성당,,37.56727147,126.9640444,bus,bus,bus_station_seoul_cleaned.csv
삼거리,,37.59000462,126.9354331,bus,bus,bus_station_seoul_cleaned.csv
벽산아파트정문,,37.59464513,126.9460106,bus,bus,bus_station_seoul_cleaned.csv
서대문역7번출구,,37.56523946,126.9669875,bus,bus,bus_station_seoul_cleaned.csv
신촌전철역,,37.55539011,126.9371485,bus,bus,bus_station_seoul_cleaned.csv
금화장오거리,,37.56448647,126.9593378,bus,bus,bus_station_seoul_cleaned.csv
동명여중,,37.56806402,126.9629186,bus,bus,bus_station_seoul_cleaned.csv
차고앞,,37.59157054,126.9351294,bus,bus,bus_station_seoul_cleaned.csv
고은초교삼거리,,37.58426169,126.9436845,bus,bus,bus_station_seoul_cleaned.csv
영천시장입구,,37.56848098,126.9619595,bus,bus,bus_station_seoul_cleaned.csv
홍은중학교,,37.59267144,126.9347015,bus,bus,bus_station_seoul_cleaned.csv
정원여중입구,,37.58656022,126.9346366,bus,bus,bus_station_seoul_cleaned.csv
명진아트빌라,,37.5829136,126.9435462,bus,bus,bus_station_seoul_cleaned.csv
문화공원입구,,37.59429121,126.9484966,bus,bus,bus_station_seoul_cleaned.csv
가재울초등학교,,37.57456223,126.9183585,bus,bus,bus_station_seoul_cleaned.csv
연대앞.세브란스병원,,37.56029436,126.9355917,bus,bus,bus_station_seoul_cleaned.csv
미성아파트,,37.59365451,126.9346803,bus,bus,bus_station_seoul_cleaned.csv
남가좌동아이파크후문,,37.57450404,126.9206143,bus,bus,bus_station_seoul_cleaned.csv
싸이버아파트,,37.58721948,126.9340393,bus,bus,bus_station_seoul_cleaned.csv
동신병원사거리,,37.58156691,126.9356034,bus,bus,bus_station_seoul_cleaned.csv
동성교회,,37.59414025,126.9494683,bus,bus,bus_station_seoul_cleaned.csv
연희성당,,37.56305144,126.9311005,bus,bus,bus_station_seoul_cleaned.csv
남가좌동아이파크정문,,37.57494892,126.9215739,bus,bus,bus_station_seoul_cleaned.csv
동원빌라,,37.58715869,126.9333034,bus,bus,bus_station_seoul_cleaned.csv
홍은2동주민센터,,37.58090862,126.9347152,bus,bus,bus_station_seoul_cleaned.csv
오동나무,,37.59300902,126.9507352,bus,bus,bus_station_seoul_cleaned.csv
연희브라운스톤,,37.56570825,126.9302298,bus,bus,bus_station_seoul_cleaned.csv
3호선독립문역,,37.57245992,126.9584504,bus,bus,bus_station_seoul_cleaned.csv
삼성그린빌,,37.58689785,126.9325461,bus,bus,bus_station_seoul_cleaned.csv
서대문내품애센터,,37.58032133,126.9334963,bus,bus,bus_station_seoul_cleaned.csv
금강빌라.인왕중학교,,37.59221073,126.9516257,bus,bus,bus_station_seoul_cleaned.csv
하나은행연희동지점,,37.56699381,126.9312475,bus,bus,bus_station_seoul_cleaned.csv
이진아기념도서관,,37.57270885,126.9565857,bus,bus,bus_station_seoul_cleaned.csv
서대문문화체육회관,,37.58153548,126.9318572,bus,bus,bus_station_seoul_cleaned.csv
버드나무가게,,37.5909941,126.952751,bus,bus,bus_station_seoul_cleaned.csv
종근당후문,,37.55946971,126.9637437,bus,bus,bus_station_seoul_cleaned.csv
사러가쇼핑,,37.56721105,126.9303733,bus,bus,bus_station_seoul_cleaned.csv
국민은행,,37.56775647,126.9318332,bus,bus,bus_station_seoul_cleaned.csv
극동아파트119동,,37.57296768,126.9547527,bus,bus,bus_station_seoul_cleaned.csv
사천교,,37.56831664,126.9185424,bus,bus,bus_station_seoul_cleaned.csv
팔각정,,37.58331383,126.9303357,bus,bus,bus_station_seoul_cleaned.csv
삼거리연탄.약수터입구,,37.59047258,126.9532666,bus,bus,bus_station_seoul_cleaned.csv
민속식당,,37.56796152,126.9296164,bus,bus,bus_station_seoul_cleaned.csv
이진아기념도서관,,37.57264213,126.9564805,bus,bus,bus_station_seoul_cleaned.csv
유진상가,,37.59166005,126.9426779,bus,bus,bus_station_seoul_cleaned.csv
명지고후문,,37.5841656,126.9292207,bus,bus,bus_station_seoul_cleaned.csv
개미마을,,37.5897136,126.9537786,bus,bus,bus_station_seoul_cleaned.csv
아현전철역,,37.55749071,126.957723,bus,bus,bus_station_seoul_cleaned.csv
서연중학교,,37.56914223,126.9285897,bus,bus,bus_station_seoul_cleaned.csv
3호선독립문역,,37.57240493,126.9583837,bus,bus,bus_station_seoul_cleaned.csv
이대입구,,37.55689989,126.9452863,bus,bus,bus_station_seoul_cleaned.csv
백련사,,37.58490594,126.9286278,bus,bus,bus_station_seoul_cleaned.csv
평화교회,,37.56950468,126.9260014,bus,bus,bus_station_seoul_cleaned.csv
극동아파트입구,,37.5719202,126.9585323,bus,bus,bus_station_seoul_cleaned.csv
신촌아트레온,,37.5564895,126.9407252,bus,bus,bus_station_seoul_cleaned.csv
북아현동주민센터,,37.55964178,126.9567767,bus,bus,bus_station_seoul_cleaned.csv
삼호아파트.천연동주민센터,,37.57079143,126.959391,bus,bus,bus_station_seoul_cleaned.csv
홍은초등학교.간호대입구,,37.59681343,126.9483984,bus,bus,bus_station_seoul_cleaned.csv
경남아파트.북아현119안전센터,,37.56078089,126.9560391,bus,bus,bus_station_seoul_cleaned.csv
홍제폭포.동신병원,,37.58003858,126.9354666,bus,bus,bus_station_seoul_cleaned.csv
영천시장입구,,37.56895479,126.961441,bus,bus,bus_station_seoul_cleaned.csv
간호대정문,,37.59731292,126.9471326,bus,bus,bus_station_seoul_cleaned.csv
중앙여고,,37.56205803,126.954953,bus,bus,bus_station_seoul_cleaned.csv
중앙여고,,37.56245046,126.955617,bus,bus,bus_station_seoul_cleaned.csv
홍은2동어린이집앞,,37.57954678,126.934174,bus,bus,bus_station_seoul_cleaned.csv
감리신학대학교,,37.5679216,126.9625725,bus,bus,bus_station_seoul_cleaned.csv
추계초등학교,,37.56369525,126.9542625,bus,bus,bus_station_seoul_cleaned.csv
두산아파트,,37.57872017,126.9320428,bus,bus,bus_station_seoul_cleaned.csv
서대문센트레빌,,37.56717232,126.9639358,bus,bus,bus_station_seoul_cleaned.csv
포방시장,,37.59935085,126.9485645,bus,bus,bus_station_seoul_cleaned.csv
홍은2동주민센터,,37.58041378,126.9344518,bus,bus,bus_station_seoul_cleaned.csv
광산사우나,,37.56561087,126.9644312,bus,bus,bus_station_seoul_cleaned.csv
포방공영주차장,,37.60085952,126.9491591,bus,bus,bus_station_seoul_cleaned.csv
힐스테이트신촌.신촌푸르지오1단지후문,,37.56089665,126.9515498,bus,bus,bus_station_seoul_cleaned.csv
인창중고,,37.56473262,126.9641139,bus,bus,bus_station_seoul_cleaned.csv
호박골다리,,37.59813722,126.9468857,bus,bus,bus_station_seoul_cleaned.csv
초원약국,,37.55981066,126.9498696,bus,bus,bus_station_seoul_cleaned.csv
홍은동국민주택,,37.60519678,126.9499071,bus,bus,bus_station_seoul_cleaned.csv
풍림.극동아파트,,37.60347553,126.9495051,bus,bus,bus_station_seoul_cleaned.csv
홍은동국민주택,,37.60564644,126.9499657,bus,bus,bus_station_seoul_cleaned.csv
홍제역3번출구,,37.5884322,126.9442328,bus,bus,bus_station_seoul_cleaned.csv
홍제우체국,,37.5867611,126.9463326,bus,bus,bus_station_seoul_cleaned.csv
홍제2동주민센터,,37.58618551,126.9496492,bus,bus,bus_station_seoul_cleaned.csv
인왕산현대아파트입구,,37.58544775,126.9479674,bus,bus,bus_station_seoul_cleaned.csv
삼호아파트.천연동주민센터,,37.57050696,126.9600087,bus,bus,bus_station_seoul_cleaned.csv
홍제역1번출구,,37.58903494,126.9440478,bus,bus,bus_station_seoul_cleaned.csv
유진상가.인왕시장,,37.59078846,126.9421882,bus,bus,bus_station_seoul_cleaned.csv
연희브라운스톤,,37.56604971,126.930131,bus,bus,bus_station_seoul_cleaned.csv
신촌기차역,,37.55872575,126.9426327,bus,bus,bus_station_seoul_cleaned.csv
인왕산현대아파트입구,,37.58518131,126.9487531,bus,bus,bus_station_seoul_cleaned.csv
인왕산현대아파트117동,,37.58630673,126.951021,bus,bus,bus_station_seoul_cleaned.csv
북아현로입구,,37.55817959,126.9564549,bus,bus,bus_station_seoul_cleaned.csv
인왕산현대아파트117동,,37.58641587,126.9510203,bus,bus,bus_station_seoul_cleaned.csv
이대전철역,,37.55697448,126.9468188,bus,bus,bus_station_seoul_cleaned.csv
유진상가,,37.59065666,126.9419374,bus,bus,bus_station_seoul_cleaned.csv
인왕산현대아파트101동,,37.58612277,126.9504374,bus,bus,bus_station_seoul_cleaned.csv
홍은2동주민센터,,37.58019555,126.934161,bus,bus,bus_station_seoul_cleaned.csv
뜨란채아파트101동,,37.56590986,126.9585131,bus,bus,bus_station_seoul_cleaned.csv
뜨란채아파트101동,,37.5657892,126.9586262,bus,bus,bus_station_seoul_cleaned.csv
홍지문35통,,37.59679404,126.9561381,bus,bus,bus_station_seoul_cleaned.csv
옥천교앞,,37.59636089,126.9543662,bus,bus,bus_station_seoul_cleaned.csv
대명빌라,,37.57292701,126.9270219,bus,bus,bus_station_seoul_cleaned.csv
인왕시장,,37.591139,126.9429124,bus,bus,bus_station_seoul_cleaned.csv
창덕에버빌,,37.56939438,126.9174275,bus,bus,bus_station_seoul_cleaned.csv
영천동,,37.57013705,126.9605988,bus,bus,bus_station_seoul_cleaned.csv
독립문,,37.57148166,126.9593725,bus,bus,bus_station_seoul_cleaned.csv
영천동,,37.57006278,126.960382,bus,bus,bus_station_seoul_cleaned.csv
동원베네스트아파트입구,,37.59825788,126.9447653,bus,bus,bus_station_seoul_cleaned.csv
홍은유원아파트입구,,37.59723094,126.9451708,bus,bus,bus_station_seoul_cleaned.csv
동원베네스트주차장.두산위브입구,,37.59911567,126.9442149,bus,bus,bus_station_seoul_cleaned.csv
홍은사회복지관별관,,37.59412806,126.9474377,bus,bus,bus_station_seoul_cleaned.csv
서강아파트1차정문앞,,37.5949184,126.9340654,bus,bus,bus_station_seoul_cleaned.csv
연희상가아파트,,37.57312243,126.9280444,bus,bus,bus_station_seoul_cleaned.csv
봉원사입구,,37.56673064,126.946427,bus,bus,bus_station_seoul_cleaned.csv
증산역(증산2교),,37.58370698,126.9113531,bus,bus,bus_station_seoul_cleaned.csv
행운부동산앞,,37.58098921,126.9165784,bus,bus,bus_station_seoul_cleaned.csv
은가경로당앞,,37.5810401,126.917958,bus,bus,bus_station_seoul_cleaned.csv
우리동네키움센터.삼성유치원,,37.58151052,126.9185042,bus,bus,bus_station_seoul_cleaned.csv
두란노어린이집앞,,37.58158154,126.9207841,bus,bus,bus_station_seoul_cleaned.csv
은혜감사어린이집,,37.58204551,126.9224798,bus,bus,bus_station_seoul_cleaned.csv
백련어린이공원(공영주차장),,37.58266105,126.9236989,bus,bus,bus_station_seoul_cleaned.csv
상록운수,,37.58402827,126.923358,bus,bus,bus_station_seoul_cleaned.csv
명지대학교교회,,37.58258121,126.9253634,bus,bus,bus_station_seoul_cleaned.csv
명지대후문(세븐일레븐),,37.58146816,126.9248522,bus,bus,bus_station_seoul_cleaned.csv
백련어린이공원,,37.58225598,126.9239938,bus,bus,bus_station_seoul_cleaned.csv
은혜감사어린이집앞,,37.58208823,126.9223609,bus,bus,bus_station_seoul_cleaned.csv
두란노어린이집,,37.58174238,126.9205272,bus,bus,bus_station_seoul_cleaned.csv
우리동네키움센터.삼성유치원,,37.58173993,126.9184796,bus,bus,bus_station_seoul_cleaned.csv
행운부동산앞,,37.58082664,126.9165576,bus,bus,bus_station_seoul_cleaned.csv
북가좌사거리,,37.58153492,126.9137828,bus,bus,bus_station_seoul_cleaned.csv
북가좌오거리,,37.581156,126.912496,bus,bus,bus_station_seoul_cleaned.csv
북가좌파출소,,37.58136598,126.9111738,bus,bus,bus_station_seoul_cleaned.csv
해담는다리앞,,37.58222764,126.9093836,bus,bus,bus_station_seoul_cleaned.csv
이마트24앞,,37.58193448,126.921478,bus,bus,bus_station_seoul_cleaned.csv
증산2교,,37.58390692,126.9109326,bus,bus,bus_station_seoul_cleaned.csv
홍제천입구,,37.57883525,126.9321466,bus,bus,bus_station_seoul_cleaned.csv
마포역,,37.54094251,126.9479645,bus,bus,bus_station_seoul_cleaned.csv
마포역,,37.54027718,126.9467854,bus,bus,bus_station_seoul_cleaned.csv
공덕역,,37.54360491,126.9509046,bus,bus,bus_station_seoul_cleaned.csv
공덕역,,37.54450168,126.9513544,bus,bus,bus_station_seoul_cleaned.csv
아현동주민센터,,37.54636488,126.9529071,bus,bus,bus_station_seoul_cleaned.csv
아현동주민센터,,37.54707778,126.9532416,bus,bus,bus_station_seoul_cleaned.csv
마포경찰서,,37.55019993,126.9552123,bus,bus,bus_station_seoul_cleaned.csv
마포경찰서,,37.55077036,126.9553048,bus,bus,bus_station_seoul_cleaned.csv
아현초등학교,,37.55407804,126.9571002,bus,bus,bus_station_seoul_cleaned.csv
아현초등학교,,37.55489813,126.9573351,bus,bus,bus_station_seoul_cleaned.csv
합정역,,37.54899938,126.9129885,bus,bus,bus_station_seoul_cleaned.csv
합정역,,37.54953229,126.913856,bus,bus,bus_station_seoul_cleaned.csv
서교동,,37.55363674,126.9195816,bus,bus,bus_station_seoul_cleaned.csv
서교동,,37.55414907,126.9200472,bus,bus,bus_station_seoul_cleaned.csv
홍대입구역,,37.55664034,126.9234653,bus,bus,bus_station_seoul_cleaned.csv
홍대입구역,,37.55732564,126.9243163,bus,bus,bus_station_seoul_cleaned.csv
동교동삼거리,,37.5580671,126.9285427,bus,bus,bus_station_seoul_cleaned.csv
신촌오거리.현대백화점,,37.55539665,126.9358931,bus,bus,bus_station_seoul_cleaned.csv
신촌오거리.2호선신촌역,,37.55610712,126.9401534,bus,bus,bus_station_seoul_cleaned.csv
이대역,,37.55665435,126.9444961,bus,bus,bus_station_seoul_cleaned.csv
웨딩타운,,37.557092,126.951517,bus,bus,bus_station_seoul_cleaned.csv
아현역,,37.557294,126.9549417,bus,bus,bus_station_seoul_cleaned.csv
아현동가구단지,,37.55796729,126.9606653,bus,bus,bus_station_seoul_cleaned.csv
마포구청.성산자동차검사소,,37.56495385,126.9024231,bus,bus,bus_station_seoul_cleaned.csv
마포구청,,37.5649024,126.9018904,bus,bus,bus_station_seoul_cleaned.csv
마포농수산물시장.월드컵공원,,37.56610673,126.8974543,bus,bus,bus_station_seoul_cleaned.csv
월드컵경기장남측.월드컵공원,,37.56666799,126.8963262,bus,bus,bus_station_seoul_cleaned.csv
월드컵경기장서측.문화비축기지,,37.5692365,126.8954678,bus,bus,bus_station_seoul_cleaned.csv
월드컵경기장서측.문화비축기지,,37.568726,126.894294,bus,bus,bus_station_seoul_cleaned.csv
월드컵파크3단지.난지천공원,,37.57335473,126.887957,bus,bus,bus_station_seoul_cleaned.csv
월드컵파크3단지.난지천공원,,37.57231907,126.8884623,bus,bus,bus_station_seoul_cleaned.csv
서부면허시험장,,37.57788262,126.8804372,bus,bus,bus_station_seoul_cleaned.csv
서부면허시험장,,37.57756103,126.8803981,bus,bus,bus_station_seoul_cleaned.csv
DMC첨단산업센터,,37.5853443,126.8851879,bus,bus,bus_station_seoul_cleaned.csv
DMC첨단산업센터,,37.585598,126.884787,bus,bus,bus_station_seoul_cleaned.csv
월드컵공원입구.문화비축기지입구,,37.568523,126.892748,bus,bus,bus_station_seoul_cleaned.csv
월드컵파크3단지정문,,37.573822,126.889228,bus,bus,bus_station_seoul_cleaned.csv
월드컵파크2단지.에스플렉스센터,,37.575267,126.890647,bus,bus,bus_station_seoul_cleaned.csv
월드컵파크2단지.에스플렉스센터,,37.5753385,126.890291,bus,bus,bus_station_seoul_cleaned.csv
합정역7번출구,,37.5485905,126.9143006,bus,bus,bus_station_seoul_cleaned.csv
합정역6번출구,,37.54879709,126.9146252,bus,bus,bus_station_seoul_cleaned.csv
성산중학교,,37.54818909,126.9175062,bus,bus,bus_station_seoul_cleaned.csv
성산중학교,,37.54793674,126.9174453,bus,bus,bus_station_seoul_cleaned.csv
상수역,,37.54768294,126.921647,bus,bus,bus_station_seoul_cleaned.csv
상수역,,37.54787377,126.9215638,bus,bus,bus_station_seoul_cleaned.csv
서강초등학교,,37.54780277,126.925367,bus,bus,bus_station_seoul_cleaned.csv
서강초등학교,,37.54749109,126.9261941,bus,bus,bus_station_seoul_cleaned.csv
광흥창역,,37.54760906,126.930541,bus,bus,bus_station_seoul_cleaned.csv
광흥창역,,37.54735228,126.9305842,bus,bus,bus_station_seoul_cleaned.csv
광흥창역4번출구,,37.54731232,126.9339394,bus,bus,bus_station_seoul_cleaned.csv
마포세무서,,37.5469713,126.9390917,bus,bus,bus_station_seoul_cleaned.csv
중앙잔디광장,,37.56647606,126.8792489,bus,bus,bus_station_seoul_cleaned.csv
마포역,,37.53970901,126.9457368,bus,bus,bus_station_seoul_cleaned.csv
노을공원입구(난지미술창작스튜디오),,37.56940636,126.8806949,bus,bus,bus_station_seoul_cleaned.csv
공덕역10번출구,,37.54194018,126.9528746,bus,bus,bus_station_seoul_cleaned.csv
공덕역10번출구,,37.54172328,126.9528902,bus,bus,bus_station_seoul_cleaned.csv
난지천공원다목적구장,,37.57355984,126.88344,bus,bus,bus_station_seoul_cleaned.csv
난지천공원,,37.5741661,126.8860993,bus,bus,bus_station_seoul_cleaned.csv
월드컵경기장역,,37.56952624,126.9001971,bus,bus,bus_station_seoul_cleaned.csv
마포구청.농수산물시장,,37.56629891,126.8995834,bus,bus,bus_station_seoul_cleaned.csv
난지천공원다목적구장,,37.57385701,126.8832783,bus,bus,bus_station_seoul_cleaned.csv
공덕역.공덕시장,,37.54441349,126.9530315,bus,bus,bus_station_seoul_cleaned.csv
공덕시장,,37.54435185,126.9541479,bus,bus,bus_station_seoul_cleaned.csv
신덕성결교회,,37.54594101,126.9566906,bus,bus,bus_station_seoul_cleaned.csv
신덕성결교회,,37.54589233,126.9561622,bus,bus,bus_station_seoul_cleaned.csv
한겨레신문사,,37.54814675,126.9588159,bus,bus,bus_station_seoul_cleaned.csv
한겨레신문사,,37.54799718,126.9589872,bus,bus,bus_station_seoul_cleaned.csv
노을공원입구(난지미술창작스튜디오),,37.5695835,126.8804862,bus,bus,bus_station_seoul_cleaned.csv
공덕역6번출구,,37.54307327,126.9531626,bus,bus,bus_station_seoul_cleaned.csv
공덕역7번출구,,37.54275126,126.9533324,bus,bus,bus_station_seoul_cleaned.csv
용마루고개.신공덕삼성아파트,,37.541871,126.955885,bus,bus,bus_station_seoul_cleaned.csv
서울대동창회관,,37.54244496,126.9507441,bus,bus,bus_station_seoul_cleaned.csv
공덕역8번출구,,37.5434939,126.9516318,bus,bus,bus_station_seoul_cleaned.csv
도화동현대아파트,,37.54033222,126.9557015,bus,bus,bus_station_seoul_cleaned.csv
도화동현대아파트,,37.54054292,126.9558325,bus,bus,bus_station_seoul_cleaned.csv
중동초등학교,,37.56687261,126.9104195,bus,bus,bus_station_seoul_cleaned.csv
중동초등학교,,37.56662202,126.9103077,bus,bus,bus_station_seoul_cleaned.csv
성산2동주민센터,,37.56779282,126.9083263,bus,bus,bus_station_seoul_cleaned.csv
성산2동주민센터,,37.56800376,126.908437,bus,bus,bus_station_seoul_cleaned.csv
성산119안전센터,,37.56986178,126.9038567,bus,bus,bus_station_seoul_cleaned.csv
성산119안전센터,,37.56971283,126.9037126,bus,bus,bus_station_seoul_cleaned.csv
성산아파트,,37.57159714,126.9014985,bus,bus,bus_station_seoul_cleaned.csv
성산아파트,,37.57146114,126.9014134,bus,bus,bus_station_seoul_cleaned.csv
DMC상암센트럴파크,,37.57518439,126.8960398,bus,bus,bus_station_seoul_cleaned.csv
DMC상암센트럴파크,,37.57515462,126.8954852,bus,bus,bus_station_seoul_cleaned.csv
상암초등학교,,37.57639171,126.8934222,bus,bus,bus_station_seoul_cleaned.csv
상암초등학교,,37.57654958,126.8937201,bus,bus,bus_station_seoul_cleaned.csv
신촌로터리,,37.55380945,126.9368825,bus,bus,bus_station_seoul_cleaned.csv
신촌로터리,,37.55352401,126.9372676,bus,bus,bus_station_seoul_cleaned.csv
서강대학교,,37.5511,126.93797,bus,bus,bus_station_seoul_cleaned.csv
서강대학교,,37.55182728,126.9373154,bus,bus,bus_station_seoul_cleaned.csv
광성중고등학교,,37.54935481,126.9386715,bus,bus,bus_station_seoul_cleaned.csv
광성중고등학교,,37.548952,126.93986,bus,bus,bus_station_seoul_cleaned.csv
대흥역,,37.54810675,126.9409887,bus,bus,bus_station_seoul_cleaned.csv
대흥역,,37.54767506,126.9427204,bus,bus,bus_station_seoul_cleaned.csv
용강초등학교,,37.54697711,126.9435145,bus,bus,bus_station_seoul_cleaned.csv
동도중학교.서울디자인고등학교,,37.54647789,126.9454015,bus,bus,bus_station_seoul_cleaned.csv
동도중학교.서울디자인고등학교,,37.54564065,126.9467667,bus,bus,bus_station_seoul_cleaned.csv
공덕역2번출구,,37.5451999,126.9483406,bus,bus,bus_station_seoul_cleaned.csv
공덕역1번출구,,37.54443234,126.9493208,bus,bus,bus_station_seoul_cleaned.csv
서서울농협홍대역점,,37.556592,126.91971,bus,bus,bus_station_seoul_cleaned.csv
동교로사거리,,37.55584624,126.9209476,bus,bus,bus_station_seoul_cleaned.csv
성산동,,37.56476894,126.9069033,bus,bus,bus_station_seoul_cleaned.csv
성산2교,,37.5645228,126.9122332,bus,bus,bus_station_seoul_cleaned.csv
성산2교,,37.56386324,126.9132055,bus,bus,bus_station_seoul_cleaned.csv
성미약수터,,37.56179661,126.915105,bus,bus,bus_station_seoul_cleaned.csv
성미약수터,,37.56246357,126.9140662,bus,bus,bus_station_seoul_cleaned.csv
경성중고.홍대부속여중고입구,,37.56055181,126.9158071,bus,bus,bus_station_seoul_cleaned.csv
경성중고.홍대부속여중고입구,,37.55965129,126.916614,bus,bus,bus_station_seoul_cleaned.csv
경성중고.홍대부속여중고입구,,37.55940936,126.917281,bus,bus,bus_station_seoul_cleaned.csv
아만티호텔서울,,37.55722773,126.9193196,bus,bus,bus_station_seoul_cleaned.csv
아만티호텔서울,,37.55787904,126.9182029,bus,bus,bus_station_seoul_cleaned.csv
마포구청역,,37.56272775,126.9026626,bus,bus,bus_station_seoul_cleaned.csv
마포구청역,,37.56245882,126.9024722,bus,bus,bus_station_seoul_cleaned.csv
마포중앙도서관,,37.56367628,126.9067285,bus,bus,bus_station_seoul_cleaned.csv
마포중앙도서관,,37.564253,126.907457,bus,bus,bus_station_seoul_cleaned.csv
성산2교,,37.56566824,126.9135549,bus,bus,bus_station_seoul_cleaned.csv
성산2교,,37.56569295,126.9126441,bus,bus,bus_station_seoul_cleaned.csv
광흥창역.서강동주민센터,,37.54827848,126.9319143,bus,bus,bus_station_seoul_cleaned.csv
광흥창역.서강동주민센터,,37.54825468,126.9314122,bus,bus,bus_station_seoul_cleaned.csv
창전현대홈타운,,37.5508818,126.9326546,bus,bus,bus_station_seoul_cleaned.csv
창전현대홈타운,,37.5507125,126.9321995,bus,bus,bus_station_seoul_cleaned.csv
신촌로터리,,37.55388996,126.9345617,bus,bus,bus_station_seoul_cleaned.csv
신촌로터리,,37.5540512,126.9356826,bus,bus,bus_station_seoul_cleaned.csv
이대역6번출구,,37.55648966,126.9447875,bus,bus,bus_station_seoul_cleaned.csv
이화여대입구,,37.5559161,126.9457319,bus,bus,bus_station_seoul_cleaned.csv
이대역5번출구,,37.55579909,126.9460206,bus,bus,bus_station_seoul_cleaned.csv
대흥교회,,37.55404995,126.9457581,bus,bus,bus_station_seoul_cleaned.csv
대흥교회,,37.55378877,126.9460582,bus,bus,bus_station_seoul_cleaned.csv
서강대후문.마포아트센터,,37.55049519,126.9439465,bus,bus,bus_station_seoul_cleaned.csv
마포자이2차아파트.대흥역,,37.548758,126.942535,bus,bus,bus_station_seoul_cleaned.csv
굴레방다리.아현역,,37.55715181,126.9574606,bus,bus,bus_station_seoul_cleaned.csv
양화진성지공원입구,,37.54865754,126.9122481,bus,bus,bus_station_seoul_cleaned.csv
홍대입구,,37.55459448,126.9203755,bus,bus,bus_station_seoul_cleaned.csv
홀트아동복지회,,37.54901065,126.9121781,bus,bus,bus_station_seoul_cleaned.csv
합정역2번출구,,37.55106044,126.9156095,bus,bus,bus_station_seoul_cleaned.csv
합정역4번출구,,37.5502177,126.9153072,bus,bus,bus_station_seoul_cleaned.csv
홍대입구역1번출구,,37.55656123,126.9230438,bus,bus,bus_station_seoul_cleaned.csv
홍대입구역,,37.55665183,126.9238133,bus,bus,bus_station_seoul_cleaned.csv
연남동,,37.56252217,126.927541,bus,bus,bus_station_seoul_cleaned.csv
신촌역8번출구,,37.55563752,126.934761,bus,bus,bus_station_seoul_cleaned.csv
극동방송,,37.5494238,126.9231512,bus,bus,bus_station_seoul_cleaned.csv
극동방송,,37.54942905,126.9229225,bus,bus,bus_station_seoul_cleaned.csv
홍익대학교,,37.55219058,126.9238048,bus,bus,bus_station_seoul_cleaned.csv
홍익대학교,,37.55307059,126.9246414,bus,bus,bus_station_seoul_cleaned.csv
산울림소극장,,37.55437031,126.9298078,bus,bus,bus_station_seoul_cleaned.csv
산울림소극장,,37.55495817,126.9301572,bus,bus,bus_station_seoul_cleaned.csv
신수중학교,,37.54524221,126.9326481,bus,bus,bus_station_seoul_cleaned.csv
신수중학교,,37.545436,126.9327521,bus,bus,bus_station_seoul_cleaned.csv
래미안웰스트림아파트,,37.54423137,126.9362365,bus,bus,bus_station_seoul_cleaned.csv
한국출판콘텐츠센터,,37.5446548,126.935409,bus,bus,bus_station_seoul_cleaned.csv
용강동주민센터,,37.54191773,126.9404187,bus,bus,bus_station_seoul_cleaned.csv
용강동주민센터,,37.54170996,126.9411794,bus,bus,bus_station_seoul_cleaned.csv
용강동입구,,37.53963255,126.9441051,bus,bus,bus_station_seoul_cleaned.csv
메세나폴리스,,37.55094775,126.9129325,bus,bus,bus_station_seoul_cleaned.csv
마포한강푸르지오,,37.550787,126.912592,bus,bus,bus_station_seoul_cleaned.csv
성산초등학교입구,,37.55313023,126.9118677,bus,bus,bus_station_seoul_cleaned.csv
성산초등학교입구,,37.553218,126.912262,bus,bus,bus_station_seoul_cleaned.csv
기업은행서교동지점(최규하대통령가옥),,37.55479154,126.9114639,bus,bus,bus_station_seoul_cleaned.csv
기업은행서교동지점(최규하대통령가옥),,37.55486951,126.9108956,bus,bus,bus_station_seoul_cleaned.csv
망원시장.망원동월드컵시장입구,,37.55733717,126.9087602,bus,bus,bus_station_seoul_cleaned.csv
망원시장.망원동월드컵시장입구,,37.55759113,126.9089433,bus,bus,bus_station_seoul_cleaned.csv
망원동방울내길입구,,37.56042755,126.9063647,bus,bus,bus_station_seoul_cleaned.csv
망원동방울내길입구,,37.56059465,126.9057249,bus,bus,bus_station_seoul_cleaned.csv
성서초등학교,,37.55880324,126.9114976,bus,bus,bus_station_seoul_cleaned.csv
성서초등학교,,37.55851374,126.9111731,bus,bus,bus_station_seoul_cleaned.csv
합정한강아파트,,37.55109381,126.9072377,bus,bus,bus_station_seoul_cleaned.csv
미원아파트입구,,37.55912293,126.9032162,bus,bus,bus_station_seoul_cleaned.csv
미원아파트입구,,37.55916537,126.9033226,bus,bus,bus_station_seoul_cleaned.csv
망원2동주민센터,,37.56000591,126.9030951,bus,bus,bus_station_seoul_cleaned.csv
망원2동주민센터,,37.56008056,126.9029286,bus,bus,bus_station_seoul_cleaned.csv
청기와빌라,,37.56078228,126.9043928,bus,bus,bus_station_seoul_cleaned.csv
청기와빌라,,37.56076057,126.9047513,bus,bus,bus_station_seoul_cleaned.csv
망원정입구,,37.55259394,126.9069936,bus,bus,bus_station_seoul_cleaned.csv
성산초등학교,,37.55359386,126.9100992,bus,bus,bus_station_seoul_cleaned.csv
서서울농협,,37.55355312,126.9060628,bus,bus,bus_station_seoul_cleaned.csv
서서울농협,,37.55340865,126.9060056,bus,bus,bus_station_seoul_cleaned.csv
망원1동주민센터,,37.55562355,126.9048936,bus,bus,bus_station_seoul_cleaned.csv
망원1동주민센터,,37.5554408,126.9051055,bus,bus,bus_station_seoul_cleaned.csv
동교초등학교,,37.55794625,126.9042154,bus,bus,bus_station_seoul_cleaned.csv
동교초등학교,,37.55789095,126.9040871,bus,bus,bus_station_seoul_cleaned.csv
월드컵파크7단지,,37.58114971,126.8784199,bus,bus,bus_station_seoul_cleaned.csv
월드컵파크7단지,,37.581876,126.878963,bus,bus,bus_station_seoul_cleaned.csv
월드컵경기장북측,,37.57285546,126.8994696,bus,bus,bus_station_seoul_cleaned.csv
월드컵경기장북측,,37.573967,126.898104,bus,bus,bus_station_seoul_cleaned.csv
경성중고.홍대부속여중고입구,,37.5597317,126.9156529,bus,bus,bus_station_seoul_cleaned.csv
한강버스망원선착장,,37.555741,126.897648,bus,bus,bus_station_seoul_cleaned.csv
삼진제약,,37.55335376,126.9267223,bus,bus,bus_station_seoul_cleaned.csv
홍대입구역사거리,,37.55473841,126.9222054,bus,bus,bus_station_seoul_cleaned.csv
상암DMC홍보관.YTN,,37.577985,126.891323,bus,bus,bus_station_seoul_cleaned.csv
상암DMC홍보관.YTN,,37.57746059,126.8912876,bus,bus,bus_station_seoul_cleaned.csv
월드컵파크5단지.상암중고등학교입구,,37.580921,126.886335,bus,bus,bus_station_seoul_cleaned.csv
월드컵파크5단지,,37.58033328,126.8865178,bus,bus,bus_station_seoul_cleaned.csv
구룡근린공원,,37.58343101,126.8826124,bus,bus,bus_station_seoul_cleaned.csv
상암고등학교,,37.58192392,126.8841995,bus,bus,bus_station_seoul_cleaned.csv
월드컵파크3단지후문,,37.571242,126.889762,bus,bus,bus_station_seoul_cleaned.csv
서강대후문.마포아트센터,,37.54982788,126.9437706,bus,bus,bus_station_seoul_cleaned.csv
월드컵파크4단지후문.JTBC,,37.57736148,126.8898954,bus,bus,bus_station_seoul_cleaned.csv
디지털미디어시티역2번출구,,37.57520782,126.8996741,bus,bus,bus_station_seoul_cleaned.csv
월드컵파크4단지후문.JTBC,,37.57785707,126.8899456,bus,bus,bus_station_seoul_cleaned.csv
누리꿈스퀘어.MBC,,37.578988,126.889637,bus,bus,bus_station_seoul_cleaned.csv
월드메르디앙아파트,,37.54507349,126.9234284,bus,bus,bus_station_seoul_cleaned.csv
월드메르디앙아파트,,37.54480912,126.924291,bus,bus,bus_station_seoul_cleaned.csv
한강밤섬자이아파트,,37.54573584,126.9277927,bus,bus,bus_station_seoul_cleaned.csv
한강밤섬자이아파트,,37.54554928,126.9277295,bus,bus,bus_station_seoul_cleaned.csv
서강해모로아파트,,37.54568641,126.9294971,bus,bus,bus_station_seoul_cleaned.csv
서강해모로아파트,,37.54549455,126.9296149,bus,bus,bus_station_seoul_cleaned.csv
서교동주민센터.마포신문사,,37.55489152,126.9163533,bus,bus,bus_station_seoul_cleaned.csv
동교로사거리,,37.55564455,126.9198284,bus,bus,bus_station_seoul_cleaned.csv
월드컵경기장북측,,37.57375802,126.8979917,bus,bus,bus_station_seoul_cleaned.csv
강변한신코아,,37.53744031,126.9439785,bus,bus,bus_station_seoul_cleaned.csv
난지한강공원,,37.56800892,126.8781937,bus,bus,bus_station_seoul_cleaned.csv
난지한강공원,,37.56876425,126.8750873,bus,bus,bus_station_seoul_cleaned.csv
월드컵공원입구.문화비축기지입구,,37.568177,126.892749,bus,bus,bus_station_seoul_cleaned.csv
디지털미디어시티역,,37.57507808,126.9007549,bus,bus,bus_station_seoul_cleaned.csv
월드컵파크9.10.11.12단지,,37.58533,126.878833,bus,bus,bus_station_seoul_cleaned.csv
월드컵파크9.10.11.12단지,,37.58439531,126.8799672,bus,bus,bus_station_seoul_cleaned.csv
용마루고개.브라운스톤공덕아파트,,37.54113305,126.9568298,bus,bus,bus_station_seoul_cleaned.csv
하늘초등학교,,37.585322,126.879658,bus,bus,bus_station_seoul_cleaned.csv
월드컵파크10단지,,37.58620545,126.8813484,bus,bus,bus_station_seoul_cleaned.csv
월드컵파크11.12단지,,37.58627043,126.8808993,bus,bus,bus_station_seoul_cleaned.csv
수색교,,37.58721493,126.883982,bus,bus,bus_station_seoul_cleaned.csv
수색교,,37.58708175,126.8839599,bus,bus,bus_station_seoul_cleaned.csv
가좌역1번출구,,37.56831592,126.9149413,bus,bus,bus_station_seoul_cleaned.csv
가좌역,,37.5678974,126.9153689,bus,bus,bus_station_seoul_cleaned.csv
디지털미디어시티역3번출구A,,37.57552634,126.9007798,bus,bus,bus_station_seoul_cleaned.csv
청구아파트.참누리아파트,,37.57423215,126.9028582,bus,bus,bus_station_seoul_cleaned.csv
청구아파트.참누리아파트,,37.57383317,126.9031032,bus,bus,bus_station_seoul_cleaned.csv
중동현대아파트,,37.57168561,126.9072676,bus,bus,bus_station_seoul_cleaned.csv
중동현대아파트,,37.57146364,126.9072884,bus,bus,bus_station_seoul_cleaned.csv
가좌행복주택.건영월드컵아파트,,37.56945135,126.9121016,bus,bus,bus_station_seoul_cleaned.csv
가좌행복주택.건영월드컵아파트,,37.56930489,126.9120367,bus,bus,bus_station_seoul_cleaned.csv
월드컵아이파크,,37.56673371,126.9136074,bus,bus,bus_station_seoul_cleaned.csv
월드컵아이파크,,37.56647135,126.9136847,bus,bus,bus_station_seoul_cleaned.csv
DMC첨단산업센터,,37.58405944,126.8865456,bus,bus,bus_station_seoul_cleaned.csv
DMC첨단산업센터,,37.58361875,126.8866227,bus,bus,bus_station_seoul_cleaned.csv
SBS.YTN,,37.57982979,126.8943777,bus,bus,bus_station_seoul_cleaned.csv
SBS.YTN,,37.57983167,126.8939588,bus,bus,bus_station_seoul_cleaned.csv
공항철도디지털미디어시티역,,37.57669838,126.8990065,bus,bus,bus_station_seoul_cleaned.csv
공항철도디지털미디어시티역,,37.57696348,126.8981968,bus,bus,bus_station_seoul_cleaned.csv
디지털미디어시티역3번출구,,37.57535524,126.9005842,bus,bus,bus_station_seoul_cleaned.csv
상암동주민센터앞,,37.5784614,126.8939275,bus,bus,bus_station_seoul_cleaned.csv
MBC,,37.58208346,126.8907318,bus,bus,bus_station_seoul_cleaned.csv
MBC,,37.58182673,126.890786,bus,bus,bus_station_seoul_cleaned.csv
난지천공원.박정희대통령기념관,,37.57441276,126.8861729,bus,bus,bus_station_seoul_cleaned.csv
공덕시장,,37.54438686,126.9541673,bus,bus,bus_station_seoul_cleaned.csv
마포16번종점,,37.5608656,126.8988594,bus,bus,bus_station_seoul_cleaned.csv
서부면허시험장.월드컵파크8단지,,37.57853201,126.8821106,bus,bus,bus_station_seoul_cleaned.csv
창전중앙하이츠아파트,,37.5499192,126.9275263,bus,bus,bus_station_seoul_cleaned.csv
망원유수지.마포구민체육센터,,37.55649687,126.8985925,bus,bus,bus_station_seoul_cleaned.csv
양화진성지,,37.54564037,126.9119308,bus,bus,bus_station_seoul_cleaned.csv
홍대입구역,,37.55732547,126.9236679,bus,bus,bus_station_seoul_cleaned.csv
홍대입구역,,37.55772827,126.9234387,bus,bus,bus_station_seoul_cleaned.csv
아현전철역,,37.55713682,126.9562462,bus,bus,bus_station_seoul_cleaned.csv
샛별문방구.마포전철역,,37.5398243,126.9476288,bus,bus,bus_station_seoul_cleaned.csv
청암대,,37.53574152,126.9477362,bus,bus,bus_station_seoul_cleaned.csv
한겨레신문사,,37.5471556,126.9589794,bus,bus,bus_station_seoul_cleaned.csv
동원데자뷰아파트,,37.56033787,126.8992212,bus,bus,bus_station_seoul_cleaned.csv
창전삼성아파트109동,,37.55024461,126.9302782,bus,bus,bus_station_seoul_cleaned.csv
홍대후문,,37.55120613,126.9273675,bus,bus,bus_station_seoul_cleaned.csv
신촌수정탕,,37.54979815,126.9375706,bus,bus,bus_station_seoul_cleaned.csv
태양빌딩,,37.55611,126.899382,bus,bus,bus_station_seoul_cleaned.csv
난지천공원.박정희대통령기념관,,37.57408838,126.8860527,bus,bus,bus_station_seoul_cleaned.csv
다운교회,,37.54562502,126.9128255,bus,bus,bus_station_seoul_cleaned.csv
동교로사거리,,37.55579133,126.9210303,bus,bus,bus_station_seoul_cleaned.csv
코오롱아파트106동앞,,37.56090911,126.9231009,bus,bus,bus_station_seoul_cleaned.csv
가든호텔.삼성프라자,,37.54074484,126.9492093,bus,bus,bus_station_seoul_cleaned.csv
우성아파트3동,,37.53616489,126.9475069,bus,bus,bus_station_seoul_cleaned.csv
대상아파트,,37.55974261,126.899642,bus,bus,bus_station_seoul_cleaned.csv
디지털미디어시티역9번출구,,37.57777729,126.8969822,bus,bus,bus_station_seoul_cleaned.csv
창전삼성아파트107동,,37.55073162,126.9309953,bus,bus,bus_station_seoul_cleaned.csv
서강유치원,,37.55191207,126.927995,bus,bus,bus_station_seoul_cleaned.csv
삼익아파트입구.신촌숲아이파크,,37.54990702,126.9356035,bus,bus,bus_station_seoul_cleaned.csv
용약국,,37.5544791,126.9368473,bus,bus,bus_station_seoul_cleaned.csv
월드컵파크3단지,,37.57262531,126.8883543,bus,bus,bus_station_seoul_cleaned.csv
한이맨션,,37.54551586,126.9141581,bus,bus,bus_station_seoul_cleaned.csv
코오롱아파트104동앞,,37.56229335,126.9219754,bus,bus,bus_station_seoul_cleaned.csv
돼지슈퍼,,37.556961,126.961677,bus,bus,bus_station_seoul_cleaned.csv
형제식당,,37.557353,126.961069,bus,bus,bus_station_seoul_cleaned.csv
하나님의교회,,37.54621801,126.9598793,bus,bus,bus_station_seoul_cleaned.csv
신부파스카아파트,,37.55875742,126.9003564,bus,bus,bus_station_seoul_cleaned.csv
창전삼성아파트104동,,37.55107709,126.9315847,bus,bus,bus_station_seoul_cleaned.csv
육완순무용원,,37.55273544,126.9290988,bus,bus,bus_station_seoul_cleaned.csv
신수경남아파트,,37.55001045,126.9336172,bus,bus,bus_station_seoul_cleaned.csv
성원아파트,,37.556576,126.901603,bus,bus,bus_station_seoul_cleaned.csv
서일빌딩,,37.54541625,126.9159826,bus,bus,bus_station_seoul_cleaned.csv
청원빌딩,,37.55841517,126.918165,bus,bus,bus_station_seoul_cleaned.csv
코오롱아파트사거리,,37.56303456,126.9213939,bus,bus,bus_station_seoul_cleaned.csv
신일약국,,37.55601006,126.9625988,bus,bus,bus_station_seoul_cleaned.csv
아현실버복지관,,37.55764126,126.9602156,bus,bus,bus_station_seoul_cleaned.csv
S마트,,37.547055,126.943554,bus,bus,bus_station_seoul_cleaned.csv
동교초등학교,,37.55722737,126.9014439,bus,bus,bus_station_seoul_cleaned.csv
창전삼성아파트입구,,37.55162993,126.9324081,bus,bus,bus_station_seoul_cleaned.csv
와우공원입구,,37.55318113,126.9300208,bus,bus,bus_station_seoul_cleaned.csv
마포소방서,,37.5490809,126.9326945,bus,bus,bus_station_seoul_cleaned.csv
광흥창역.서강동주민센터,,37.54830043,126.9326343,bus,bus,bus_station_seoul_cleaned.csv
대흥역,,37.54807164,126.9410725,bus,bus,bus_station_seoul_cleaned.csv
동교초등학교,,37.55681141,126.9029521,bus,bus,bus_station_seoul_cleaned.csv
마포농수산물시장.월드컵경기장,,37.56606894,126.8972676,bus,bus,bus_station_seoul_cleaned.csv
마포새빛문화숲,,37.54528965,126.9179054,bus,bus,bus_station_seoul_cleaned.csv
경성고교입구,,37.56011118,126.9166359,bus,bus,bus_station_seoul_cleaned.csv
대룡빌딩,,37.56368213,126.9222717,bus,bus,bus_station_seoul_cleaned.csv
공덕역입구,,37.54203638,126.9515801,bus,bus,bus_station_seoul_cleaned.csv
성원아파트,,37.556736,126.901586,bus,bus,bus_station_seoul_cleaned.csv
한강공원입구,,37.556266,126.899256,bus,bus,bus_station_seoul_cleaned.csv
금호태영아파트,,37.55372008,126.9317249,bus,bus,bus_station_seoul_cleaned.csv
경의선책거리.산울림소극장,,37.55492495,126.9303701,bus,bus,bus_station_seoul_cleaned.csv
신수동성당.신수동주민센터,,37.54726044,126.9338505,bus,bus,bus_station_seoul_cleaned.csv
서강수협.신수중학교,,37.54531505,126.93239,bus,bus,bus_station_seoul_cleaned.csv
용강초등학교,,37.54705602,126.9435526,bus,bus,bus_station_seoul_cleaned.csv
망원동사거리,,37.55714,126.904322,bus,bus,bus_station_seoul_cleaned.csv
마포구청.마포구청역,,37.56575039,126.9009459,bus,bus,bus_station_seoul_cleaned.csv
마포새빛문화숲후문,,37.54510097,126.9216549,bus,bus,bus_station_seoul_cleaned.csv
마포FM,,37.56099649,126.9177139,bus,bus,bus_station_seoul_cleaned.csv
연남동주민센터,,37.56408634,126.9230682,bus,bus,bus_station_seoul_cleaned.csv
도화현대1차아파트111동앞,,37.54117514,126.9543656,bus,bus,bus_station_seoul_cleaned.csv
성원아파트,,37.54717215,126.9371835,bus,bus,bus_station_seoul_cleaned.csv
한국출판콘텐츠센터,,37.54469572,126.9353845,bus,bus,bus_station_seoul_cleaned.csv
서울여자중고등학교,,37.54705538,126.9471496,bus,bus,bus_station_seoul_cleaned.csv
망원시장,,37.557492,126.905979,bus,bus,bus_station_seoul_cleaned.csv
월드컵경기장역,,37.56927041,126.9002903,bus,bus,bus_station_seoul_cleaned.csv
상수동,,37.54649067,126.92305,bus,bus,bus_station_seoul_cleaned.csv
경성중고.홍익디자인고,,37.56191397,126.9192591,bus,bus,bus_station_seoul_cleaned.csv
에덴지우아파트,,37.5645908,126.9242178,bus,bus,bus_station_seoul_cleaned.csv
도화현대1차아파트,,37.5404826,126.9554309,bus,bus,bus_station_seoul_cleaned.csv
망원유수지.마포구민체육센터,,37.55588,126.899167,bus,bus,bus_station_seoul_cleaned.csv
마포세무서,,37.54701628,126.9389468,bus,bus,bus_station_seoul_cleaned.csv
신수현대아파트.래미안웰스트림,,37.54371799,126.936702,bus,bus,bus_station_seoul_cleaned.csv
염리삼성아파트,,37.54848561,126.9475662,bus,bus,bus_station_seoul_cleaned.csv
구)망원우체국사거리,,37.55782498,126.9076978,bus,bus,bus_station_seoul_cleaned.csv
상수역,,37.5476372,126.9235905,bus,bus,bus_station_seoul_cleaned.csv
코오롱아파트사거리,,37.56369831,126.920851,bus,bus,bus_station_seoul_cleaned.csv
에덴맨션,,37.56398392,126.9249462,bus,bus,bus_station_seoul_cleaned.csv
서부수도사업소,,37.55680483,126.9598728,bus,bus,bus_station_seoul_cleaned.csv
화평교회,,37.55443735,126.9011589,bus,bus,bus_station_seoul_cleaned.csv
신촌역,,37.55562043,126.9348063,bus,bus,bus_station_seoul_cleaned.csv
굴다리시장,,37.54627864,126.9414168,bus,bus,bus_station_seoul_cleaned.csv
신석초등학교,,37.54316395,126.9386569,bus,bus,bus_station_seoul_cleaned.csv
일성여자중고등학교,,37.54887345,126.9484113,bus,bus,bus_station_seoul_cleaned.csv
망원전철역,,37.556111,126.909936,bus,bus,bus_station_seoul_cleaned.csv
상수두산아파트,,37.54754675,126.924441,bus,bus,bus_station_seoul_cleaned.csv
경성중고후문,,37.56437916,126.9202968,bus,bus,bus_station_seoul_cleaned.csv
하모니마트사거리,,37.56336606,126.9253883,bus,bus,bus_station_seoul_cleaned.csv
만물사부동산,,37.55534805,126.9607372,bus,bus,bus_station_seoul_cleaned.csv
하나님의교회,,37.53933186,126.9553128,bus,bus,bus_station_seoul_cleaned.csv
MBC,,37.57962812,126.8917373,bus,bus,bus_station_seoul_cleaned.csv
월드컵파크4단지,,37.57780148,126.8877411,bus,bus,bus_station_seoul_cleaned.csv
상암중학교,,37.57897175,126.8872439,bus,bus,bus_station_seoul_cleaned.csv
서울산업진흥원.국악방송,,37.58073707,126.8889507,bus,bus,bus_station_seoul_cleaned.csv
우리기술사옥.한국지역정보개발원,,37.58226098,126.8878786,bus,bus,bus_station_seoul_cleaned.csv
DMC빌,,37.58239265,126.8855909,bus,bus,bus_station_seoul_cleaned.csv
우리금융상암센터.DMC빌,,37.58193216,126.8855752,bus,bus,bus_station_seoul_cleaned.csv
도화현대1차아파트단지내,,37.53978296,126.954593,bus,bus,bus_station_seoul_cleaned.csv
상암고등학교,,37.58097801,126.8825327,bus,bus,bus_station_seoul_cleaned.csv
상암월드컵파크6.7단지,,37.58127348,126.8805398,bus,bus,bus_station_seoul_cleaned.csv
상암월드컵파크6.7단지,,37.58105871,126.8806238,bus,bus,bus_station_seoul_cleaned.csv
상암고등학교,,37.5806846,126.8836708,bus,bus,bus_station_seoul_cleaned.csv
스탠포드호텔,,37.58242252,126.8861172,bus,bus,bus_station_seoul_cleaned.csv
스탠포드호텔,,37.58245094,126.8856847,bus,bus,bus_station_seoul_cleaned.csv
월드컵파크6단지상가,,37.57980675,126.8856639,bus,bus,bus_station_seoul_cleaned.csv
공덕역10번출구,,37.54184792,126.9530953,bus,bus,bus_station_seoul_cleaned.csv
공덕역10번출구,,37.54183432,126.952886,bus,bus,bus_station_seoul_cleaned.csv
웨딩타운,,37.55697056,126.9515835,bus,bus,bus_station_seoul_cleaned.csv
상지초등학교,,37.57972097,126.8814544,bus,bus,bus_station_seoul_cleaned.csv
아현전철역,,37.55717411,126.9568347,bus,bus,bus_station_seoul_cleaned.csv
스탠포드호텔,,37.58255931,126.8865649,bus,bus,bus_station_seoul_cleaned.csv
우리기술사옥.한국지역정보개발원,,37.58202676,126.8878117,bus,bus,bus_station_seoul_cleaned.csv
전자회관,,37.58080568,126.8886559,bus,bus,bus_station_seoul_cleaned.csv
상암중학교,,37.57933049,126.8872133,bus,bus,bus_station_seoul_cleaned.csv
월드컵파크6단지,,37.57817863,126.8873114,bus,bus,bus_station_seoul_cleaned.csv
YTN뉴스퀘어.CJE&M,,37.579007,126.891577,bus,bus,bus_station_seoul_cleaned.csv
R2(홍대걷고싶은거리),,37.556163,126.924971,bus,bus,bus_station_seoul_cleaned.csv
경의선숲길공원(홍대입구역3번출구),,37.558837,126.925221,bus,bus,bus_station_seoul_cleaned.csv
경의선숲길공원(연남동),,37.563432,126.921448,bus,bus,bus_station_seoul_cleaned.csv
망원&월드컵시장(망리단길),,37.557656,126.90592,bus,bus,bus_station_seoul_cleaned.csv
망원한강공원(서울함공원),,37.556253,126.899189,bus,bus,bus_station_seoul_cleaned.csv
서울월드컵경기장(마포농수산물시장),,37.566631,126.89647,bus,bus,bus_station_seoul_cleaned.csv
하늘공원,,37.566661,126.892421,bus,bus,bus_station_seoul_cleaned.csv
난지천공원(박정희대통령기념관),,37.574677,126.886027,bus,bus,bus_station_seoul_cleaned.csv
난지캠핑장,,37.568809,126.875156,bus,bus,bus_station_seoul_cleaned.csv
마포반려동물캠핑장(난지물놀이장),,37.565848,126.880352,bus,bus,bus_station_seoul_cleaned.csv
서울양화나루와잠두봉유적(하늘길),,37.545677,126.911838,bus,bus,bus_station_seoul_cleaned.csv
마포새빛문화숲,,37.545309,126.918056,bus,bus,bus_station_seoul_cleaned.csv
마포용강맛길,,37.539414,126.944071,bus,bus,bus_station_seoul_cleaned.csv
도화꽃길.갈매기골목(공덕역9번출구),,37.542683,126.951822,bus,bus,bus_station_seoul_cleaned.csv
경의선숲길공원(염리동),,37.543812,126.949433,bus,bus,bus_station_seoul_cleaned.csv
R6(레드로드광장.상수역),,37.547927,126.920695,bus,bus,bus_station_seoul_cleaned.csv
R4(홍대축제거리),,37.550685,126.921447,bus,bus,bus_station_seoul_cleaned.csv
마포365구민센터(마포365천문대),,37.545007,126.922144,bus,bus,bus_station_seoul_cleaned.csv
마포한강아이파크아파트,,37.55242313,126.9041145,bus,bus,bus_station_seoul_cleaned.csv
중동초등학교,,37.56682282,126.9101093,bus,bus,bus_station_seoul_cleaned.csv
대흥태영아파트,,37.5457514,126.9430639,bus,bus,bus_station_seoul_cleaned.csv
용강동주민센터,,37.54188282,126.940558,bus,bus,bus_station_seoul_cleaned.csv
마포현대아파트,,37.54877555,126.9491538,bus,bus,bus_station_seoul_cleaned.csv
성산초등학교,,37.55422631,126.9123429,bus,bus,bus_station_seoul_cleaned.csv
서강초등학교,,37.54749023,126.9262643,bus,bus,bus_station_seoul_cleaned.csv
경의선숲길공원입구,,37.56589395,126.9190511,bus,bus,bus_station_seoul_cleaned.csv
대명아파트,,37.56245057,126.9243117,bus,bus,bus_station_seoul_cleaned.csv
환일고등학교,,37.55456232,126.9608191,bus,bus,bus_station_seoul_cleaned.csv
용산성당.현대홈타운,,37.53760632,126.9531661,bus,bus,bus_station_seoul_cleaned.csv
가구단지,,37.55802339,126.9607211,bus,bus,bus_station_seoul_cleaned.csv
하모니마트,,37.55228047,126.905998,bus,bus,bus_station_seoul_cleaned.csv
성모병원사거리,,37.56461395,126.9121224,bus,bus,bus_station_seoul_cleaned.csv
창전삼성아파트입구,,37.55177868,126.9325189,bus,bus,bus_station_seoul_cleaned.csv
대흥세양아파트,,37.54484569,126.944727,bus,bus,bus_station_seoul_cleaned.csv
아현1동경로당,,37.55360566,126.9610258,bus,bus,bus_station_seoul_cleaned.csv
마포전철역,,37.53961835,126.9445498,bus,bus,bus_station_seoul_cleaned.csv
공덕삼성3차아파트후문,,37.54915261,126.951238,bus,bus,bus_station_seoul_cleaned.csv
고니빌딩,,37.55451411,126.9140403,bus,bus,bus_station_seoul_cleaned.csv
서강쌍용아파트.광흥창역,,37.54794592,126.9302872,bus,bus,bus_station_seoul_cleaned.csv
사천고가앞,,37.613647,127.074999,bus,bus,bus_station_seoul_cleaned.csv
원효초등학교,,37.53621232,126.9509197,bus,bus,bus_station_seoul_cleaned.csv
새서울의원,,37.55125951,126.9070201,bus,bus,bus_station_seoul_cleaned.csv
창전삼성아파트104동,,37.55128247,126.93149,bus,bus,bus_station_seoul_cleaned.csv
와우산로오거리,,37.55444232,126.929964,bus,bus,bus_station_seoul_cleaned.csv
마포자이아파트,,37.54410468,126.9460098,bus,bus,bus_station_seoul_cleaned.csv
성지빌딩,,37.54147337,126.9457763,bus,bus,bus_station_seoul_cleaned.csv
엘지빌딩,,37.54866591,126.9538167,bus,bus,bus_station_seoul_cleaned.csv
서교동주민센터,,37.55474033,126.9153507,bus,bus,bus_station_seoul_cleaned.csv
이랜드,,37.54919918,126.9315366,bus,bus,bus_station_seoul_cleaned.csv
만리동고개,,37.55161892,126.9622626,bus,bus,bus_station_seoul_cleaned.csv
한강타운.우성아파트16동앞,,37.53593869,126.9495167,bus,bus,bus_station_seoul_cleaned.csv
공덕전철역,,37.54328394,126.9526849,bus,bus,bus_station_seoul_cleaned.csv
남경장,,37.54875837,126.9098198,bus,bus,bus_station_seoul_cleaned.csv
창전삼성아파트107동,,37.55084962,126.930916,bus,bus,bus_station_seoul_cleaned.csv
와우공원입구,,37.55326111,126.9299421,bus,bus,bus_station_seoul_cleaned.csv
염리초등학교,,37.54260289,126.94676,bus,bus,bus_station_seoul_cleaned.csv
염리초등학교,,37.54262649,126.9471368,bus,bus,bus_station_seoul_cleaned.csv
아현동주민센터,,37.54711827,126.9531058,bus,bus,bus_station_seoul_cleaned.csv
우리은행서교동지점,,37.55325944,126.9173478,bus,bus,bus_station_seoul_cleaned.csv
마포노인복지관,,37.54952942,126.9323104,bus,bus,bus_station_seoul_cleaned.csv
공덕동주민센터,,37.55052035,126.9600892,bus,bus,bus_station_seoul_cleaned.csv
청암대,,37.5358266,126.9478811,bus,bus,bus_station_seoul_cleaned.csv
성서초등학교,,37.55866259,126.9126082,bus,bus,bus_station_seoul_cleaned.csv
마포역서울가든호텔,,37.54074048,126.9471087,bus,bus,bus_station_seoul_cleaned.csv
창전어린이공원,,37.55027657,126.929512,bus,bus,bus_station_seoul_cleaned.csv
창전어린이공원,,37.55016387,126.9292518,bus,bus,bus_station_seoul_cleaned.csv
창전삼성아파트109동,,37.55040416,126.9303623,bus,bus,bus_station_seoul_cleaned.csv
육완순무용원,,37.55285513,126.9290569,bus,bus,bus_station_seoul_cleaned.csv
중부여성발전센터,,37.54121807,126.9451382,bus,bus,bus_station_seoul_cleaned.csv
재화스퀘어,,37.54389603,126.9468983,bus,bus,bus_station_seoul_cleaned.csv
공덕전철역,,37.54552068,126.9510177,bus,bus,bus_station_seoul_cleaned.csv
마포구청역,,37.56252212,126.9027355,bus,bus,bus_station_seoul_cleaned.csv
마포구청역,,37.56282351,126.9029579,bus,bus,bus_station_seoul_cleaned.csv
월드컵파크7단지,,37.58225564,126.8804641,bus,bus,bus_station_seoul_cleaned.csv
월드컵파크7단지,,37.58198442,126.8792408,bus,bus,bus_station_seoul_cleaned.csv
상암동입구,,37.57378466,126.8994147,bus,bus,bus_station_seoul_cleaned.csv
상암동입구,,37.5738247,126.8983845,bus,bus,bus_station_seoul_cleaned.csv
상암월드컵파크5단지,,37.58084734,126.8864769,bus,bus,bus_station_seoul_cleaned.csv
상암월드컵파크5단지,,37.58047561,126.8864067,bus,bus,bus_station_seoul_cleaned.csv
홍대입구역사거리,,37.55452595,126.9209776,bus,bus,bus_station_seoul_cleaned.csv
창전현대홈타운,,37.55087409,126.9327234,bus,bus,bus_station_seoul_cleaned.csv
삼우빌딩,,37.54921154,126.957945,bus,bus,bus_station_seoul_cleaned.csv
합정역,,37.54984878,126.9147926,bus,bus,bus_station_seoul_cleaned.csv
희성교회,,37.55680382,126.9140807,bus,bus,bus_station_seoul_cleaned.csv
서강유치원,,37.55204132,126.9279628,bus,bus,bus_station_seoul_cleaned.csv
마포전철역,,37.53962092,126.9442692,bus,bus,bus_station_seoul_cleaned.csv
한국컴퓨터,,37.54492869,126.9449341,bus,bus,bus_station_seoul_cleaned.csv
신촌연세병원.기업은행,,37.55199173,126.9332204,bus,bus,bus_station_seoul_cleaned.csv
공덕동성당,,37.54838123,126.9568867,bus,bus,bus_station_seoul_cleaned.csv
우리은행서교동지점,,37.55194307,126.9175337,bus,bus,bus_station_seoul_cleaned.csv
서교동주민센터.마포신문사,,37.55487253,126.9162481,bus,bus,bus_station_seoul_cleaned.csv
홍대후문,,37.55130886,126.9273099,bus,bus,bus_station_seoul_cleaned.csv
대흥태영아파트,,37.54595146,126.9430909,bus,bus,bus_station_seoul_cleaned.csv
동도중학교.서울디지인고등학교,,37.54644639,126.9455045,bus,bus,bus_station_seoul_cleaned.csv
서울서부지방법원,,37.5488,126.9553486,bus,bus,bus_station_seoul_cleaned.csv
세븐일레븐,,37.54040681,126.9559962,bus,bus,bus_station_seoul_cleaned.csv
동교로사거리,,37.55565809,126.9198714,bus,bus,bus_station_seoul_cleaned.csv
신석초등학교,,37.54342321,126.9388467,bus,bus,bus_station_seoul_cleaned.csv
굴다리시장,,37.54638962,126.9417133,bus,bus,bus_station_seoul_cleaned.csv
서교동주민센터,,37.55559976,126.9150521,bus,bus,bus_station_seoul_cleaned.csv
서교푸르지오아파트,,37.55362727,126.9231792,bus,bus,bus_station_seoul_cleaned.csv
홍대입구역,,37.55668973,126.9232163,bus,bus,bus_station_seoul_cleaned.csv
신수현대아파트.래미안웰스트림,,37.54383346,126.9369441,bus,bus,bus_station_seoul_cleaned.csv
마포세무서,,37.54729837,126.9390394,bus,bus,bus_station_seoul_cleaned.csv
대흥역사거리,,37.5481047,126.9423208,bus,bus,bus_station_seoul_cleaned.csv
신촌역,,37.55532442,126.9356328,bus,bus,bus_station_seoul_cleaned.csv
마포경찰서,,37.55033844,126.9553279,bus,bus,bus_station_seoul_cleaned.csv
도화현대1차아파트111동앞,,37.54124031,126.9545639,bus,bus,bus_station_seoul_cleaned.csv
홍대정문,,37.5529818,126.9238877,bus,bus,bus_station_seoul_cleaned.csv
동교로사거리,,37.55586887,126.9197614,bus,bus,bus_station_seoul_cleaned.csv
한국출판콘텐츠센터,,37.54474732,126.9355502,bus,bus,bus_station_seoul_cleaned.csv
신수세양아파트,,37.54740921,126.9373248,bus,bus,bus_station_seoul_cleaned.csv
서교동교회,,37.55166218,126.9192023,bus,bus,bus_station_seoul_cleaned.csv
애오개역,,37.55259464,126.956534,bus,bus,bus_station_seoul_cleaned.csv
공덕역입구,,37.5422235,126.9516244,bus,bus,bus_station_seoul_cleaned.csv
레드로드입구,,37.5508704,126.9210953,bus,bus,bus_station_seoul_cleaned.csv
서교동주민센터.마포신문사,,37.55506619,126.9161415,bus,bus,bus_station_seoul_cleaned.csv
서강수협.신수중학교,,37.54547551,126.9325019,bus,bus,bus_station_seoul_cleaned.csv
신수동성당.신수동주민센터,,37.54748258,126.934707,bus,bus,bus_station_seoul_cleaned.csv
숭문중고등학교후문,,37.55209168,126.9453442,bus,bus,bus_station_seoul_cleaned.csv
레드로드입구,,37.55064276,126.9214466,bus,bus,bus_station_seoul_cleaned.csv
가든호텔.삼성프라자,,37.54074284,126.9490519,bus,bus,bus_station_seoul_cleaned.csv
희성교회,,37.55687155,126.9142956,bus,bus,bus_station_seoul_cleaned.csv
광흥창역.서강동주민센터,,37.54812266,126.9328244,bus,bus,bus_station_seoul_cleaned.csv
마포프레스티지자이아파트,,37.5534761,126.9460687,bus,bus,bus_station_seoul_cleaned.csv
홍대정문,,37.55200396,126.923651,bus,bus,bus_station_seoul_cleaned.csv
아현초등학교,,37.55583697,126.9558084,bus,bus,bus_station_seoul_cleaned.csv
샛별문방구.마포전철역,,37.54005712,126.9475974,bus,bus,bus_station_seoul_cleaned.csv
상지초등학교,,37.57956518,126.8813929,bus,bus,bus_station_seoul_cleaned.csv
합정역1번출구,,37.55058599,126.9149514,bus,bus,bus_station_seoul_cleaned.csv
성서초등학교,,37.55868529,126.9128379,bus,bus,bus_station_seoul_cleaned.csv
마포소방서,,37.5504232,126.9331169,bus,bus,bus_station_seoul_cleaned.csv
이대전철역,,37.55591353,126.9460216,bus,bus,bus_station_seoul_cleaned.csv
홍대정문,,37.55315091,126.9248315,bus,bus,bus_station_seoul_cleaned.csv
라사라패션직업전문학교,,37.55412787,126.9295117,bus,bus,bus_station_seoul_cleaned.csv
사천고가앞,,37.56691465,126.9174119,bus,bus,bus_station_seoul_cleaned.csv
S마트,,37.53883395,126.947454,bus,bus,bus_station_seoul_cleaned.csv
경성중고사거리,,37.56064397,126.9161669,bus,bus,bus_station_seoul_cleaned.csv
서교푸르지오아파트,,37.55391013,126.9231795,bus,bus,bus_station_seoul_cleaned.csv
경의선숲길공원입구,,37.56546318,126.9191849,bus,bus,bus_station_seoul_cleaned.csv
우성아파트입구,,37.53796896,126.9473838,bus,bus,bus_station_seoul_cleaned.csv
성미약수터,,37.5622973,126.9146652,bus,bus,bus_station_seoul_cleaned.csv
경성중고후문,,37.56443625,126.9201211,bus,bus,bus_station_seoul_cleaned.csv
우성아파트3동,,37.53640347,126.9473963,bus,bus,bus_station_seoul_cleaned.csv
하모니마트,,37.55252116,126.9061199,bus,bus,bus_station_seoul_cleaned.csv
성모병원사거리,,37.56464399,126.9125265,bus,bus,bus_station_seoul_cleaned.csv
코오롱아파트사거리,,37.56358079,126.9208408,bus,bus,bus_station_seoul_cleaned.csv
도화현대1차아파트,,37.54045372,126.9553042,bus,bus,bus_station_seoul_cleaned.csv
마포한강아이파크아파트,,37.55263854,126.9041742,bus,bus,bus_station_seoul_cleaned.csv
중동초등학교,,37.56657456,126.9107017,bus,bus,bus_station_seoul_cleaned.csv
신한은행서교동금융센터점,,37.55738535,126.918354,bus,bus,bus_station_seoul_cleaned.csv
경성중고.홍익디자인고,,37.56228718,126.9194964,bus,bus,bus_station_seoul_cleaned.csv
망원파출소.롯데장학관,,37.55368977,126.902646,bus,bus,bus_station_seoul_cleaned.csv
대우미래사랑아파트,,37.556741,126.9169681,bus,bus,bus_station_seoul_cleaned.csv
효성약국,,37.56120824,126.9177091,bus,bus,bus_station_seoul_cleaned.csv
화평교회,,37.55461589,126.9013092,bus,bus,bus_station_seoul_cleaned.csv
성산시영아파트,,37.56997337,126.9036833,bus,bus,bus_station_seoul_cleaned.csv
한국해양전략연구소,,37.55615891,126.9157158,bus,bus,bus_station_seoul_cleaned.csv
망원파출소.롯데장학관,,37.55345583,126.9027471,bus,bus,bus_station_seoul_cleaned.csv
망원유수지.마포구민체육센터,,37.55598562,126.8992531,bus,bus,bus_station_seoul_cleaned.csv
서교동주민센터,,37.55564539,126.9146083,bus,bus,bus_station_seoul_cleaned.csv
창전삼성아파트,,37.55158314,126.932527,bus,bus,bus_station_seoul_cleaned.csv
임오빌딩,,37.55877057,126.9173994,bus,bus,bus_station_seoul_cleaned.csv
월드컵경기장역,,37.5738733,126.8983131,bus,bus,bus_station_seoul_cleaned.csv
새화빌딩,,37.5551111,126.9134454,bus,bus,bus_station_seoul_cleaned.csv
신촌이랜드청년주택,,37.54951163,126.9315214,bus,bus,bus_station_seoul_cleaned.csv
성산초등학교,,37.55441974,126.9119273,bus,bus,bus_station_seoul_cleaned.csv
우리은행서교동지점,,37.55336318,126.9175609,bus,bus,bus_station_seoul_cleaned.csv
서강쌍용아파트.광흥창역,,37.54797196,126.9301264,bus,bus,bus_station_seoul_cleaned.csv
동교로사거리,,37.55605972,126.9210454,bus,bus,bus_station_seoul_cleaned.csv
동교초등학교,,37.55708966,126.9016286,bus,bus,bus_station_seoul_cleaned.csv
망원전철역,,37.556114,126.910258,bus,bus,bus_station_seoul_cleaned.csv
서교동주민센터,,37.55565038,126.9152772,bus,bus,bus_station_seoul_cleaned.csv
서강초등학교,,37.5477462,126.9263557,bus,bus,bus_station_seoul_cleaned.csv
신부파스카아파트,,37.55878545,126.9004729,bus,bus,bus_station_seoul_cleaned.csv
KBS미디어센터,,37.5762495,126.8912678,bus,bus,bus_station_seoul_cleaned.csv
구)망원우체국사거리,,37.557933,126.907297,bus,bus,bus_station_seoul_cleaned.csv
홍대후문,,37.54776813,126.9254084,bus,bus,bus_station_seoul_cleaned.csv
대상아파트,,37.55965628,126.8998549,bus,bus,bus_station_seoul_cleaned.csv
월드컵파크2단지,,37.57525579,126.8903117,bus,bus,bus_station_seoul_cleaned.csv
망원동월드컵시장,,37.55762576,126.905989,bus,bus,bus_station_seoul_cleaned.csv
상수역,,37.54783917,126.9223889,bus,bus,bus_station_seoul_cleaned.csv
동원데자뷰아파트,,37.56026595,126.8994205,bus,bus,bus_station_seoul_cleaned.csv
하나은행망원동지점,,37.557387,126.904716,bus,bus,bus_station_seoul_cleaned.csv
레드로드입구,,37.54792573,126.9205037,bus,bus,bus_station_seoul_cleaned.csv
마포16번종점,,37.56092786,126.8989567,bus,bus,bus_station_seoul_cleaned.csv
서부면허시험장.월드컵파크8단지,,37.57825481,126.8819695,bus,bus,bus_station_seoul_cleaned.csv
동교초등학교,,37.55700155,126.9029564,bus,bus,bus_station_seoul_cleaned.csv
합정동,,37.54760741,126.9181202,bus,bus,bus_station_seoul_cleaned.csv
마포새빛문화숲,,37.54550986,126.9171164,bus,bus,bus_station_seoul_cleaned.csv
서일빌딩,,37.5455541,126.9159632,bus,bus,bus_station_seoul_cleaned.csv
삼성래미안공덕2차201동앞,,37.551177,126.961189,bus,bus,bus_station_seoul_cleaned.csv
성우맨션,,37.54563577,126.9142497,bus,bus,bus_station_seoul_cleaned.csv
다운교회,,37.54573653,126.9127953,bus,bus,bus_station_seoul_cleaned.csv
월드컵경기장역,,37.56951561,126.9001462,bus,bus,bus_station_seoul_cleaned.csv
마포구청.마포구청역,,37.5663308,126.8995753,bus,bus,bus_station_seoul_cleaned.csv
상암고등학교,,37.58205571,126.8843873,bus,bus,bus_station_seoul_cleaned.csv
상암고등학교,,37.58233666,126.8834948,bus,bus,bus_station_seoul_cleaned.csv
우성아파트입구,,37.53798007,126.9475018,bus,bus,bus_station_seoul_cleaned.csv
망원교회,,37.55623509,126.9001617,bus,bus,bus_station_seoul_cleaned.csv
망원교회,,37.55649582,126.9005292,bus,bus,bus_station_seoul_cleaned.csv
신촌역,,37.55469925,126.9359752,bus,bus,bus_station_seoul_cleaned.csv
경성중고사거리,,37.56062024,126.9157402,bus,bus,bus_station_seoul_cleaned.csv
삼진제약,,37.55320742,126.92683,bus,bus,bus_station_seoul_cleaned.csv
한국영화아카데미,,37.55429814,126.9294391,bus,bus,bus_station_seoul_cleaned.csv
서교동교회,,37.55175064,126.9194138,bus,bus,bus_station_seoul_cleaned.csv
성산2동주민센터,,37.56802445,126.9083872,bus,bus,bus_station_seoul_cleaned.csv
월드컵파크7단지,,37.58041057,126.8798689,bus,bus,bus_station_seoul_cleaned.csv
창전삼성아파트110동,,37.54993548,126.9283524,bus,bus,bus_station_seoul_cleaned.csv
신촌역,,37.55428706,126.9358957,bus,bus,bus_station_seoul_cleaned.csv
신촌역,,37.5544909,126.9356256,bus,bus,bus_station_seoul_cleaned.csv
신촌농협.하나로마트,,37.55618812,126.9332008,bus,bus,bus_station_seoul_cleaned.csv
기업은행.신촌연세병원,,37.55316601,126.9334876,bus,bus,bus_station_seoul_cleaned.csv
세븐일레븐,,37.54015114,126.9559382,bus,bus,bus_station_seoul_cleaned.csv
아현고개,,37.55662043,126.9469798,bus,bus,bus_station_seoul_cleaned.csv
백합아파트,,37.55795052,126.9009302,bus,bus,bus_station_seoul_cleaned.csv
백합아파트,,37.55793892,126.9010706,bus,bus,bus_station_seoul_cleaned.csv
홍익병원목동관,,37.53090839,126.86403,bus,bus,bus_station_seoul_cleaned.csv
금호어울림.대원칸타빌아파트,,37.53269073,126.8665441,bus,bus,bus_station_seoul_cleaned.csv
목동3단지후문,,37.53432434,126.8699099,bus,bus,bus_station_seoul_cleaned.csv
영도초등학교,,37.53555591,126.8705188,bus,bus,bus_station_seoul_cleaned.csv
신목중학교.목동2단지후문,,37.53816526,126.8735523,bus,bus,bus_station_seoul_cleaned.csv
목동2단지,,37.53659993,126.8779874,bus,bus,bus_station_seoul_cleaned.csv
목동3단지,,37.534747,126.875742,bus,bus,bus_station_seoul_cleaned.csv
목동4단지상가.목동종합운동장,,37.53229799,126.875115,bus,bus,bus_station_seoul_cleaned.csv
목동3.4단지사잇길,,37.53279586,126.8719803,bus,bus,bus_station_seoul_cleaned.csv
목동사거리,,37.53326952,126.8638355,bus,bus,bus_station_seoul_cleaned.csv
영도중.강서고입구.기아양서대리점,,37.53617351,126.863622,bus,bus,bus_station_seoul_cleaned.csv
목동시장.대일고교.배광교회,,37.539005,126.8638409,bus,bus,bus_station_seoul_cleaned.csv
신목중학교,,37.53712282,126.8718965,bus,bus,bus_station_seoul_cleaned.csv
목동스카이아파트.목동3단지,,37.53428779,126.8696103,bus,bus,bus_station_seoul_cleaned.csv
금호어울림.대원칸타빌아파트,,37.53287805,126.8668606,bus,bus,bus_station_seoul_cleaned.csv
신목동역2번출구,,37.54385476,126.8823418,bus,bus,bus_station_seoul_cleaned.csv
신목동역1번출구,,37.54392207,126.882069,bus,bus,bus_station_seoul_cleaned.csv
경서농협,,37.521363,126.856298,bus,bus,bus_station_seoul_cleaned.csv
목동2차성원아파트,,37.54229504,126.8631752,bus,bus,bus_station_seoul_cleaned.csv
목3동주민센터.현대아이파크.실로암안과,,37.54483252,126.862401,bus,bus,bus_station_seoul_cleaned.csv
등촌역6번출구.목동깨비시장,,37.54969481,126.8639369,bus,bus,bus_station_seoul_cleaned.csv
월촌초등학교,,37.54118755,126.8770703,bus,bus,bus_station_seoul_cleaned.csv
월촌초등학교.우성아파트,,37.54050303,126.8753673,bus,bus,bus_station_seoul_cleaned.csv
목원초등학교.서울지방식품의약품안전청,,37.54253255,126.8811364,bus,bus,bus_station_seoul_cleaned.csv
용왕산,,37.53913006,126.8742324,bus,bus,bus_station_seoul_cleaned.csv
한국전파진흥협회,,37.54594356,126.8814977,bus,bus,bus_station_seoul_cleaned.csv
목동한신청구아파트,,37.54063836,126.8801651,bus,bus,bus_station_seoul_cleaned.csv
목동한신청구아파트,,37.54072866,126.8803505,bus,bus,bus_station_seoul_cleaned.csv
목동1.2단지사잇길,,37.5383884,126.8784758,bus,bus,bus_station_seoul_cleaned.csv
월촌중학교.목동1단지,,37.53791238,126.881671,bus,bus,bus_station_seoul_cleaned.csv
양천YMCA.서울에너지공사,,37.53884228,126.8826598,bus,bus,bus_station_seoul_cleaned.csv
양천YMCA.서울에너지공사,,37.53903531,126.8828573,bus,bus,bus_station_seoul_cleaned.csv
목동5단지C상가.목동운동장북문,,37.53281973,126.8774929,bus,bus,bus_station_seoul_cleaned.csv
파리공원,,37.53462166,126.8783258,bus,bus,bus_station_seoul_cleaned.csv
목동5단지B상가.목5동주민센터,,37.53576989,126.8813067,bus,bus,bus_station_seoul_cleaned.csv
이대목동병원.목동6단지앞,,37.53684743,126.8844278,bus,bus,bus_station_seoul_cleaned.csv
목동아파트601동앞.이대병원,,37.53589268,126.8832528,bus,bus,bus_station_seoul_cleaned.csv
목동아파트5.6단지사잇길.경인초교,,37.53287009,126.8838504,bus,bus,bus_station_seoul_cleaned.csv
오목교역3번출구,,37.52506981,126.8763829,bus,bus,bus_station_seoul_cleaned.csv
양정고등학교,,37.53522316,126.8879022,bus,bus,bus_station_seoul_cleaned.csv
목1동주민센터.양천소방서,,37.529802,126.87358,bus,bus,bus_station_seoul_cleaned.csv
목동역3번출구.홍익병원,,37.52738143,126.8644324,bus,bus,bus_station_seoul_cleaned.csv
CBS방송국,,37.52809722,126.8741491,bus,bus,bus_station_seoul_cleaned.csv
목운초등학교.목운중학교,,37.5264187,126.8737705,bus,bus,bus_station_seoul_cleaned.csv
목동7단지동문,,37.52850969,126.8702312,bus,bus,bus_station_seoul_cleaned.csv
목운초등학교.목운중학교,,37.52612619,126.8733948,bus,bus,bus_station_seoul_cleaned.csv
목동운동장남문.아이스링크,,37.52847438,126.8765922,bus,bus,bus_station_seoul_cleaned.csv
목동7단지.종로학원,,37.52567217,126.8687626,bus,bus,bus_station_seoul_cleaned.csv
오목교역1번출구.대학빌딩,,37.524957,126.873313,bus,bus,bus_station_seoul_cleaned.csv
오목교역.동신한방병원,,37.52444873,126.8768222,bus,bus,bus_station_seoul_cleaned.csv
갈산초등학교정문,,37.51280494,126.8704858,bus,bus,bus_station_seoul_cleaned.csv
오목교역6번출구.청학빌딩,,37.5234269,126.8754466,bus,bus,bus_station_seoul_cleaned.csv
신목동새마을금고,,37.52106964,126.8736392,bus,bus,bus_station_seoul_cleaned.csv
서울출입국외국인청사거리,,37.518983,126.8714242,bus,bus,bus_station_seoul_cleaned.csv
오목교역.동신한방병원,,37.52408548,126.8769219,bus,bus,bus_station_seoul_cleaned.csv
신목초등학교입구,,37.517471,126.870927,bus,bus,bus_station_seoul_cleaned.csv
목동14단지상가,,37.51470815,126.8718896,bus,bus,bus_station_seoul_cleaned.csv
현대아파트정문,,37.51978505,126.8774211,bus,bus,bus_station_seoul_cleaned.csv
현대아파트정문,,37.52078792,126.8782363,bus,bus,bus_station_seoul_cleaned.csv
삼성아파트정문,,37.51634952,126.8769041,bus,bus,bus_station_seoul_cleaned.csv
현대아파트109동앞,,37.51811503,126.87715,bus,bus,bus_station_seoul_cleaned.csv
현대아파트후문,,37.52193044,126.8781722,bus,bus,bus_station_seoul_cleaned.csv
목동14단지C상가앞,,37.51404611,126.8741756,bus,bus,bus_station_seoul_cleaned.csv
목일중학교,,37.51401882,126.8739268,bus,bus,bus_station_seoul_cleaned.csv
목동13단지,,37.51426843,126.8693991,bus,bus,bus_station_seoul_cleaned.csv
목동14단지,,37.51474221,126.8695819,bus,bus,bus_station_seoul_cleaned.csv
신트리공원,,37.51448906,126.8579171,bus,bus,bus_station_seoul_cleaned.csv
목동12.13단지사잇길,,37.51305394,126.8635453,bus,bus,bus_station_seoul_cleaned.csv
목동12.13단지사잇길,,37.5132321,126.8632703,bus,bus,bus_station_seoul_cleaned.csv
신목초등학교입구,,37.51730176,126.8707857,bus,bus,bus_station_seoul_cleaned.csv
목동14단지관리사무소앞,,37.51514323,126.8722112,bus,bus,bus_station_seoul_cleaned.csv
목동11단지,,37.51321989,126.8583087,bus,bus,bus_station_seoul_cleaned.csv
목동14단지관리사무소앞,,37.51479619,126.8716908,bus,bus,bus_station_seoul_cleaned.csv
양천구청역,,37.51256669,126.8653279,bus,bus,bus_station_seoul_cleaned.csv
양천공원,,37.517872,126.869642,bus,bus,bus_station_seoul_cleaned.csv
양천구청,,37.516543,126.86703,bus,bus,bus_station_seoul_cleaned.csv
양천구민체육센터.양천일자리센터,,37.51554358,126.8642388,bus,bus,bus_station_seoul_cleaned.csv
목동12단지,,37.51418196,126.8603283,bus,bus,bus_station_seoul_cleaned.csv
갈산초등학교정문,,37.51282761,126.8701085,bus,bus,bus_station_seoul_cleaned.csv
갈산초등학교후문,,37.51108938,126.868709,bus,bus,bus_station_seoul_cleaned.csv
갈산초등학교후문,,37.51128816,126.869212,bus,bus,bus_station_seoul_cleaned.csv
은정초등학교,,37.51032353,126.8667027,bus,bus,bus_station_seoul_cleaned.csv
은정초등학교,,37.51009428,126.867106,bus,bus,bus_station_seoul_cleaned.csv
목동우성아파트,,37.50719817,126.8657102,bus,bus,bus_station_seoul_cleaned.csv
목동우성아파트입구,,37.50845111,126.8642093,bus,bus,bus_station_seoul_cleaned.csv
양천아파트,,37.50817426,126.8633495,bus,bus,bus_station_seoul_cleaned.csv
봉영여중.목동고,,37.50728131,126.8618411,bus,bus,bus_station_seoul_cleaned.csv
봉영여중.목동고,,37.50739076,126.8614269,bus,bus,bus_station_seoul_cleaned.csv
봉영여중.목동고,,37.50863422,126.8618163,bus,bus,bus_station_seoul_cleaned.csv
양천노인종합복지관,,37.51028777,126.8591785,bus,bus,bus_station_seoul_cleaned.csv
양천구청역,,37.51286963,126.8666091,bus,bus,bus_station_seoul_cleaned.csv
양천아파트,,37.510264,126.862762,bus,bus,bus_station_seoul_cleaned.csv
신정네거리해누리분수광장,,37.52188642,126.8515144,bus,bus,bus_station_seoul_cleaned.csv
신정네거리.신정119안전센터,,37.5220233,126.8507301,bus,bus,bus_station_seoul_cleaned.csv
동방아파트,,37.52188249,126.8463249,bus,bus,bus_station_seoul_cleaned.csv
동방아파트.신월종합사회복지관,,37.52142649,126.8462897,bus,bus,bus_station_seoul_cleaned.csv
신곡시장.금빛새마을금고,,37.51964347,126.8437433,bus,bus,bus_station_seoul_cleaned.csv
신곡시장.금빛새마을금고,,37.51928494,126.8438199,bus,bus,bus_station_seoul_cleaned.csv
신한은행신월동지점,,37.51801864,126.8416026,bus,bus,bus_station_seoul_cleaned.csv
신한은행신월동지점,,37.51782796,126.8418635,bus,bus,bus_station_seoul_cleaned.csv
양강중학교,,37.52371103,126.8499936,bus,bus,bus_station_seoul_cleaned.csv
신월2동주민센터입구,,37.52275882,126.8456905,bus,bus,bus_station_seoul_cleaned.csv
강서초등학교.신월4동주민센터,,37.52187762,126.841931,bus,bus,bus_station_seoul_cleaned.csv
한빛종합사회복지관,,37.52125587,126.8392498,bus,bus,bus_station_seoul_cleaned.csv
신월동남부주유소,,37.51939309,126.8385851,bus,bus,bus_station_seoul_cleaned.csv
신월2동우체국,,37.523082,126.851248,bus,bus,bus_station_seoul_cleaned.csv
신트리공원앞교차로,,37.51311521,126.8559491,bus,bus,bus_station_seoul_cleaned.csv
신트리아파트,,37.51290132,126.8541402,bus,bus,bus_station_seoul_cleaned.csv
정랑고개.양천벤처타운,,37.51157732,126.8503821,bus,bus,bus_station_seoul_cleaned.csv
신정학마을아파트,,37.50742085,126.8439634,bus,bus,bus_station_seoul_cleaned.csv
양천고등학교,,37.50992673,126.8456572,bus,bus,bus_station_seoul_cleaned.csv
계남초등학교,,37.50975303,126.8584302,bus,bus,bus_station_seoul_cleaned.csv
목동아파트11단지(1117동),,37.50730617,126.859907,bus,bus,bus_station_seoul_cleaned.csv
신정1동주민센터.신오새마을금고,,37.51720336,126.8543711,bus,bus,bus_station_seoul_cleaned.csv
양명초교.신서중,,37.51430526,126.8557025,bus,bus,bus_station_seoul_cleaned.csv
신트리공원.목동아파트11단지,,37.51392049,126.8571829,bus,bus,bus_station_seoul_cleaned.csv
목동10단지상가,,37.51596919,126.8596768,bus,bus,bus_station_seoul_cleaned.csv
양천문화회관.양천일자리센터,,37.51693324,126.862381,bus,bus,bus_station_seoul_cleaned.csv
목동10단지농협,,37.51780102,126.8563817,bus,bus,bus_station_seoul_cleaned.csv
목동13단지,,37.51451385,126.8692997,bus,bus,bus_station_seoul_cleaned.csv
목동13단지,,37.5135267,126.8680275,bus,bus,bus_station_seoul_cleaned.csv
신서초등학교,,37.52064102,126.8618413,bus,bus,bus_station_seoul_cleaned.csv
신정1동우체국,,37.521953,126.861673,bus,bus,bus_station_seoul_cleaned.csv
우리은행신정동지점,,37.521705,126.859385,bus,bus,bus_station_seoul_cleaned.csv
목동프라자,,37.51987595,126.8602781,bus,bus,bus_station_seoul_cleaned.csv
목동10단지,,37.51908697,126.8566525,bus,bus,bus_station_seoul_cleaned.csv
신정네거리역,,37.52103872,126.8534032,bus,bus,bus_station_seoul_cleaned.csv
신정네거리역4번출구,,37.51946421,126.8533978,bus,bus,bus_station_seoul_cleaned.csv
길훈로즈빌아파트,,37.52243302,126.871157,bus,bus,bus_station_seoul_cleaned.csv
미래탐구초중학원.종로학원,,37.52481016,126.8694005,bus,bus,bus_station_seoul_cleaned.csv
목동역5번출구,,37.52579678,126.8654053,bus,bus,bus_station_seoul_cleaned.csv
목동8단지.등촌지하차도,,37.52004784,126.8669117,bus,bus,bus_station_seoul_cleaned.csv
양천구청.양천보건소,,37.51816257,126.8661629,bus,bus,bus_station_seoul_cleaned.csv
목동8단지.한전,,37.52018346,126.8683292,bus,bus,bus_station_seoul_cleaned.csv
진명여고,,37.52394011,126.8651038,bus,bus,bus_station_seoul_cleaned.csv
남부법원.검찰청교차로,,37.52179,126.865547,bus,bus,bus_station_seoul_cleaned.csv
남부법원.검찰청교차로,,37.5218496,126.8659323,bus,bus,bus_station_seoul_cleaned.csv
오목교역7번출구.청학빌딩,,37.52362783,126.875315,bus,bus,bus_station_seoul_cleaned.csv
현대아이파크아파트,,37.52103408,126.8732569,bus,bus,bus_station_seoul_cleaned.csv
목동중학교.서울출입국.외국인청,,37.51987716,126.8708457,bus,bus,bus_station_seoul_cleaned.csv
오목교역8번출구.대학빌딩,,37.52472648,126.8728638,bus,bus,bus_station_seoul_cleaned.csv
목동7단지,,37.52558699,126.8671253,bus,bus,bus_station_seoul_cleaned.csv
제일은행앞,,37.5193001,126.8640996,bus,bus,bus_station_seoul_cleaned.csv
서울남부지방법원.서울남부지방검찰청,,37.52219405,126.8633685,bus,bus,bus_station_seoul_cleaned.csv
목동중학교,,37.51906056,126.8703494,bus,bus,bus_station_seoul_cleaned.csv
목동역7번출구.진명여고,,37.52450719,126.8645744,bus,bus,bus_station_seoul_cleaned.csv
우리은행신정동지점,,37.52190114,126.8587127,bus,bus,bus_station_seoul_cleaned.csv
목동역8번출구.목동오거리,,37.52580579,126.8631069,bus,bus,bus_station_seoul_cleaned.csv
신서고등학교.영상고등학교입구,,37.52539572,126.8599725,bus,bus,bus_station_seoul_cleaned.csv
신정역(은행정).신정4동주민센터,,37.52463013,126.8542989,bus,bus,bus_station_seoul_cleaned.csv
신정1동우체국,,37.52215256,126.8614154,bus,bus,bus_station_seoul_cleaned.csv
서울남부지방법원.서울남부지방검찰청,,37.52253395,126.8643535,bus,bus,bus_station_seoul_cleaned.csv
신정네거리역,,37.52127697,126.8534321,bus,bus,bus_station_seoul_cleaned.csv
신서고등학교.영상고등학교앞,,37.52262507,126.8594494,bus,bus,bus_station_seoul_cleaned.csv
목동제일여성병원,,37.52247391,126.8518789,bus,bus,bus_station_seoul_cleaned.csv
신정4동경서농협,,37.52151618,126.8551727,bus,bus,bus_station_seoul_cleaned.csv
목동역.홍익병원,,37.52804955,126.8639152,bus,bus,bus_station_seoul_cleaned.csv
목동역.목동오거리,,37.52595861,126.862791,bus,bus,bus_station_seoul_cleaned.csv
신서고교.영상고교입구,,37.52565303,126.8603986,bus,bus,bus_station_seoul_cleaned.csv
신정역(은행정).신정4동주민센터,,37.52486371,126.853972,bus,bus,bus_station_seoul_cleaned.csv
양강중학교,,37.52506713,126.850553,bus,bus,bus_station_seoul_cleaned.csv
신월문화체육센터,,37.519969,126.835249,bus,bus,bus_station_seoul_cleaned.csv
신월동우성상가,,37.5217809,126.833826,bus,bus,bus_station_seoul_cleaned.csv
중부운수앞,,37.52410407,126.8307798,bus,bus,bus_station_seoul_cleaned.csv
신월문화체육센터,,37.52011737,126.8362023,bus,bus,bus_station_seoul_cleaned.csv
신월동우성상가,,37.52171757,126.8339904,bus,bus,bus_station_seoul_cleaned.csv
서울과학수사연구소입구,,37.52235526,126.8370346,bus,bus,bus_station_seoul_cleaned.csv
신안파크아파트후문,,37.52392556,126.8288365,bus,bus,bus_station_seoul_cleaned.csv
신안파크아파트후문,,37.52409847,126.828914,bus,bus,bus_station_seoul_cleaned.csv
서울과학수사연구소.고강동종점,,37.52345522,126.8257795,bus,bus,bus_station_seoul_cleaned.csv
신정1동주민센터.신오새마을금고,,37.51760318,126.8538762,bus,bus,bus_station_seoul_cleaned.csv
신정네거리역,,37.51985338,126.8528217,bus,bus,bus_station_seoul_cleaned.csv
신트리아파트,,37.5130326,126.8538684,bus,bus,bus_station_seoul_cleaned.csv
정랑고개.양천벤처타운,,37.51166135,126.8498548,bus,bus,bus_station_seoul_cleaned.csv
서부트럭터미널.신정동일하이빌아파트,,37.510935,126.842363,bus,bus,bus_station_seoul_cleaned.csv
강신중학교,,37.51527132,126.8403599,bus,bus,bus_station_seoul_cleaned.csv
남명초교.신정3동주민센터,,37.51507653,126.8549126,bus,bus,bus_station_seoul_cleaned.csv
금옥중.금옥여고.백암고등학교,,37.50985233,126.8445827,bus,bus,bus_station_seoul_cleaned.csv
양강중학교,,37.524862,126.85028,bus,bus,bus_station_seoul_cleaned.csv
양강중학교,,37.52384985,126.849505,bus,bus,bus_station_seoul_cleaned.csv
신월2동주민센터입구.경창전통시장,,37.52310058,126.8460404,bus,bus,bus_station_seoul_cleaned.csv
강서초등학교.신월4동주민센터,,37.52202595,126.841679,bus,bus,bus_station_seoul_cleaned.csv
한빛종합사회복지관,,37.52134173,126.8387477,bus,bus,bus_station_seoul_cleaned.csv
서울과학수사연구소입구,,37.52190465,126.836962,bus,bus,bus_station_seoul_cleaned.csv
서부트럭터미널.신정동일하이빌아파트,,37.51008863,126.8423998,bus,bus,bus_station_seoul_cleaned.csv
신정현대아파트.서부트럭터미널,,37.5083598,126.8429841,bus,bus,bus_station_seoul_cleaned.csv
넓은들공원,,37.51079611,126.8392002,bus,bus,bus_station_seoul_cleaned.csv
넓은들공원,,37.51106565,126.8386454,bus,bus,bus_station_seoul_cleaned.csv
신정현대아파트,,37.50878182,126.8421396,bus,bus,bus_station_seoul_cleaned.csv
신정숲속마을아파트,,37.50644704,126.8341354,bus,bus,bus_station_seoul_cleaned.csv
신정숲속마을아파트.댓골마을입구,,37.50676368,126.8356123,bus,bus,bus_station_seoul_cleaned.csv
양천중앙도서관.푸른마을2단지,,37.51419128,126.8340906,bus,bus,bus_station_seoul_cleaned.csv
양천중앙도서관.푸른마을2단지,,37.514032,126.833988,bus,bus,bus_station_seoul_cleaned.csv
신월시영아파트.강월초등학교,,37.515731,126.83553,bus,bus,bus_station_seoul_cleaned.csv
신월시영아파트.강월초등학교,,37.515937,126.835305,bus,bus,bus_station_seoul_cleaned.csv
강월초교입구사거리,,37.51635995,126.8377839,bus,bus,bus_station_seoul_cleaned.csv
강월초교입구사거리,,37.51669255,126.8378579,bus,bus,bus_station_seoul_cleaned.csv
금실어린이공원,,37.51795429,126.8377739,bus,bus,bus_station_seoul_cleaned.csv
금실어린이공원,,37.51742852,126.8378532,bus,bus,bus_station_seoul_cleaned.csv
강신중학교,,37.51586282,126.8398086,bus,bus,bus_station_seoul_cleaned.csv
양서중학교,,37.53154635,126.8309503,bus,bus,bus_station_seoul_cleaned.csv
신월1동주민센터.신월보건지소,,37.53218127,126.831048,bus,bus,bus_station_seoul_cleaned.csv
신월3동주민센터.신월3동우체국,,37.53466482,126.8288289,bus,bus,bus_station_seoul_cleaned.csv
서부여성발전센터,,37.5351643,126.8290122,bus,bus,bus_station_seoul_cleaned.csv
가로공원공영주차장.신영시장,,37.53637599,126.833027,bus,bus,bus_station_seoul_cleaned.csv
신월사거리.국민은행신월동지점,,37.535805,126.8291079,bus,bus,bus_station_seoul_cleaned.csv
서서울호수공원,,37.52903473,126.8325722,bus,bus,bus_station_seoul_cleaned.csv
서서울호수공원,,37.52925059,126.8329213,bus,bus,bus_station_seoul_cleaned.csv
하나은행신월동지점,,37.53047685,126.8379927,bus,bus,bus_station_seoul_cleaned.csv
가로공원공영주차장,,37.53665081,126.8325797,bus,bus,bus_station_seoul_cleaned.csv
양원초교.광영여고,,37.5390246,126.8235072,bus,bus,bus_station_seoul_cleaned.csv
국민은행신월동지점,,37.53621493,126.8296039,bus,bus,bus_station_seoul_cleaned.csv
메디힐병원.서울금융고등학교,,37.53699263,126.8277769,bus,bus,bus_station_seoul_cleaned.csv
신화중학교,,37.53965099,126.8313536,bus,bus,bus_station_seoul_cleaned.csv
신월5동주민센터.신월중학교,,37.53947839,126.8275324,bus,bus,bus_station_seoul_cleaned.csv
신월5동주민센터.신월중학교,,37.53924983,126.8276176,bus,bus,bus_station_seoul_cleaned.csv
신월중학교입구,,37.5399012,126.8252825,bus,bus,bus_station_seoul_cleaned.csv
신월중학교입구,,37.54013151,126.8256582,bus,bus,bus_station_seoul_cleaned.csv
광영고.신동아파밀리에아파트,,37.53935779,126.8233616,bus,bus,bus_station_seoul_cleaned.csv
서울금융고등학교,,37.53732043,126.8270247,bus,bus,bus_station_seoul_cleaned.csv
신화중학교,,37.53935507,126.8307631,bus,bus,bus_station_seoul_cleaned.csv
경창빌딩,,37.51865936,126.8385825,bus,bus,bus_station_seoul_cleaned.csv
신월시영아파트중문,,37.51909545,126.8367193,bus,bus,bus_station_seoul_cleaned.csv
신월시영아파트중문,,37.51908399,126.8365807,bus,bus,bus_station_seoul_cleaned.csv
목원초등학교.서울지방식품의약품안전청,,37.5430365,126.8813546,bus,bus,bus_station_seoul_cleaned.csv
양천노인종합복지관,,37.51041154,126.8590793,bus,bus,bus_station_seoul_cleaned.csv
양서중학교,,37.53279646,126.8302431,bus,bus,bus_station_seoul_cleaned.csv
양명초등학교,,37.5160834,126.8572418,bus,bus,bus_station_seoul_cleaned.csv
신목동역.서울지방식품의약품안전청,,37.543803,126.883182,bus,bus,bus_station_seoul_cleaned.csv
목동파라곤,,37.5300691,126.8755215,bus,bus,bus_station_seoul_cleaned.csv
신정현대아파트.서부트럭터미널,,37.50901089,126.8420066,bus,bus,bus_station_seoul_cleaned.csv
대일관광고.푸른마을3단지,,37.51117817,126.8362219,bus,bus,bus_station_seoul_cleaned.csv
대일관광고.푸른마을3단지,,37.511319,126.835885,bus,bus,bus_station_seoul_cleaned.csv
신월문화체육센터,,37.52051249,126.8368774,bus,bus,bus_station_seoul_cleaned.csv
목동아파트1102동앞,,37.51157957,126.8601148,bus,bus,bus_station_seoul_cleaned.csv
목동아파트1434동앞,,37.51566106,126.8719841,bus,bus,bus_station_seoul_cleaned.csv
목동아파트1216동앞,,37.51150542,126.8621877,bus,bus,bus_station_seoul_cleaned.csv
신월동기점,,37.52947735,126.8385294,bus,bus,bus_station_seoul_cleaned.csv
목동아파트1218동앞,,37.51171675,126.863621,bus,bus,bus_station_seoul_cleaned.csv
양천공영차고지,,37.50842378,126.8372402,bus,bus,bus_station_seoul_cleaned.csv
서울과학수사연구소.고강동종점,,37.52363095,126.8259332,bus,bus,bus_station_seoul_cleaned.csv
신월동기점,,37.52957676,126.8386621,bus,bus,bus_station_seoul_cleaned.csv
양천공영차고지,,37.5087014,126.8376467,bus,bus,bus_station_seoul_cleaned.csv
신정이펜하우스3단지,,37.51412118,126.8304154,bus,bus,bus_station_seoul_cleaned.csv
푸른마을1단지아파트,,37.51265311,126.8353881,bus,bus,bus_station_seoul_cleaned.csv
신정교입구,,37.51860526,126.8739017,bus,bus,bus_station_seoul_cleaned.csv
중부운수앞,,37.52422031,126.8307795,bus,bus,bus_station_seoul_cleaned.csv
서남병원.이든채아파트,,37.512878,126.83488,bus,bus,bus_station_seoul_cleaned.csv
신정교입구,,37.51857081,126.8736165,bus,bus,bus_station_seoul_cleaned.csv
신월청소년문화센터,,37.5354516,126.8264418,bus,bus,bus_station_seoul_cleaned.csv
계남초등학교,,37.51012389,126.8577593,bus,bus,bus_station_seoul_cleaned.csv
신목동역.서울지방식품의약품안전청,,37.543627,126.883633,bus,bus,bus_station_seoul_cleaned.csv
신월6차보람아파트,,37.52979988,126.8354826,bus,bus,bus_station_seoul_cleaned.csv
신월6차보람아파트,,37.52990444,126.8352416,bus,bus,bus_station_seoul_cleaned.csv
신정이펜하우스2단지,,37.51450289,126.8305421,bus,bus,bus_station_seoul_cleaned.csv
신정이펜하우스1단지아파트,,37.51398714,126.8280797,bus,bus,bus_station_seoul_cleaned.csv
이펜하우스1단지.어르신요양센터,,37.51339443,126.8288197,bus,bus,bus_station_seoul_cleaned.csv
양천어르신요양센터,,37.51361822,126.8284426,bus,bus,bus_station_seoul_cleaned.csv
신정이펜하우스3.4단지,,37.51128845,126.8304617,bus,bus,bus_station_seoul_cleaned.csv
신정이펜하우스5단지.서남병원,,37.51119587,126.8334705,bus,bus,bus_station_seoul_cleaned.csv
푸른마을아파트3단지,,37.51207898,126.8365885,bus,bus,bus_station_seoul_cleaned.csv
강서보건소.9호선등촌역,,37.54903807,126.8680475,bus,bus,bus_station_seoul_cleaned.csv
염창역.골든서울호텔,,37.54686997,126.8761513,bus,bus,bus_station_seoul_cleaned.csv
목2동주민센터,,37.5461773,126.8713803,bus,bus,bus_station_seoul_cleaned.csv
동일하이빌아파트,,37.51001402,126.8408156,bus,bus,bus_station_seoul_cleaned.csv
팔복부동산.목동교회,,37.5438945,126.8703833,bus,bus,bus_station_seoul_cleaned.csv
목동문화체육센터.건영아파트,,37.54175562,126.8690347,bus,bus,bus_station_seoul_cleaned.csv
한성교회.금옥여고.백암고,,37.51078477,126.843065,bus,bus,bus_station_seoul_cleaned.csv
우신웨스트빌.목동보건지소,,37.53946323,126.8690376,bus,bus,bus_station_seoul_cleaned.csv
대림.수정아파트,,37.51233834,126.842443,bus,bus,bus_station_seoul_cleaned.csv
벽산.대주아파트,,37.51438982,126.8415303,bus,bus,bus_station_seoul_cleaned.csv
성원.극동아파트,,37.53800362,126.8716473,bus,bus,bus_station_seoul_cleaned.csv
목동센트럴2단지,,37.51552994,126.8410313,bus,bus,bus_station_seoul_cleaned.csv
목동센트럴1단지,,37.51642688,126.8407068,bus,bus,bus_station_seoul_cleaned.csv
농협.영도초등학교,,37.53591818,126.8705499,bus,bus,bus_station_seoul_cleaned.csv
학마을2단지아파트,,37.5088382,126.8442805,bus,bus,bus_station_seoul_cleaned.csv
한신청구아파트,,37.53969003,126.8815755,bus,bus,bus_station_seoul_cleaned.csv
학마을2단지아파트,,37.50896012,126.8440959,bus,bus,bus_station_seoul_cleaned.csv
신정1동주민센터,,37.51836539,126.8547129,bus,bus,bus_station_seoul_cleaned.csv
목동10단지,,37.51893713,126.8566247,bus,bus,bus_station_seoul_cleaned.csv
오목교역.대학학원,,37.52481065,126.8741567,bus,bus,bus_station_seoul_cleaned.csv
목동프라자,,37.51939999,126.8593706,bus,bus,bus_station_seoul_cleaned.csv
신서초교,,37.52063509,126.8621672,bus,bus,bus_station_seoul_cleaned.csv
서울남부지법,,37.52168132,126.8629843,bus,bus,bus_station_seoul_cleaned.csv
한신청구아파트정문,,37.53981803,126.8816171,bus,bus,bus_station_seoul_cleaned.csv
목동8단지.목동성당,,37.52259812,126.8688815,bus,bus,bus_station_seoul_cleaned.csv
목동3.4단지사잇길,,37.53279798,126.8716438,bus,bus,bus_station_seoul_cleaned.csv
용왕산입구,,37.53808809,126.8731058,bus,bus,bus_station_seoul_cleaned.csv
성원.극동아파트,,37.53800737,126.8717854,bus,bus,bus_station_seoul_cleaned.csv
목동9단지B상가,,37.51826527,126.860685,bus,bus,bus_station_seoul_cleaned.csv
현대아파트.월드메르디앙아파트,,37.5390524,126.869913,bus,bus,bus_station_seoul_cleaned.csv
목동프라자,,37.51950794,126.8592177,bus,bus,bus_station_seoul_cleaned.csv
우신웨스트빌.목동보건지소,,37.54023882,126.8688076,bus,bus,bus_station_seoul_cleaned.csv
목동문화체육센터.건영아파트,,37.54185041,126.8691975,bus,bus,bus_station_seoul_cleaned.csv
신정1동주민센터,,37.51840905,126.8543801,bus,bus,bus_station_seoul_cleaned.csv
팔복부동산.목동교회,,37.54384867,126.8704988,bus,bus,bus_station_seoul_cleaned.csv
목2동주민센터,,37.54669524,126.8713325,bus,bus,bus_station_seoul_cleaned.csv
양동중학교,,37.54752231,126.8687519,bus,bus,bus_station_seoul_cleaned.csv
수명산입구,,37.54341363,126.8288757,bus,bus,bus_station_seoul_cleaned.csv
거산아파트,,37.54019666,126.8319712,bus,bus,bus_station_seoul_cleaned.csv
신곡시장,,37.51874534,126.8425811,bus,bus,bus_station_seoul_cleaned.csv
목동센트럴1단지,,37.51655194,126.8404714,bus,bus,bus_station_seoul_cleaned.csv
목동센트럴2단지.이마트24,,37.51574513,126.8408153,bus,bus,bus_station_seoul_cleaned.csv
벽산.대주아파트,,37.51456079,126.8413478,bus,bus,bus_station_seoul_cleaned.csv
대림.수정아파트,,37.51229857,126.8423503,bus,bus,bus_station_seoul_cleaned.csv
한성교회.백암고,,37.51110809,126.842932,bus,bus,bus_station_seoul_cleaned.csv
동일하이빌아파트,,37.51014356,126.8406524,bus,bus,bus_station_seoul_cleaned.csv
현대아파트.월드메르디앙아파트,,37.53871227,126.8703584,bus,bus,bus_station_seoul_cleaned.csv
롯데캐슬아파트.목3동시장,,37.54815025,126.8671612,bus,bus,bus_station_seoul_cleaned.csv
신정이펜하우스1단지,,37.51506022,126.8280891,bus,bus,bus_station_seoul_cleaned.csv
서남병원,,37.51173975,126.8325984,bus,bus,bus_station_seoul_cleaned.csv
신은초등학교,,37.5133381,126.8335393,bus,bus,bus_station_seoul_cleaned.csv
신은초등학교,,37.51344415,126.8336663,bus,bus,bus_station_seoul_cleaned.csv
서남병원,,37.511757,126.8325259,bus,bus,bus_station_seoul_cleaned.csv
이펜하우스3.4단지,,37.51204853,126.8295805,bus,bus,bus_station_seoul_cleaned.csv
양천어르신요양센터,,37.51344186,126.82891,bus,bus,bus_station_seoul_cleaned.csv
신정이펜하우스1단지.새금성교회,,37.51445264,126.8284977,bus,bus,bus_station_seoul_cleaned.csv
목동역,,37.52536741,126.8642855,bus,bus,bus_station_seoul_cleaned.csv
목동역,,37.52533548,126.8647257,bus,bus,bus_station_seoul_cleaned.csv
갈산초등학교,,37.51293597,126.8700048,bus,bus,bus_station_seoul_cleaned.csv
갈산초등학교,,37.51304632,126.8703835,bus,bus,bus_station_seoul_cleaned.csv
화곡입구,,37.53699272,126.8272224,bus,bus,bus_station_seoul_cleaned.csv
화곡입구,,37.53709889,126.827728,bus,bus,bus_station_seoul_cleaned.csv
국립과학수사연구소,,37.52302142,126.8366145,bus,bus,bus_station_seoul_cleaned.csv
서부트럭터미널,,37.50782651,126.8437883,bus,bus,bus_station_seoul_cleaned.csv
대일고등학교,,37.53940874,126.8638776,bus,bus,bus_station_seoul_cleaned.csv
양천공영차고지,,37.5084115,126.8374185,bus,bus,bus_station_seoul_cleaned.csv
오목교역,,37.52343784,126.875144,bus,bus,bus_station_seoul_cleaned.csv
오목교역,,37.52332997,126.8753761,bus,bus,bus_station_seoul_cleaned.csv
신도림4차e편한세상,,37.51219814,126.8877444,bus,bus,bus_station_seoul_cleaned.csv
목동현대백화점,,37.52816907,126.8741805,bus,bus,bus_station_seoul_cleaned.csv
강서양천교육지원청,,37.541566,126.829937,bus,bus,bus_station_seoul_cleaned.csv
신원중학교,,37.53573324,126.8248012,bus,bus,bus_station_seoul_cleaned.csv
거산아파트,,37.5407169,126.8316906,bus,bus,bus_station_seoul_cleaned.csv
신월사거리,,37.53593379,126.8277442,bus,bus,bus_station_seoul_cleaned.csv
염창역.서울도시가스,,37.5471462,126.8758966,bus,bus,bus_station_seoul_cleaned.csv
염창역.서울도시가스,,37.54696382,126.8750053,bus,bus,bus_station_seoul_cleaned.csv
등촌역.강서보건소,,37.54911388,126.8687187,bus,bus,bus_station_seoul_cleaned.csv
등촌역.강서보건소,,37.54941062,126.8675998,bus,bus,bus_station_seoul_cleaned.csv
등촌중학교.백석초등학교,,37.55262621,126.8614386,bus,bus,bus_station_seoul_cleaned.csv
등촌중학교.백석초등학교,,37.55290522,126.8606811,bus,bus,bus_station_seoul_cleaned.csv
강서구청사거리.서울디지털대학교,,37.55488738,126.8555268,bus,bus,bus_station_seoul_cleaned.csv
강서구청사거리.서울디지털대학교,,37.55523558,126.8540843,bus,bus,bus_station_seoul_cleaned.csv
KBS스포츠월드,,37.556782,126.850512,bus,bus,bus_station_seoul_cleaned.csv
KBS스포츠월드,,37.55705053,126.8489274,bus,bus,bus_station_seoul_cleaned.csv
한국가스기술공사,,37.558022,126.845633,bus,bus,bus_station_seoul_cleaned.csv
한국가스기술공사,,37.5579718,126.8437363,bus,bus,bus_station_seoul_cleaned.csv
발산역,,37.558502,126.83922,bus,bus,bus_station_seoul_cleaned.csv
송정역,,37.5614517,126.8098253,bus,bus,bus_station_seoul_cleaned.csv
송정역,,37.56135437,126.8109376,bus,bus,bus_station_seoul_cleaned.csv
"공항중학교.마곡엠밸리9,10단지",,37.5608008,126.8155483,bus,bus,bus_station_seoul_cleaned.csv
발산역,,37.55857335,126.8376109,bus,bus,bus_station_seoul_cleaned.csv
마곡역,,37.559695,126.827513,bus,bus,bus_station_seoul_cleaned.csv
마곡역,,37.55972845,126.8262227,bus,bus,bus_station_seoul_cleaned.csv
"공항중학교.마곡엠밸리9,10단지",,37.56073797,126.8171528,bus,bus,bus_station_seoul_cleaned.csv
마곡동로사거리,,37.55907348,126.8339922,bus,bus,bus_station_seoul_cleaned.csv
마곡동로사거리,,37.55910513,126.8324755,bus,bus,bus_station_seoul_cleaned.csv
강서세무서,,37.56013525,126.8221992,bus,bus,bus_station_seoul_cleaned.csv
강서세무서,,37.56016063,126.8228597,bus,bus,bus_station_seoul_cleaned.csv
화원중학교,,37.53783315,126.8410402,bus,bus,bus_station_seoul_cleaned.csv
가양동탑산문화공원,,37.56570524,126.8461285,bus,bus,bus_station_seoul_cleaned.csv
서울식물원.식물문화센터,,37.56833693,126.835058,bus,bus,bus_station_seoul_cleaned.csv
백석초등학교.한국임업진흥원,,37.55270361,126.8616543,bus,bus,bus_station_seoul_cleaned.csv
등촌중학교.한국임업진흥원,,37.55295219,126.8601041,bus,bus,bus_station_seoul_cleaned.csv
강서대학교.강서LG베스트샵,,37.55484521,126.8560334,bus,bus,bus_station_seoul_cleaned.csv
하이웨이주유소.강서대학교,,37.55453407,126.8557935,bus,bus,bus_station_seoul_cleaned.csv
서울식물원.숲문화학교,,37.5662276,126.8341461,bus,bus,bus_station_seoul_cleaned.csv
LG사이언스파크,,37.56197854,126.8335273,bus,bus,bus_station_seoul_cleaned.csv
강서송도병원,,37.55819262,126.8437953,bus,bus,bus_station_seoul_cleaned.csv
발산역4번출구,,37.558627,126.8392815,bus,bus,bus_station_seoul_cleaned.csv
발산역5번출구,,37.55821097,126.8394839,bus,bus,bus_station_seoul_cleaned.csv
송정역,,37.56141881,126.8114083,bus,bus,bus_station_seoul_cleaned.csv
공항중학교.송정역,,37.561102,126.815009,bus,bus,bus_station_seoul_cleaned.csv
송정역4번출구,,37.56117608,126.8107201,bus,bus,bus_station_seoul_cleaned.csv
송정역,,37.56167898,126.8090169,bus,bus,bus_station_seoul_cleaned.csv
공항시장,,37.5622655,126.8088329,bus,bus,bus_station_seoul_cleaned.csv
공항시장,,37.56242304,126.8087504,bus,bus,bus_station_seoul_cleaned.csv
공항시장역3번출구,,37.56382489,126.8109494,bus,bus,bus_station_seoul_cleaned.csv
공항시장역.공항성산교회,,37.5647465,126.811384,bus,bus,bus_station_seoul_cleaned.csv
방화주유소,,37.566218,126.812578,bus,bus,bus_station_seoul_cleaned.csv
방화2동청성아파트앞,,37.56697617,126.811615,bus,bus,bus_station_seoul_cleaned.csv
방신전통시장입구,,37.56995293,126.8128628,bus,bus,bus_station_seoul_cleaned.csv
마곡우촌아파트,,37.57002343,126.8114749,bus,bus,bus_station_seoul_cleaned.csv
방신전통시장정문.방화사거리,,37.57271878,126.8115903,bus,bus,bus_station_seoul_cleaned.csv
방신전통시장정문.방화사거리,,37.57265711,126.8113414,bus,bus,bus_station_seoul_cleaned.csv
한서고등학교.보람아파트,,37.57483,126.811733,bus,bus,bus_station_seoul_cleaned.csv
한서고등학교.보람아파트,,37.57481624,126.8114186,bus,bus,bus_station_seoul_cleaned.csv
방화역2번출구,,37.576742,126.812627,bus,bus,bus_station_seoul_cleaned.csv
방화역3번출구,,37.57691187,126.8123587,bus,bus,bus_station_seoul_cleaned.csv
방화3동주민센터.국립국어원,,37.57913,126.813513,bus,bus,bus_station_seoul_cleaned.csv
방화7단지.국립국어원,,37.57930827,126.8133545,bus,bus,bus_station_seoul_cleaned.csv
가양역4번출구.가양8단지아파트,,37.56186214,126.8559124,bus,bus,bus_station_seoul_cleaned.csv
가양역7번출구.마포중고교,,37.55892751,126.8542039,bus,bus,bus_station_seoul_cleaned.csv
가양역8번출구.마포중고교,,37.55955916,126.8541936,bus,bus,bus_station_seoul_cleaned.csv
경복비즈니스고등학교,,37.55752808,126.8534483,bus,bus,bus_station_seoul_cleaned.csv
경복비즈니스고등학교,,37.55766284,126.853122,bus,bus,bus_station_seoul_cleaned.csv
강서구청.한국건강관리협회,,37.55262795,126.8505842,bus,bus,bus_station_seoul_cleaned.csv
강서구청.한국건강관리협회,,37.55266887,126.8501699,bus,bus,bus_station_seoul_cleaned.csv
우장초등학교,,37.55035323,126.8481814,bus,bus,bus_station_seoul_cleaned.csv
우장초등학교,,37.54936691,126.8477783,bus,bus,bus_station_seoul_cleaned.csv
한국폴리텍1.서울강서대학교,,37.54608728,126.8452748,bus,bus,bus_station_seoul_cleaned.csv
한국폴리텍1.서울강서대학교,,37.54584327,126.8447321,bus,bus,bus_station_seoul_cleaned.csv
화곡본동시장,,37.54317865,126.8426282,bus,bus,bus_station_seoul_cleaned.csv
화곡본동시장,,37.54334348,126.8432514,bus,bus,bus_station_seoul_cleaned.csv
화곡역6번출구,,37.5410376,126.8387506,bus,bus,bus_station_seoul_cleaned.csv
화곡역7번출구B,,37.54087302,126.8370056,bus,bus,bus_station_seoul_cleaned.csv
강서구청소년상담복지센터,,37.54019528,126.8355644,bus,bus,bus_station_seoul_cleaned.csv
화곡푸르지오,,37.54015064,126.834479,bus,bus,bus_station_seoul_cleaned.csv
외발산신광명마을,,37.54606458,126.8215259,bus,bus,bus_station_seoul_cleaned.csv
외발산신광명마을,,37.545958,126.821132,bus,bus,bus_station_seoul_cleaned.csv
강서면허시험장.메이필드호텔,,37.5496839,126.819496,bus,bus,bus_station_seoul_cleaned.csv
강서면허시험장.메이필드호텔,,37.54779762,126.8202256,bus,bus,bus_station_seoul_cleaned.csv
강서농수산물도매시장,,37.55187,126.81998,bus,bus,bus_station_seoul_cleaned.csv
영인운수.차고지,,37.54533512,126.8179353,bus,bus,bus_station_seoul_cleaned.csv
대한항공.메이필드호텔,,37.54972277,126.8168175,bus,bus,bus_station_seoul_cleaned.csv
공항동송정중학교,,37.5527773,126.8149361,bus,bus,bus_station_seoul_cleaned.csv
공항동송정중학교,,37.55313,126.815368,bus,bus,bus_station_seoul_cleaned.csv
국립항공박물관.공항동천주교회,,37.555638,126.811917,bus,bus,bus_station_seoul_cleaned.csv
국립항공박물관.공항동천주교회,,37.555152,126.811943,bus,bus,bus_station_seoul_cleaned.csv
공항동지하도입구,,37.559087,126.808185,bus,bus,bus_station_seoul_cleaned.csv
영인운수.차고지,,37.5452133,126.818294,bus,bus,bus_station_seoul_cleaned.csv
방화중학교,,37.5646214,126.8059168,bus,bus,bus_station_seoul_cleaned.csv
방화동도시개발11단지,,37.570852,126.804202,bus,bus,bus_station_seoul_cleaned.csv
개화119안전센터,,37.575195,126.8026,bus,bus,bus_station_seoul_cleaned.csv
개화119안전센터,,37.575128,126.802225,bus,bus,bus_station_seoul_cleaned.csv
개화역1번출구.개화검문소,,37.578455,126.800345,bus,bus,bus_station_seoul_cleaned.csv
개화역1번출구.개화검문소,,37.57849426,126.7997884,bus,bus,bus_station_seoul_cleaned.csv
부석마을.상사마을입구,,37.58249255,126.7985641,bus,bus,bus_station_seoul_cleaned.csv
부석마을.상사마을입구,,37.58182,126.798335,bus,bus,bus_station_seoul_cleaned.csv
영일고등학교.강서도서관,,37.54898858,126.8633554,bus,bus,bus_station_seoul_cleaned.csv
아이파크아파트.백석중학교.실로암안과,,37.5451449,126.8621413,bus,bus,bus_station_seoul_cleaned.csv
등촌2동주민센터.등촌동대림아파트,,37.54194247,126.8629699,bus,bus,bus_station_seoul_cleaned.csv
대일고교.임광아파트.배광교회,,37.53979135,126.8635679,bus,bus,bus_station_seoul_cleaned.csv
용문사.시립화곡청소년센터,,37.53709721,126.8633458,bus,bus,bus_station_seoul_cleaned.csv
목동사거리,,37.53319859,126.8635224,bus,bus,bus_station_seoul_cleaned.csv
목동사거리,,37.53163377,126.8636088,bus,bus,bus_station_seoul_cleaned.csv
화곡동남부시장,,37.53183633,126.8588539,bus,bus,bus_station_seoul_cleaned.csv
성석교회,,37.53151222,126.8575906,bus,bus,bus_station_seoul_cleaned.csv
서울신정초등학교,,37.53112932,126.8529083,bus,bus,bus_station_seoul_cleaned.csv
서울신정초등학교,,37.53093063,126.8525297,bus,bus,bus_station_seoul_cleaned.csv
화곡8동주민센터,,37.53082331,126.8495912,bus,bus,bus_station_seoul_cleaned.csv
화곡8동주민센터.까치산시장,,37.53058851,126.8488201,bus,bus,bus_station_seoul_cleaned.csv
KT강서지사,,37.52997229,126.8475167,bus,bus,bus_station_seoul_cleaned.csv
KT강서지사,,37.52995383,126.8478811,bus,bus,bus_station_seoul_cleaned.csv
화곡동유림아파트,,37.530479,126.844302,bus,bus,bus_station_seoul_cleaned.csv
화곡동유림아파트,,37.5303526,126.8444275,bus,bus,bus_station_seoul_cleaned.csv
황외과앞,,37.53096322,126.8378394,bus,bus,bus_station_seoul_cleaned.csv
까치산역2번출구,,37.53177067,126.8468456,bus,bus,bus_station_seoul_cleaned.csv
까치산역4번출구,,37.53223863,126.8461928,bus,bus,bus_station_seoul_cleaned.csv
화곡동백구사,,37.53260032,126.8425221,bus,bus,bus_station_seoul_cleaned.csv
화곡동백구사,,37.53238177,126.8407944,bus,bus,bus_station_seoul_cleaned.csv
화곡대림아파트,,37.53300318,126.8389263,bus,bus,bus_station_seoul_cleaned.csv
화곡동대림아파트.화곡중앙시장,,37.53418041,126.8383241,bus,bus,bus_station_seoul_cleaned.csv
강서문화원.강서K병원,,37.5367735,126.837192,bus,bus,bus_station_seoul_cleaned.csv
강서문화원.강서K병원,,37.53743987,126.8368737,bus,bus,bus_station_seoul_cleaned.csv
강서문화원.강서K병원,,37.53690603,126.83667,bus,bus,bus_station_seoul_cleaned.csv
강서문화원.강서K병원,,37.53717865,126.8362927,bus,bus,bus_station_seoul_cleaned.csv
다운어린이공원.화곡동교회,,37.53256448,126.8437952,bus,bus,bus_station_seoul_cleaned.csv
화원중학교,,37.537977,126.840433,bus,bus,bus_station_seoul_cleaned.csv
신월초등학교,,37.5386349,126.8389691,bus,bus,bus_station_seoul_cleaned.csv
신월초등학교,,37.53896541,126.8394912,bus,bus,bus_station_seoul_cleaned.csv
화곡역5번출구,,37.54064792,126.8409451,bus,bus,bus_station_seoul_cleaned.csv
화곡역4번출구,,37.54095273,126.8411221,bus,bus,bus_station_seoul_cleaned.csv
화곡역1번출구,,37.54279784,126.8395162,bus,bus,bus_station_seoul_cleaned.csv
화곡역8번출구,,37.54292941,126.8388886,bus,bus,bus_station_seoul_cleaned.csv
대원시장,,37.54406298,126.8382264,bus,bus,bus_station_seoul_cleaned.csv
대원시장,,37.54452489,126.8373132,bus,bus,bus_station_seoul_cleaned.csv
화곡중고등학교,,37.54722398,126.8362223,bus,bus,bus_station_seoul_cleaned.csv
화곡중고등학교,,37.54742029,126.8364708,bus,bus,bus_station_seoul_cleaned.csv
우장산역1번출구,,37.549241,126.8365028,bus,bus,bus_station_seoul_cleaned.csv
우장산역4번출구,,37.54979426,126.8362285,bus,bus,bus_station_seoul_cleaned.csv
명덕고등학교.서울스타병원,,37.55309439,126.8365206,bus,bus,bus_station_seoul_cleaned.csv
명덕고등학교.서울스타병원,,37.55329124,126.8363717,bus,bus,bus_station_seoul_cleaned.csv
발산역.우장산힐스테이트,,37.5560386,126.8376255,bus,bus,bus_station_seoul_cleaned.csv
발산역.우장산힐스테이트,,37.55676559,126.8374836,bus,bus,bus_station_seoul_cleaned.csv
발산역2번출구,,37.56009,126.838558,bus,bus,bus_station_seoul_cleaned.csv
발산역3번출구,,37.56017015,126.8389703,bus,bus,bus_station_seoul_cleaned.csv
서울호서전문학교.등촌주공3단지아파트,,37.562868,126.839465,bus,bus,bus_station_seoul_cleaned.csv
서울호서전문학교.등촌주공3단지아파트,,37.562662,126.839755,bus,bus,bus_station_seoul_cleaned.csv
서울강서우체국,,37.56456709,126.8403694,bus,bus,bus_station_seoul_cleaned.csv
서울강서우체국,,37.56456734,126.8400518,bus,bus,bus_station_seoul_cleaned.csv
양천향교역.휴먼빌아파트,,37.56921563,126.8416018,bus,bus,bus_station_seoul_cleaned.csv
양천향교입구,,37.57003,126.841425,bus,bus,bus_station_seoul_cleaned.csv
가양한강타운아파트,,37.57040291,126.8434528,bus,bus,bus_station_seoul_cleaned.csv
가양한강타운아파트,,37.57050587,126.8438103,bus,bus,bus_station_seoul_cleaned.csv
가양2단지성지아파트.동양고등학교,,37.5696276,126.846539,bus,bus,bus_station_seoul_cleaned.csv
가양2단지성지아파트.동양고등학교,,37.56964441,126.8473483,bus,bus,bus_station_seoul_cleaned.csv
한보구암마을아파트,,37.56877036,126.8490282,bus,bus,bus_station_seoul_cleaned.csv
가양동천주교영등포공업고등학교,,37.56848329,126.8496503,bus,bus,bus_station_seoul_cleaned.csv
서울서진학교.우체국앞.허준박물관,,37.56684872,126.851331,bus,bus,bus_station_seoul_cleaned.csv
탑산초등학교.허준박물관,,37.56669819,126.8517606,bus,bus,bus_station_seoul_cleaned.csv
가양4단지아파트,,37.56526185,126.8532911,bus,bus,bus_station_seoul_cleaned.csv
대림경동아파트,,37.56558806,126.8532162,bus,bus,bus_station_seoul_cleaned.csv
가양5단지아파트,,37.564242,126.85513,bus,bus,bus_station_seoul_cleaned.csv
가양2동강변아파트,,37.56417994,126.8556381,bus,bus,bus_station_seoul_cleaned.csv
가양6단지아파트,,37.56294639,126.8579044,bus,bus,bus_station_seoul_cleaned.csv
가양초등학교,,37.561717,126.85982,bus,bus,bus_station_seoul_cleaned.csv
강서구청별관,,37.56119946,126.859759,bus,bus,bus_station_seoul_cleaned.csv
가양3동주민센터,,37.56141252,126.860753,bus,bus,bus_station_seoul_cleaned.csv
가양9단지아파트,,37.559812,126.863307,bus,bus,bus_station_seoul_cleaned.csv
가양9단지아파트.세현고등학교,,37.55981193,126.8636097,bus,bus,bus_station_seoul_cleaned.csv
염창동아3차아파트.나이아가라호텔,,37.54912227,126.8776266,bus,bus,bus_station_seoul_cleaned.csv
염창동아3차아파트,,37.54881687,126.8776893,bus,bus,bus_station_seoul_cleaned.csv
염창동새마을금고,,37.55023509,126.873324,bus,bus,bus_station_seoul_cleaned.csv
염창동새마을금고,,37.55015703,126.8727945,bus,bus,bus_station_seoul_cleaned.csv
염창동한마음.관음삼성아파트,,37.55304709,126.8697189,bus,bus,bus_station_seoul_cleaned.csv
염창동관음삼성아파트,,37.55292955,126.8693581,bus,bus,bus_station_seoul_cleaned.csv
태영.삼성한사랑아파트,,37.55506527,126.8654574,bus,bus,bus_station_seoul_cleaned.csv
금호.한솔아파트,,37.55544736,126.865485,bus,bus,bus_station_seoul_cleaned.csv
블루나인비지니스센터,,37.55624283,126.8637439,bus,bus,bus_station_seoul_cleaned.csv
블루나인비지니스센터,,37.55650706,126.8639189,bus,bus,bus_station_seoul_cleaned.csv
증미역1번출구.강서소방서,,37.55786325,126.8614346,bus,bus,bus_station_seoul_cleaned.csv
증미역3번출구.강서소방서,,37.55723078,126.8617195,bus,bus,bus_station_seoul_cleaned.csv
가양역6번출구.현대프린스텔,,37.56021961,126.8563498,bus,bus,bus_station_seoul_cleaned.csv
가양역5번출구.현대아파트,,37.56041196,126.8567272,bus,bus,bus_station_seoul_cleaned.csv
가양역9번출구.우성아파트,,37.56145209,126.8539737,bus,bus,bus_station_seoul_cleaned.csv
가양역1번출구.우성아파트,,37.562223,126.853228,bus,bus,bus_station_seoul_cleaned.csv
SBS공개홀,,37.5634891,126.8508002,bus,bus,bus_station_seoul_cleaned.csv
SBS공개홀,,37.5636591,126.849849,bus,bus,bus_station_seoul_cleaned.csv
가양4.5단지상가앞,,37.56408453,126.8526273,bus,bus,bus_station_seoul_cleaned.csv
서울서진학교,,37.565616,126.849851,bus,bus,bus_station_seoul_cleaned.csv
등촌동대림아파트,,37.56440514,126.848394,bus,bus,bus_station_seoul_cleaned.csv
강서한강자이아파트,,37.56501451,126.847871,bus,bus,bus_station_seoul_cleaned.csv
가양동문화공원,,37.56665411,126.8449352,bus,bus,bus_station_seoul_cleaned.csv
가양동문화공원,,37.56681325,126.8440631,bus,bus,bus_station_seoul_cleaned.csv
양천향교역1번출구.양천초교,,37.569105,126.840356,bus,bus,bus_station_seoul_cleaned.csv
양천향교역8번출구.양천초교,,37.568749,126.840489,bus,bus,bus_station_seoul_cleaned.csv
겸재정선미술관.서울식물원,,37.56977833,126.838569,bus,bus,bus_station_seoul_cleaned.csv
겸재정선미술관.서울식물원,,37.57077334,126.8372947,bus,bus,bus_station_seoul_cleaned.csv
마곡실내배드민턴장,,37.57261855,126.8298473,bus,bus,bus_station_seoul_cleaned.csv
마곡실내배드민턴장,,37.57267477,126.8319559,bus,bus,bus_station_seoul_cleaned.csv
서남물재생센터,,37.57300456,126.8273192,bus,bus,bus_station_seoul_cleaned.csv
서남물재생센터,,37.57277006,126.8271585,bus,bus,bus_station_seoul_cleaned.csv
서남환경공원.마곡청구아파트,,37.57328221,126.8233293,bus,bus,bus_station_seoul_cleaned.csv
서남환경공원.마곡청구아파트,,37.57313662,126.822208,bus,bus,bus_station_seoul_cleaned.csv
방화2단지아파트,,37.573256,126.81844,bus,bus,bus_station_seoul_cleaned.csv
방화2단지아파트,,37.573514,126.818829,bus,bus,bus_station_seoul_cleaned.csv
방화동동부센트레빌아파트,,37.57332251,126.8138644,bus,bus,bus_station_seoul_cleaned.csv
방화동동부센트레빌아파트,,37.573528,126.814217,bus,bus,bus_station_seoul_cleaned.csv
한서고등학교.방화사거리,,37.573128,126.810512,bus,bus,bus_station_seoul_cleaned.csv
한서고등학교.방화사거리,,37.573162,126.809421,bus,bus,bus_station_seoul_cleaned.csv
개화산역2번출구,,37.572521,126.806172,bus,bus,bus_station_seoul_cleaned.csv
개화초교.개화산역2번출구,,37.572655,126.805346,bus,bus,bus_station_seoul_cleaned.csv
한강버스마곡선착장,,37.573494,126.842988,bus,bus,bus_station_seoul_cleaned.csv
등촌3동천주교회,,37.56008125,126.8457976,bus,bus,bus_station_seoul_cleaned.csv
등촌3동천주교회,,37.5599579,126.8460351,bus,bus,bus_station_seoul_cleaned.csv
등촌3동5단지아파트.등촌고등학교,,37.561745,126.84519,bus,bus,bus_station_seoul_cleaned.csv
등촌3동5단지아파트.등촌고등학교,,37.56194938,126.8452051,bus,bus,bus_station_seoul_cleaned.csv
등촌3동주공4단지아파트,,37.56242874,126.8431809,bus,bus,bus_station_seoul_cleaned.csv
등촌동부영아파트,,37.562722,126.84275,bus,bus,bus_station_seoul_cleaned.csv
등촌3동주공10단지아파트,,37.56196643,126.8474153,bus,bus,bus_station_seoul_cleaned.csv
등촌3동대림아파트,,37.56258981,126.84749,bus,bus,bus_station_seoul_cleaned.csv
마곡13단지힐스테이트아파트,,37.55669601,126.8179662,bus,bus,bus_station_seoul_cleaned.csv
서울디지털콘텐츠고등학교,,37.57552923,126.816627,bus,bus,bus_station_seoul_cleaned.csv
방화1.2단지아파트,,37.57522329,126.8168825,bus,bus,bus_station_seoul_cleaned.csv
서울백영고등학교,,37.56951691,126.8168323,bus,bus,bus_station_seoul_cleaned.csv
서울백영고등학교,,37.569091,126.816406,bus,bus,bus_station_seoul_cleaned.csv
공항중학교.신성교회,,37.56318918,126.8162656,bus,bus,bus_station_seoul_cleaned.csv
공항중학교.마곡엠밸리9단지,,37.562458,126.81676,bus,bus,bus_station_seoul_cleaned.csv
양천향교역7번출구,,37.56700014,126.8407488,bus,bus,bus_station_seoul_cleaned.csv
방신전통시장입구,,37.57005257,126.8126603,bus,bus,bus_station_seoul_cleaned.csv
방화주유소,,37.56669108,126.8125292,bus,bus,bus_station_seoul_cleaned.csv
제과점앞,,37.56021095,126.8099418,bus,bus,bus_station_seoul_cleaned.csv
공항동천주교회,,37.557387,126.811612,bus,bus,bus_station_seoul_cleaned.csv
강서한방병원,,37.53012593,126.8390315,bus,bus,bus_station_seoul_cleaned.csv
강서한방병원,,37.52999299,126.8393407,bus,bus,bus_station_seoul_cleaned.csv
강서한강자이아파트,,37.56636461,126.8500719,bus,bus,bus_station_seoul_cleaned.csv
강서구청별관,,37.561162,126.859807,bus,bus,bus_station_seoul_cleaned.csv
우장산동주민센터,,37.54792505,126.8415761,bus,bus,bus_station_seoul_cleaned.csv
블리스빌,,37.54691496,126.8442262,bus,bus,bus_station_seoul_cleaned.csv
우장산투웨니퍼스트오피스텔,,37.54719857,126.84579,bus,bus,bus_station_seoul_cleaned.csv
가양7단지상가,,37.560708,126.861713,bus,bus,bus_station_seoul_cleaned.csv
등촌주공9단지,,37.561643,126.850602,bus,bus,bus_station_seoul_cleaned.csv
강서구민올림픽체육센터,,37.559912,126.850182,bus,bus,bus_station_seoul_cleaned.csv
등촌주공6단지,,37.560553,126.848477,bus,bus,bus_station_seoul_cleaned.csv
등현초등학교,,37.56110288,126.8472695,bus,bus,bus_station_seoul_cleaned.csv
가양7단지상가앞,,37.56074916,126.861831,bus,bus,bus_station_seoul_cleaned.csv
우장산휴먼빌아파트,,37.54743835,126.8434782,bus,bus,bus_station_seoul_cleaned.csv
우장산동주민센터,,37.54807574,126.841406,bus,bus,bus_station_seoul_cleaned.csv
우장산아이파크이편한세상,,37.5480022,126.8370212,bus,bus,bus_station_seoul_cleaned.csv
우장산파크빌,,37.54665287,126.8453329,bus,bus,bus_station_seoul_cleaned.csv
강서힐스테이트아파트,,37.54785305,126.8369631,bus,bus,bus_station_seoul_cleaned.csv
등촌주공6단지앞,,37.560355,126.848447,bus,bus,bus_station_seoul_cleaned.csv
강서구민올림픽체육센터,,37.559795,126.850322,bus,bus,bus_station_seoul_cleaned.csv
등촌주공8단지상가,,37.561875,126.850932,bus,bus,bus_station_seoul_cleaned.csv
가양4.5단지상가앞,,37.563943,126.852823,bus,bus,bus_station_seoul_cleaned.csv
삼정그린코아아파트,,37.57159607,126.8117012,bus,bus,bus_station_seoul_cleaned.csv
강서농협,,37.56832217,126.8128867,bus,bus,bus_station_seoul_cleaned.csv
강서농협,,37.568388,126.812767,bus,bus,bus_station_seoul_cleaned.csv
서울방화초등학교,,37.568165,126.805304,bus,bus,bus_station_seoul_cleaned.csv
공항동주민센터,,37.55883,126.810557,bus,bus,bus_station_seoul_cleaned.csv
공항동성당,,37.556398,126.812261,bus,bus,bus_station_seoul_cleaned.csv
마곡나루역4번출구.서울식물원,,37.56525441,126.8277729,bus,bus,bus_station_seoul_cleaned.csv
마곡나루역5번출구.서울식물원,,37.56536889,126.827501,bus,bus,bus_station_seoul_cleaned.csv
마곡역4번출구,,37.55934955,126.8285731,bus,bus,bus_station_seoul_cleaned.csv
이대서울병원,,37.55873959,126.83483,bus,bus,bus_station_seoul_cleaned.csv
김포공항국내선(6번홈),,37.55874178,126.8042072,bus,bus,bus_station_seoul_cleaned.csv
김포공항국내선(2번홈),,37.55839112,126.8046467,bus,bus,bus_station_seoul_cleaned.csv
김포공항국제선,,37.56531,126.801112,bus,bus,bus_station_seoul_cleaned.csv
김포공항국제선,,37.56499803,126.8010313,bus,bus,bus_station_seoul_cleaned.csv
발산역7번출구,,37.557738,126.837903,bus,bus,bus_station_seoul_cleaned.csv
신방화역5번출구,,37.56739453,126.8174478,bus,bus,bus_station_seoul_cleaned.csv
마곡엠밸리6.7단지.마곡중학교,,37.56710783,126.8214498,bus,bus,bus_station_seoul_cleaned.csv
마곡나루역1번출구,,37.56675393,126.8257999,bus,bus,bus_station_seoul_cleaned.csv
마곡역,,37.56108,126.826863,bus,bus,bus_station_seoul_cleaned.csv
마곡역,,37.560522,126.827203,bus,bus,bus_station_seoul_cleaned.csv
마곡나루역1번출구.웰튼병원,,37.56695587,126.8265563,bus,bus,bus_station_seoul_cleaned.csv
마곡동로사거리,,37.55946749,126.8314961,bus,bus,bus_station_seoul_cleaned.csv
마곡엠밸리11.12단지,,37.56006448,126.8215713,bus,bus,bus_station_seoul_cleaned.csv
마곡13단지힐스테이트후문,,37.55663412,126.8187359,bus,bus,bus_station_seoul_cleaned.csv
공진초등학교,,37.55843228,126.8216429,bus,bus,bus_station_seoul_cleaned.csv
송정역,,37.56131557,126.812279,bus,bus,bus_station_seoul_cleaned.csv
외발산동기점,,37.54520915,126.8213322,bus,bus,bus_station_seoul_cleaned.csv
한국공항공사,,37.562433,126.798872,bus,bus,bus_station_seoul_cleaned.csv
한국공항공사,,37.56252212,126.7987624,bus,bus,bus_station_seoul_cleaned.csv
개화동상사마을종점,,37.588697,126.80181,bus,bus,bus_station_seoul_cleaned.csv
마곡수명산파크7단지,,37.54921873,126.8230654,bus,bus,bus_station_seoul_cleaned.csv
마곡수명산파크5단지6단지,,37.55130795,126.8253549,bus,bus,bus_station_seoul_cleaned.csv
마곡수명산파크2단지,,37.55490711,126.8264227,bus,bus,bus_station_seoul_cleaned.csv
마곡수명산파크2단지,,37.554787,126.826058,bus,bus,bus_station_seoul_cleaned.csv
마곡수명산파크3단지4단지,,37.55168483,126.8252226,bus,bus,bus_station_seoul_cleaned.csv
마곡수명산파크7단지,,37.549322,126.822762,bus,bus,bus_station_seoul_cleaned.csv
마곡역6번출구,,37.559571,126.825491,bus,bus,bus_station_seoul_cleaned.csv
마곡역2번출구,,37.559992,126.825875,bus,bus,bus_station_seoul_cleaned.csv
화곡2동주민센터,,37.53137688,126.8552227,bus,bus,bus_station_seoul_cleaned.csv
화곡2동주민센터,,37.53117632,126.8544836,bus,bus,bus_station_seoul_cleaned.csv
마곡엠밸리14단지아파트,,37.557467,126.826412,bus,bus,bus_station_seoul_cleaned.csv
마곡엠밸리15단지아파트,,37.55743876,126.8267496,bus,bus,bus_station_seoul_cleaned.csv
발산역9번출구,,37.55891933,126.8365136,bus,bus,bus_station_seoul_cleaned.csv
공항동주민센터,,37.558964,126.810619,bus,bus,bus_station_seoul_cleaned.csv
신방화사거리,,37.572868,126.816922,bus,bus,bus_station_seoul_cleaned.csv
신방화사거리,,37.57278556,126.8165347,bus,bus,bus_station_seoul_cleaned.csv
마곡우촌아파트,,37.5701349,126.8117127,bus,bus,bus_station_seoul_cleaned.csv
개화역광역환승센터,,37.57845,126.797811,bus,bus,bus_station_seoul_cleaned.csv
개화역광역환승센터,,37.57822,126.797978,bus,bus,bus_station_seoul_cleaned.csv
방화2동청성아파트,,37.56656391,126.8118934,bus,bus,bus_station_seoul_cleaned.csv
핑크힐병원,,37.54931475,126.8755585,bus,bus,bus_station_seoul_cleaned.csv
롯데몰.김포공항역,,37.56237983,126.8030234,bus,bus,bus_station_seoul_cleaned.csv
송정중학교정문,,37.55433721,126.8162291,bus,bus,bus_station_seoul_cleaned.csv
염창동주민센터,,37.55368009,126.8711269,bus,bus,bus_station_seoul_cleaned.csv
세븐일레븐강서메인점,,37.53514925,126.8561331,bus,bus,bus_station_seoul_cleaned.csv
강원슈퍼,,37.53566111,126.8569291,bus,bus,bus_station_seoul_cleaned.csv
화곡보람3차아파트,,37.53649486,126.8582381,bus,bus,bus_station_seoul_cleaned.csv
에이엔케슬,,37.53713606,126.8591687,bus,bus,bus_station_seoul_cleaned.csv
한광고,,37.53779304,126.8584806,bus,bus,bus_station_seoul_cleaned.csv
서울신정고등학교,,37.53728369,126.8575412,bus,bus,bus_station_seoul_cleaned.csv
명지해드는터아파트,,37.53663598,126.8564711,bus,bus,bus_station_seoul_cleaned.csv
동우아트빌,,37.53646922,126.8559329,bus,bus,bus_station_seoul_cleaned.csv
미주아파트,,37.53741388,126.8549372,bus,bus,bus_station_seoul_cleaned.csv
방송인아파트,,37.53703347,126.854109,bus,bus,bus_station_seoul_cleaned.csv
곰달래약국,,37.53151997,126.858041,bus,bus,bus_station_seoul_cleaned.csv
중앙하이츠빌라,,37.53076413,126.8581895,bus,bus,bus_station_seoul_cleaned.csv
곰달래아파트,,37.52965845,126.8565796,bus,bus,bus_station_seoul_cleaned.csv
삼성아파트,,37.52921921,126.8541282,bus,bus,bus_station_seoul_cleaned.csv
은창아파트,,37.52893527,126.8518828,bus,bus,bus_station_seoul_cleaned.csv
화곡전화국,,37.52947641,126.8479082,bus,bus,bus_station_seoul_cleaned.csv
까치산역4번출구,,37.53264329,126.8460661,bus,bus,bus_station_seoul_cleaned.csv
까치산시장,,37.53374267,126.846278,bus,bus,bus_station_seoul_cleaned.csv
화곡탑건진선미아파트,,37.53618055,126.8467094,bus,bus,bus_station_seoul_cleaned.csv
GS화곡개나리점,,37.536642,126.848008,bus,bus,bus_station_seoul_cleaned.csv
빨래터세탁소,,37.53716878,126.8491624,bus,bus,bus_station_seoul_cleaned.csv
공작세탁소,,37.53659151,126.8545741,bus,bus,bus_station_seoul_cleaned.csv
주영렉스빌,,37.53604702,126.855148,bus,bus,bus_station_seoul_cleaned.csv
세븐일레븐강서메인점,,37.53484255,126.8559979,bus,bus,bus_station_seoul_cleaned.csv
국민약국,,37.53175403,126.857847,bus,bus,bus_station_seoul_cleaned.csv
주영렉스빌,,37.53589825,126.8550458,bus,bus,bus_station_seoul_cleaned.csv
약수터,,37.53877765,126.8516393,bus,bus,bus_station_seoul_cleaned.csv
신광명마을,,37.54710826,126.8240687,bus,bus,bus_station_seoul_cleaned.csv
수명중고등학교,,37.54930247,126.8240952,bus,bus,bus_station_seoul_cleaned.csv
마곡.수명산파크4단지,,37.55061504,126.8244871,bus,bus,bus_station_seoul_cleaned.csv
방화중학교,,37.56426742,126.8065584,bus,bus,bus_station_seoul_cleaned.csv
한마음아파트,,37.55510781,126.8680232,bus,bus,bus_station_seoul_cleaned.csv
우성아파트앞,,37.55551558,126.8708997,bus,bus,bus_station_seoul_cleaned.csv
우성아파트,,37.55556159,126.8709494,bus,bus,bus_station_seoul_cleaned.csv
봉제산정상,,37.53667,126.851795,bus,bus,bus_station_seoul_cleaned.csv
생태공원,,37.5834339,126.8185408,bus,bus,bus_station_seoul_cleaned.csv
NC백화점앞,,37.5594763,126.8402473,bus,bus,bus_station_seoul_cleaned.csv
염창역1번출구.강서평생학습관,,37.54729799,126.8737556,bus,bus,bus_station_seoul_cleaned.csv
명지해드는터아파트,,37.53676359,126.8563584,bus,bus,bus_station_seoul_cleaned.csv
하이웨이주유소,,37.55446914,126.8542799,bus,bus,bus_station_seoul_cleaned.csv
서광아파트,,37.57883323,126.8194426,bus,bus,bus_station_seoul_cleaned.csv
마곡엠밸리7단지앞,,37.56542073,126.8244646,bus,bus,bus_station_seoul_cleaned.csv
대림아파트,,37.54833031,126.8751414,bus,bus,bus_station_seoul_cleaned.csv
하나마트,,37.55249234,126.8531016,bus,bus,bus_station_seoul_cleaned.csv
정곡초교,,37.57600074,126.8186173,bus,bus,bus_station_seoul_cleaned.csv
등명중학교,,37.55909511,126.8429615,bus,bus,bus_station_seoul_cleaned.csv
동아3차아파트,,37.54946212,126.8760291,bus,bus,bus_station_seoul_cleaned.csv
미주아파트,,37.53750509,126.8551022,bus,bus,bus_station_seoul_cleaned.csv
백연공원,,37.55062851,126.8520878,bus,bus,bus_station_seoul_cleaned.csv
방화4단지,,37.57674503,126.8134033,bus,bus,bus_station_seoul_cleaned.csv
등촌3동성당사거리,,37.55882591,126.8458654,bus,bus,bus_station_seoul_cleaned.csv
새마을금고,,37.55023775,126.8732765,bus,bus,bus_station_seoul_cleaned.csv
방송인아파트,,37.53719673,126.8540561,bus,bus,bus_station_seoul_cleaned.csv
강서대학교,,37.54947853,126.8512243,bus,bus,bus_station_seoul_cleaned.csv
방화3동주민센터,,37.578176,126.813948,bus,bus,bus_station_seoul_cleaned.csv
등촌6단지,,37.55956986,126.8476783,bus,bus,bus_station_seoul_cleaned.csv
관음삼성.보람더하임아파트,,37.55242246,126.8703833,bus,bus,bus_station_seoul_cleaned.csv
공작세탁소,,37.53646602,126.8543809,bus,bus,bus_station_seoul_cleaned.csv
골목시장,,37.54861944,126.8502357,bus,bus,bus_station_seoul_cleaned.csv
등촌9단지,,37.56140678,126.8487623,bus,bus,bus_station_seoul_cleaned.csv
염창중학교,,37.55335209,126.870934,bus,bus,bus_station_seoul_cleaned.csv
세븐일레븐강서메인점,,37.53505651,126.8558561,bus,bus,bus_station_seoul_cleaned.csv
SK브로드밴드강서방송,,37.54780995,126.8492844,bus,bus,bus_station_seoul_cleaned.csv
정곡초교,,37.57584687,126.8195724,bus,bus,bus_station_seoul_cleaned.csv
강서세무서.공항초교,,37.56200546,126.820609,bus,bus,bus_station_seoul_cleaned.csv
남부시장,,37.53251978,126.8576985,bus,bus,bus_station_seoul_cleaned.csv
수정빌딩,,37.54580838,126.8475437,bus,bus,bus_station_seoul_cleaned.csv
다솔마을,,37.555154,126.816664,bus,bus,bus_station_seoul_cleaned.csv
화곡유치원,,37.5444216,126.8461327,bus,bus,bus_station_seoul_cleaned.csv
마곡엠밸리14단지,,37.55803579,126.8256703,bus,bus,bus_station_seoul_cleaned.csv
등촌7단지아파트,,37.56126336,126.8530358,bus,bus,bus_station_seoul_cleaned.csv
삼천리아파트,,37.55617403,126.8698493,bus,bus,bus_station_seoul_cleaned.csv
화곡중앙하이츠빌라,,37.53074774,126.8580424,bus,bus,bus_station_seoul_cleaned.csv
본동시장,,37.54283113,126.84422,bus,bus,bus_station_seoul_cleaned.csv
마곡엠밸리14단지,,37.55832353,126.8247274,bus,bus,bus_station_seoul_cleaned.csv
한서고등학교.보람아파트,,37.57486654,126.8114927,bus,bus,bus_station_seoul_cleaned.csv
한마음아파트,,37.5550445,126.8678151,bus,bus,bus_station_seoul_cleaned.csv
곰달래아파트,,37.52979428,126.8572149,bus,bus,bus_station_seoul_cleaned.csv
본동사무소,,37.54270209,126.8477354,bus,bus,bus_station_seoul_cleaned.csv
볏골어린이공원,,37.54096763,126.8419755,bus,bus,bus_station_seoul_cleaned.csv
방신전통시장앞,,37.57334232,126.812587,bus,bus,bus_station_seoul_cleaned.csv
마곡엠밸리11.12단지상가,,37.55866262,126.821037,bus,bus,bus_station_seoul_cleaned.csv
삼성아파트,,37.52943377,126.8542115,bus,bus,bus_station_seoul_cleaned.csv
거성빌라,,37.54217874,126.8490739,bus,bus,bus_station_seoul_cleaned.csv
마곡13단지힐스테이트상가,,37.55836393,126.820138,bus,bus,bus_station_seoul_cleaned.csv
겸재정선미술관입구,,37.572225,126.837411,bus,bus,bus_station_seoul_cleaned.csv
한국건강관리협회,,37.55382512,126.8509972,bus,bus,bus_station_seoul_cleaned.csv
증미역2번출구,,37.55718046,126.8626081,bus,bus,bus_station_seoul_cleaned.csv
은창아파트,,37.5291208,126.8518067,bus,bus,bus_station_seoul_cleaned.csv
강서구립봉제산어르신복지센터,,37.54177299,126.8502913,bus,bus,bus_station_seoul_cleaned.csv
본동시장.새마을금고본점,,37.54281926,126.8427421,bus,bus,bus_station_seoul_cleaned.csv
금호APT,,37.57433998,126.8371205,bus,bus,bus_station_seoul_cleaned.csv
강서구청입구,,37.55320432,126.8496142,bus,bus,bus_station_seoul_cleaned.csv
등촌강변샤르망오피스텔,,37.55862474,126.8571485,bus,bus,bus_station_seoul_cleaned.csv
대영마트,,37.5405746,126.8510552,bus,bus,bus_station_seoul_cleaned.csv
우체국,,37.54419393,126.845932,bus,bus,bus_station_seoul_cleaned.csv
벽산아파트,,37.57556406,126.8367589,bus,bus,bus_station_seoul_cleaned.csv
우장산꿈에그린아파트,,37.5532921,126.8477997,bus,bus,bus_station_seoul_cleaned.csv
등촌현대아파트,,37.55661729,126.8550856,bus,bus,bus_station_seoul_cleaned.csv
까치산역1번출구,,37.53260556,126.8463346,bus,bus,bus_station_seoul_cleaned.csv
정은파크빌,,37.54000556,126.8514174,bus,bus,bus_station_seoul_cleaned.csv
화곡초교,,37.54358481,126.8465565,bus,bus,bus_station_seoul_cleaned.csv
벽산아파트,,37.57573888,126.8366806,bus,bus,bus_station_seoul_cleaned.csv
롯데3차APT,,37.55287241,126.8465771,bus,bus,bus_station_seoul_cleaned.csv
하이웨이주유소,,37.55559064,126.8540853,bus,bus,bus_station_seoul_cleaned.csv
까치산시장,,37.53354057,126.8460804,bus,bus,bus_station_seoul_cleaned.csv
약수터,,37.53877208,126.8515081,bus,bus,bus_station_seoul_cleaned.csv
금호APT,,37.5742938,126.8369598,bus,bus,bus_station_seoul_cleaned.csv
강서구민회관,,37.55306583,126.8442712,bus,bus,bus_station_seoul_cleaned.csv
선교교회,,37.53434202,126.8477613,bus,bus,bus_station_seoul_cleaned.csv
겸재정선미술관입구,,37.57183087,126.8374305,bus,bus,bus_station_seoul_cleaned.csv
발산어린이집,,37.55436714,126.8416539,bus,bus,bus_station_seoul_cleaned.csv
화곡탑건진선미아파트,,37.53599341,126.8468187,bus,bus,bus_station_seoul_cleaned.csv
삼거리,,37.53738778,126.8501324,bus,bus,bus_station_seoul_cleaned.csv
롯데1차,,37.55451274,126.8409792,bus,bus,bus_station_seoul_cleaned.csv
GS화곡개나리점,,37.53656745,126.8480437,bus,bus,bus_station_seoul_cleaned.csv
내발산복합복지센터,,37.55453248,126.8399796,bus,bus,bus_station_seoul_cleaned.csv
빨래터세탁소,,37.5369625,126.8492383,bus,bus,bus_station_seoul_cleaned.csv
안골공원,,37.53593151,126.8512591,bus,bus,bus_station_seoul_cleaned.csv
우장산월드메르디앙아파트,,37.55479015,126.8378891,bus,bus,bus_station_seoul_cleaned.csv
방화동동부센트레빌아파트,,37.5733692,126.8138108,bus,bus,bus_station_seoul_cleaned.csv
삼거리,,37.53733682,126.8502334,bus,bus,bus_station_seoul_cleaned.csv
강남슈퍼,,37.53519411,126.8510241,bus,bus,bus_station_seoul_cleaned.csv
프라임마트,,37.57287379,126.8182381,bus,bus,bus_station_seoul_cleaned.csv
태창아파트,,37.53757663,126.8508561,bus,bus,bus_station_seoul_cleaned.csv
신정초교,,37.53259739,126.851208,bus,bus,bus_station_seoul_cleaned.csv
정은파크빌,,37.5400282,126.8515067,bus,bus,bus_station_seoul_cleaned.csv
마곡한솔솔파크,,37.57004464,126.8226596,bus,bus,bus_station_seoul_cleaned.csv
가양역,,37.56045016,126.8566507,bus,bus,bus_station_seoul_cleaned.csv
길훈아파트,,37.56868401,126.8225723,bus,bus,bus_station_seoul_cleaned.csv
마곡중학교,,37.56896197,126.820558,bus,bus,bus_station_seoul_cleaned.csv
김포공항국내선(9번홈),,37.55954037,126.8033334,bus,bus,bus_station_seoul_cleaned.csv
마곡나루역,,37.5672229,126.8277919,bus,bus,bus_station_seoul_cleaned.csv
롯데R&D센터,,37.57131906,126.8284268,bus,bus,bus_station_seoul_cleaned.csv
마곡나루역,,37.5671627,126.8280656,bus,bus,bus_station_seoul_cleaned.csv
대한항공,,37.54998341,126.8150621,bus,bus,bus_station_seoul_cleaned.csv
LG사이언스파크,,37.5627653,126.833984,bus,bus,bus_station_seoul_cleaned.csv
김포공항국내선(13번홈),,37.55928887,126.8040502,bus,bus,bus_station_seoul_cleaned.csv
마곡엠밸리1단지,,37.56780913,126.819153,bus,bus,bus_station_seoul_cleaned.csv
마곡나루역1번출구,,37.56668638,126.8258171,bus,bus,bus_station_seoul_cleaned.csv
마곡나루역5번출구,,37.5653148,126.8274785,bus,bus,bus_station_seoul_cleaned.csv
대한항공.메이필드호텔,,37.54988855,126.8164831,bus,bus,bus_station_seoul_cleaned.csv
서울식물원.숲문화학교,,37.56631596,126.8345109,bus,bus,bus_station_seoul_cleaned.csv
마곡역2번출구,,37.55996297,126.8259968,bus,bus,bus_station_seoul_cleaned.csv
강서세무서.공항초교,,37.56190171,126.8209337,bus,bus,bus_station_seoul_cleaned.csv
강서세무서,,37.56235628,126.8213949,bus,bus,bus_station_seoul_cleaned.csv
마곡엠밸리7단지입구,,37.565172,126.824676,bus,bus,bus_station_seoul_cleaned.csv
마곡엠밸리7단지,,37.56716959,126.8235748,bus,bus,bus_station_seoul_cleaned.csv
마곡엠밸리3단지입구,,37.56745676,126.8199974,bus,bus,bus_station_seoul_cleaned.csv
마곡중학교후문,,37.56863731,126.8208225,bus,bus,bus_station_seoul_cleaned.csv
길훈아파트,,37.5688329,126.8227,bus,bus,bus_station_seoul_cleaned.csv
마곡한솔솔파크,,37.56967326,126.8228444,bus,bus,bus_station_seoul_cleaned.csv
프라임마트,,37.57298634,126.8181869,bus,bus,bus_station_seoul_cleaned.csv
방화동동부센트레빌아파트,,37.57352361,126.8142022,bus,bus,bus_station_seoul_cleaned.csv
방신전통시장앞,,37.5736123,126.8129196,bus,bus,bus_station_seoul_cleaned.csv
한서고등학교.보람아파트,,37.57501249,126.8117492,bus,bus,bus_station_seoul_cleaned.csv
동아1.2차아파트,,37.5546675,126.8718806,bus,bus,bus_station_seoul_cleaned.csv
약수터,,37.53828377,126.8515195,bus,bus,bus_station_seoul_cleaned.csv
동아1.2차아파트,,37.55465858,126.8720632,bus,bus,bus_station_seoul_cleaned.csv
화곡역7번출구A,,37.54132981,126.8387732,bus,bus,bus_station_seoul_cleaned.csv
마곡우림필유아파트,,37.57201904,126.8206648,bus,bus,bus_station_seoul_cleaned.csv
마곡우림필유아파트,,37.5720488,126.8202678,bus,bus,bus_station_seoul_cleaned.csv
대영마트,,37.54059814,126.8511435,bus,bus,bus_station_seoul_cleaned.csv
롯데R&D센터,,37.57031237,126.8285451,bus,bus,bus_station_seoul_cleaned.csv
마곡엠밸리7단지.712동,,37.56717613,126.8235219,bus,bus,bus_station_seoul_cleaned.csv
신방화역4번출구.마곡중학교,,37.56745014,126.8199237,bus,bus,bus_station_seoul_cleaned.csv
신방화역7번출구,,37.56661,126.816377,bus,bus,bus_station_seoul_cleaned.csv
마곡엠밸리4단지,,37.56893158,126.8249811,bus,bus,bus_station_seoul_cleaned.csv
신방화역6번출구.마곡엠밸리5단지,,37.566192,126.816778,bus,bus,bus_station_seoul_cleaned.csv
화곡중앙골목시장,,37.53470178,126.8377759,bus,bus,bus_station_seoul_cleaned.csv
송화벽화시장,,37.54798224,126.8352516,bus,bus,bus_station_seoul_cleaned.csv
삼천리아파트,,37.55611181,126.8698053,bus,bus,bus_station_seoul_cleaned.csv
LG주유소,,37.53152971,126.8577464,bus,bus,bus_station_seoul_cleaned.csv
오쇠동꽃단지,,37.53822117,126.7978638,bus,bus,bus_station_seoul_cleaned.csv
오쇠동꽃단지,,37.53820882,126.7974938,bus,bus,bus_station_seoul_cleaned.csv
강서구립봉제산어르신복지센터,,37.54177762,126.850392,bus,bus,bus_station_seoul_cleaned.csv
화곡중.고등학교,,37.548016,126.833277,bus,bus,bus_station_seoul_cleaned.csv
증미역,,37.55669001,126.8636352,bus,bus,bus_station_seoul_cleaned.csv
삼거리,,37.53717987,126.8501047,bus,bus,bus_station_seoul_cleaned.csv
남부시장,,37.53253613,126.8578071,bus,bus,bus_station_seoul_cleaned.csv
송정역,,37.56134422,126.8091452,bus,bus,bus_station_seoul_cleaned.csv
거성빌라,,37.54219617,126.849591,bus,bus,bus_station_seoul_cleaned.csv
김포공항국내선(10번홈),,37.55970576,126.8030851,bus,bus,bus_station_seoul_cleaned.csv
강서면허시험장,,37.55027309,126.8188279,bus,bus,bus_station_seoul_cleaned.csv
염창역.골든서울호텔,,37.54725651,126.8761933,bus,bus,bus_station_seoul_cleaned.csv
덕원여자고등학교.덕원예술고등학교,,37.54925115,126.8321738,bus,bus,bus_station_seoul_cleaned.csv
증미역,,37.55628705,126.8638396,bus,bus,bus_station_seoul_cleaned.csv
봉제산정상,,37.53667755,126.8516123,bus,bus,bus_station_seoul_cleaned.csv
김포공항국내선(15번홈),,37.55950851,126.803681,bus,bus,bus_station_seoul_cleaned.csv
성우빌딩,,37.53362667,126.8575558,bus,bus,bus_station_seoul_cleaned.csv
발산초등학교,,37.55078824,126.8314178,bus,bus,bus_station_seoul_cleaned.csv
김포공항국내선(5번홈),,37.55864404,126.8043612,bus,bus,bus_station_seoul_cleaned.csv
로미오이발클럽,,37.53603466,126.8530366,bus,bus,bus_station_seoul_cleaned.csv
강서면허시험장메이필트호텔,,37.55024778,126.8181908,bus,bus,bus_station_seoul_cleaned.csv
강서구의회,,37.54518365,126.8621435,bus,bus,bus_station_seoul_cleaned.csv
강서구의회,,37.54634875,126.8629064,bus,bus,bus_station_seoul_cleaned.csv
대일고등학교,,37.53900909,126.8634754,bus,bus,bus_station_seoul_cleaned.csv
목동사거리,,37.53067508,126.8636807,bus,bus,bus_station_seoul_cleaned.csv
김포공항국제선,,37.56587131,126.8021757,bus,bus,bus_station_seoul_cleaned.csv
강서면허시험장.강서농수산물시장,,37.55009773,126.8184685,bus,bus,bus_station_seoul_cleaned.csv
염창역2번출구,,37.547248,126.87631,bus,bus,bus_station_seoul_cleaned.csv
태영송화아파트,,37.55387545,126.8675138,bus,bus,bus_station_seoul_cleaned.csv
김포공항국제선,,37.56570601,126.801935,bus,bus,bus_station_seoul_cleaned.csv
세븐일레븐강서메인점,,37.53492464,126.8562745,bus,bus,bus_station_seoul_cleaned.csv
화곡초교,,37.54342829,126.8467696,bus,bus,bus_station_seoul_cleaned.csv
수명산근린공원,,37.55201286,126.830814,bus,bus,bus_station_seoul_cleaned.csv
관음삼성.보람더하임아파트,,37.55205208,126.8703511,bus,bus,bus_station_seoul_cleaned.csv
청송평화아파트,,37.53529991,126.8537362,bus,bus,bus_station_seoul_cleaned.csv
아람마트,,37.53440734,126.8549622,bus,bus,bus_station_seoul_cleaned.csv
마곡수명산파크1단지앞,,37.55341895,126.829825,bus,bus,bus_station_seoul_cleaned.csv
새마을금고,,37.55039001,126.8724183,bus,bus,bus_station_seoul_cleaned.csv
성심사,,37.53368889,126.8541747,bus,bus,bus_station_seoul_cleaned.csv
성심사,,37.53383054,126.8540195,bus,bus,bus_station_seoul_cleaned.csv
마곡.수명산파크2단지,,37.55361795,126.8278597,bus,bus,bus_station_seoul_cleaned.csv
아람마트,,37.53427963,126.8550585,bus,bus,bus_station_seoul_cleaned.csv
현대빌라,,37.53443759,126.8539119,bus,bus,bus_station_seoul_cleaned.csv
화곡역7번출구,,37.54127017,126.8386545,bus,bus,bus_station_seoul_cleaned.csv
마곡.수명산파크3단지,,37.55318615,126.8258981,bus,bus,bus_station_seoul_cleaned.csv
청송평화아파트,,37.535221,126.853828,bus,bus,bus_station_seoul_cleaned.csv
마곡수명산파크3단지.4단지,,37.55174523,126.8252405,bus,bus,bus_station_seoul_cleaned.csv
화곡보람3차아파트,,37.53639532,126.8583825,bus,bus,bus_station_seoul_cleaned.csv
로미오이발클럽,,37.53615716,126.8531191,bus,bus,bus_station_seoul_cleaned.csv
푸르지오APT,,37.54185797,126.8311221,bus,bus,bus_station_seoul_cleaned.csv
염동초교.염창보람더하임아파트,,37.55205753,126.8704365,bus,bus,bus_station_seoul_cleaned.csv
에이엔케슬,,37.53722631,126.8593609,bus,bus,bus_station_seoul_cleaned.csv
염동초교.염창보람더하임아파트,,37.55227396,126.8706059,bus,bus,bus_station_seoul_cleaned.csv
화곡유치원,,37.54424387,126.8462318,bus,bus,bus_station_seoul_cleaned.csv
나이아가라.골든서울호텔,,37.54885787,126.8778401,bus,bus,bus_station_seoul_cleaned.csv
한광고,,37.53789009,126.8586511,bus,bus,bus_station_seoul_cleaned.csv
수정빌딩,,37.54568011,126.8476446,bus,bus,bus_station_seoul_cleaned.csv
마곡수명산파크7단지정문,,37.54796995,126.8242285,bus,bus,bus_station_seoul_cleaned.csv
서울신정고등학교,,37.53746027,126.8574726,bus,bus,bus_station_seoul_cleaned.csv
SK브로드밴드강서방송,,37.54758725,126.849183,bus,bus,bus_station_seoul_cleaned.csv
나이아가라.골든서울호텔,,37.54912598,126.8778935,bus,bus,bus_station_seoul_cleaned.csv
골목시장,,37.54847525,126.8502247,bus,bus,bus_station_seoul_cleaned.csv
서울자동차학원,,37.54690451,126.8215964,bus,bus,bus_station_seoul_cleaned.csv
강서대학교,,37.54940115,126.8513127,bus,bus,bus_station_seoul_cleaned.csv
백연공원,,37.550627,126.852199,bus,bus,bus_station_seoul_cleaned.csv
하나마트,,37.55244731,126.8531946,bus,bus,bus_station_seoul_cleaned.csv
강서구청후문,,37.55045586,126.8502252,bus,bus,bus_station_seoul_cleaned.csv
화곡보람2차아파트,,37.55388543,126.8540264,bus,bus,bus_station_seoul_cleaned.csv
화곡6동주민센터,,37.55157295,126.8507266,bus,bus,bus_station_seoul_cleaned.csv
본동사무소,,37.54280843,126.847722,bus,bus,bus_station_seoul_cleaned.csv
황제참치,,37.55277415,126.8514758,bus,bus,bus_station_seoul_cleaned.csv
청과시장2,,37.55185365,126.8212167,bus,bus,bus_station_seoul_cleaned.csv
콘티넨탈호텔,,37.55409071,126.8522417,bus,bus,bus_station_seoul_cleaned.csv
강서면허시험장,,37.54950105,126.8191068,bus,bus,bus_station_seoul_cleaned.csv
등촌역1번출구,,37.55219983,126.8628059,bus,bus,bus_station_seoul_cleaned.csv
발산역3번출구,,37.55924607,126.8386305,bus,bus,bus_station_seoul_cleaned.csv
마곡수명산파크7단지상가,,37.547383,126.821878,bus,bus,bus_station_seoul_cleaned.csv
마곡수명산파크7단지정문,,37.54785107,126.8242775,bus,bus,bus_station_seoul_cleaned.csv
수명중.고등학교,,37.55006761,126.8241693,bus,bus,bus_station_seoul_cleaned.csv
기업은행,,37.56608841,126.8408607,bus,bus,bus_station_seoul_cleaned.csv
마곡수명산파크5단지.6단지,,37.55140845,126.8253975,bus,bus,bus_station_seoul_cleaned.csv
김포공항국내선(11-2번홈),,37.55985521,126.8027332,bus,bus,bus_station_seoul_cleaned.csv
마곡수명산파크상가,,37.55334094,126.826199,bus,bus,bus_station_seoul_cleaned.csv
2.8공원,,37.57070784,126.8378903,bus,bus,bus_station_seoul_cleaned.csv
마곡수명산파크5단지아파트,,37.55347216,126.8281311,bus,bus,bus_station_seoul_cleaned.csv
김포공항국내선(11-3번홈),,37.56001617,126.802614,bus,bus,bus_station_seoul_cleaned.csv
수명산파크1단지아파트앞,,37.55325753,126.8297394,bus,bus,bus_station_seoul_cleaned.csv
수명산근린공원,,37.55157056,126.830908,bus,bus,bus_station_seoul_cleaned.csv
발산초등학교,,37.54962732,126.8318357,bus,bus,bus_station_seoul_cleaned.csv
2.8공원,,37.57074728,126.8377373,bus,bus,bus_station_seoul_cleaned.csv
화곡중.고등학교,,37.54787562,126.8331242,bus,bus,bus_station_seoul_cleaned.csv
송화벽화시장,,37.54787149,126.8353186,bus,bus,bus_station_seoul_cleaned.csv
우장산월드메르디앙아파트,,37.55462522,126.8379443,bus,bus,bus_station_seoul_cleaned.csv
내발산복합복지센터,,37.55447057,126.8395111,bus,bus,bus_station_seoul_cleaned.csv
롯데1차,,37.55437097,126.8404847,bus,bus,bus_station_seoul_cleaned.csv
김포공항국제선(1경기),,37.56527679,126.8013317,bus,bus,bus_station_seoul_cleaned.csv
발산어린이집,,37.55426969,126.8415568,bus,bus,bus_station_seoul_cleaned.csv
강서구민회관,,37.55288372,126.8442048,bus,bus,bus_station_seoul_cleaned.csv
방화3동주민센터,,37.57838631,126.8136548,bus,bus,bus_station_seoul_cleaned.csv
롯데3차APT,,37.5527407,126.8464574,bus,bus,bus_station_seoul_cleaned.csv
방화동삼익아파트,,37.57680692,126.8132285,bus,bus,bus_station_seoul_cleaned.csv
공영주차장,,37.55318672,126.8478384,bus,bus,bus_station_seoul_cleaned.csv
강서구청입구,,37.553128,126.849806,bus,bus,bus_station_seoul_cleaned.csv
서광아파트,,37.57883265,126.8196509,bus,bus,bus_station_seoul_cleaned.csv
생태공원,,37.58348242,126.8185765,bus,bus,bus_station_seoul_cleaned.csv
등촌7단지,,37.56127708,126.8531999,bus,bus,bus_station_seoul_cleaned.csv
등촌10단지,,37.56153368,126.8486444,bus,bus,bus_station_seoul_cleaned.csv
등촌미주.진로아파트,,37.55990696,126.8477466,bus,bus,bus_station_seoul_cleaned.csv
등촌3동성당사거리,,37.55896348,126.8456364,bus,bus,bus_station_seoul_cleaned.csv
등촌5단지,,37.55914234,126.8439156,bus,bus,bus_station_seoul_cleaned.csv
원당근린공원앞,,37.55935034,126.8417736,bus,bus,bus_station_seoul_cleaned.csv
발산역.NC백화점,,37.5597454,126.8394595,bus,bus,bus_station_seoul_cleaned.csv
동우아트빌,,37.53656792,126.8560741,bus,bus,bus_station_seoul_cleaned.csv
태창아파트,,37.53775351,126.8507879,bus,bus,bus_station_seoul_cleaned.csv
김포공항역3번출구,,37.5625377,126.8017921,bus,bus,bus_station_seoul_cleaned.csv
강서농수산물도매시장,,37.553498,126.818103,bus,bus,bus_station_seoul_cleaned.csv
강서농수산물도매시장종점,,37.55451677,126.8226727,bus,bus,bus_station_seoul_cleaned.csv
등촌동주공9단지,,37.56291828,126.849752,bus,bus,bus_station_seoul_cleaned.csv
등촌주공9단지,,37.56273491,126.8499826,bus,bus,bus_station_seoul_cleaned.csv
등촌동주공8단지,,37.56210126,126.8513905,bus,bus,bus_station_seoul_cleaned.csv
국립항공박물관,,37.55633063,126.8076814,bus,bus,bus_station_seoul_cleaned.csv
등촌주공8단지,,37.56162367,126.8521,bus,bus,bus_station_seoul_cleaned.csv
대한항공화물청사,,37.55143217,126.8132205,bus,bus,bus_station_seoul_cleaned.csv
대한항공훈련센터,,37.54628775,126.8131745,bus,bus,bus_station_seoul_cleaned.csv
김포공항화물청사,,37.55342047,126.8112609,bus,bus,bus_station_seoul_cleaned.csv
김포공항세관.국립항공박물관,,37.55566085,126.8080679,bus,bus,bus_station_seoul_cleaned.csv
강원슈퍼,,37.53551602,126.8570263,bus,bus,bus_station_seoul_cleaned.csv
대한항공,,37.55073415,126.8145691,bus,bus,bus_station_seoul_cleaned.csv
대한항공.메이필드호텔,,37.549578,126.8168536,bus,bus,bus_station_seoul_cleaned.csv
김포공항국제선,,37.56488592,126.8008097,bus,bus,bus_station_seoul_cleaned.csv
신도림역,,37.50967555,126.8892229,bus,bus,bus_station_seoul_cleaned.csv
신도림역,,37.50910805,126.8884639,bus,bus,bus_station_seoul_cleaned.csv
신도림동.구로역,,37.50600214,126.8839791,bus,bus,bus_station_seoul_cleaned.csv
신도림동.구로역,,37.50534359,126.883228,bus,bus,bus_station_seoul_cleaned.csv
구일역.중앙유통상가,,37.49988063,126.8746998,bus,bus,bus_station_seoul_cleaned.csv
구일역.제일제당,,37.49970251,126.8745361,bus,bus,bus_station_seoul_cleaned.csv
동양미래대학.구로성심병원,,37.4996344,126.8679977,bus,bus,bus_station_seoul_cleaned.csv
동양미래대학.구로성심병원,,37.49937648,126.8670187,bus,bus,bus_station_seoul_cleaned.csv
개봉역.영화아파트,,37.49690678,126.860179,bus,bus,bus_station_seoul_cleaned.csv
개봉역.한마을아파트,,37.49647736,126.8620566,bus,bus,bus_station_seoul_cleaned.csv
경인중학교.개봉사거리,,37.4973831,126.8554228,bus,bus,bus_station_seoul_cleaned.csv
경인중학교.개봉사거리,,37.49717103,126.8551316,bus,bus,bus_station_seoul_cleaned.csv
구로디지털단지역,,37.48309943,126.9015481,bus,bus,bus_station_seoul_cleaned.csv
신도림역,,37.50654722,126.8921031,bus,bus,bus_station_seoul_cleaned.csv
신도림역,,37.50701588,126.8915708,bus,bus,bus_station_seoul_cleaned.csv
서울미래초등학교,,37.505102,126.889452,bus,bus,bus_station_seoul_cleaned.csv
서울미래초등학교,,37.505305,126.889449,bus,bus,bus_station_seoul_cleaned.csv
한국SGI,,37.50247704,126.8897821,bus,bus,bus_station_seoul_cleaned.csv
거리공원.구로신협본점앞,,37.50277998,126.8885489,bus,bus,bus_station_seoul_cleaned.csv
거리공원,,37.49997415,126.8918355,bus,bus,bus_station_seoul_cleaned.csv
구로도서관.대성스카이렉스,,37.49956354,126.8910758,bus,bus,bus_station_seoul_cleaned.csv
구로고등학교,,37.49656811,126.8915775,bus,bus,bus_station_seoul_cleaned.csv
영림중학교,,37.49691409,126.8916231,bus,bus,bus_station_seoul_cleaned.csv
구로구청,,37.49456195,126.8879268,bus,bus,bus_station_seoul_cleaned.csv
구로구청,,37.49475088,126.8876042,bus,bus,bus_station_seoul_cleaned.csv
고대구로병원후문,,37.49323225,126.8845657,bus,bus,bus_station_seoul_cleaned.csv
대림역,,37.49094575,126.8939772,bus,bus,bus_station_seoul_cleaned.csv
대림역,,37.49113706,126.8937988,bus,bus,bus_station_seoul_cleaned.csv
영서중학교,,37.4898314,126.8922035,bus,bus,bus_station_seoul_cleaned.csv
영서중학교,,37.49020094,126.8923358,bus,bus,bus_station_seoul_cleaned.csv
구로두산아파트,,37.488807,126.890072,bus,bus,bus_station_seoul_cleaned.csv
구로종합사회복지관,,37.487893,126.889168,bus,bus,bus_station_seoul_cleaned.csv
남구로역2번출구,,37.485278,126.886787,bus,bus,bus_station_seoul_cleaned.csv
남구로역5번출구.구로4동자치회관,,37.48531,126.886453,bus,bus,bus_station_seoul_cleaned.csv
지밸리비즈플라자.이마트구로점,,37.4841411,126.8967541,bus,bus,bus_station_seoul_cleaned.csv
고용노동부관악지청.이마트구로점,,37.48365104,126.8980497,bus,bus,bus_station_seoul_cleaned.csv
디지털산업1단지,,37.48385126,126.8950387,bus,bus,bus_station_seoul_cleaned.csv
디지털산업1단지,,37.4839659,126.8947643,bus,bus,bus_station_seoul_cleaned.csv
하이엔드1차·보건지소·치매센터,,37.48174777,126.8929302,bus,bus,bus_station_seoul_cleaned.csv
지하이시티·보건지소·치매센터,,37.48169766,126.8926352,bus,bus,bus_station_seoul_cleaned.csv
디지털단지오거리,,37.4800218,126.8908839,bus,bus,bus_station_seoul_cleaned.csv
디지털단지오거리,,37.479933,126.890398,bus,bus,bus_station_seoul_cleaned.csv
퀸즈빌,,37.487516,126.833311,bus,bus,bus_station_seoul_cleaned.csv
가리봉시장,,37.48300829,126.8871282,bus,bus,bus_station_seoul_cleaned.csv
가리봉시장,,37.4824286,126.8869929,bus,bus,bus_station_seoul_cleaned.csv
남구로역3번출구,,37.48418,126.886268,bus,bus,bus_station_seoul_cleaned.csv
남구로역,,37.4860984,126.8856451,bus,bus,bus_station_seoul_cleaned.csv
구로시장,,37.48799093,126.8848621,bus,bus,bus_station_seoul_cleaned.csv
구로시장,,37.48798,126.88461,bus,bus,bus_station_seoul_cleaned.csv
구로4동우체국.고대구로병원정문,,37.49024842,126.8842399,bus,bus,bus_station_seoul_cleaned.csv
구로4동우체국.고대구로병원정문,,37.48990222,126.8840651,bus,bus,bus_station_seoul_cleaned.csv
구로119안전센터,,37.49378426,126.8832313,bus,bus,bus_station_seoul_cleaned.csv
구로119안전센터,,37.49383625,126.8829564,bus,bus,bus_station_seoul_cleaned.csv
우리유앤미아파트,,37.49677418,126.8823841,bus,bus,bus_station_seoul_cleaned.csv
구로변전소.구로초등학교,,37.49778869,126.8840767,bus,bus,bus_station_seoul_cleaned.csv
구로2동성당,,37.49957385,126.8823344,bus,bus,bus_station_seoul_cleaned.csv
구로역·NC신구로점,,37.50003843,126.8828494,bus,bus,bus_station_seoul_cleaned.csv
구로역·NC신구로점,,37.50084604,126.8825806,bus,bus,bus_station_seoul_cleaned.csv
구로역.구로기계공구상가,,37.50356809,126.8793093,bus,bus,bus_station_seoul_cleaned.csv
구로역.구로기계공구상가,,37.50341729,126.8789985,bus,bus,bus_station_seoul_cleaned.csv
기업은행구로중앙지점,,37.50516558,126.877402,bus,bus,bus_station_seoul_cleaned.csv
기업은행구로중앙지점,,37.50487346,126.8772441,bus,bus,bus_station_seoul_cleaned.csv
두암빌라,,37.49508609,126.8257159,bus,bus,bus_station_seoul_cleaned.csv
항동우남퍼스트빌,,37.47661633,126.8190131,bus,bus,bus_station_seoul_cleaned.csv
신도림중학교,,37.50649443,126.8849527,bus,bus,bus_station_seoul_cleaned.csv
신도림중학교,,37.506772,126.884705,bus,bus,bus_station_seoul_cleaned.csv
구로역,,37.50455,126.882277,bus,bus,bus_station_seoul_cleaned.csv
구로역,,37.5048451,126.8821395,bus,bus,bus_station_seoul_cleaned.csv
초롱타운회전교차로,,37.49570305,126.8798379,bus,bus,bus_station_seoul_cleaned.csv
솔길공원,,37.48929067,126.8803655,bus,bus,bus_station_seoul_cleaned.csv
GS25,,37.49288327,126.8802099,bus,bus,bus_station_seoul_cleaned.csv
한일유앤아이아파트,,37.48564621,126.8760349,bus,bus,bus_station_seoul_cleaned.csv
항동우남퍼스트빌,,37.47668232,126.8187529,bus,bus,bus_station_seoul_cleaned.csv
구로SKV1지식산업센터,,37.47768914,126.8171865,bus,bus,bus_station_seoul_cleaned.csv
구로SKV1.제일풍경채포레스트,,37.4775799,126.8170927,bus,bus,bus_station_seoul_cleaned.csv
하늘도서관,,37.486117,126.880881,bus,bus,bus_station_seoul_cleaned.csv
개봉사거리,,37.49714471,126.8572965,bus,bus,bus_station_seoul_cleaned.csv
경인중학교,,37.49689537,126.8563002,bus,bus,bus_station_seoul_cleaned.csv
개봉치안센터,,37.49819602,126.8518576,bus,bus,bus_station_seoul_cleaned.csv
오류1동주민센터.오류문화센터,,37.49683797,126.8461421,bus,bus,bus_station_seoul_cleaned.csv
오류1동주민센터.오류문화센터,,37.49653144,126.844651,bus,bus,bus_station_seoul_cleaned.csv
오류동역,,37.49569185,126.8433601,bus,bus,bus_station_seoul_cleaned.csv
오류동역,,37.49560231,126.842537,bus,bus,bus_station_seoul_cleaned.csv
씨티월드,,37.4944629,126.8406827,bus,bus,bus_station_seoul_cleaned.csv
오류지구대.텃골,,37.49426454,126.8394648,bus,bus,bus_station_seoul_cleaned.csv
서울가든빌라앞,,37.49120294,126.8311076,bus,bus,bus_station_seoul_cleaned.csv
서울가든빌라앞,,37.491563,126.8316708,bus,bus,bus_station_seoul_cleaned.csv
성공회대학교.유한공고앞,,37.48944695,126.8250439,bus,bus,bus_station_seoul_cleaned.csv
영풍마드레빌아파트.소공원사거리,,37.49113093,126.8395381,bus,bus,bus_station_seoul_cleaned.csv
연세중앙교회,,37.49310828,126.8354231,bus,bus,bus_station_seoul_cleaned.csv
궁동청소년문화의집,,37.49332352,126.8328204,bus,bus,bus_station_seoul_cleaned.csv
궁동청소년문화의집.구로검사소,,37.49313321,126.8336322,bus,bus,bus_station_seoul_cleaned.csv
우신중고등학교,,37.4933,126.830847,bus,bus,bus_station_seoul_cleaned.csv
우신중고등학교,,37.4930634,126.8304506,bus,bus,bus_station_seoul_cleaned.csv
온수역,,37.492802,126.82376,bus,bus,bus_station_seoul_cleaned.csv
온수역,,37.49277702,126.8244009,bus,bus,bus_station_seoul_cleaned.csv
온수동새마을금고,,37.49605595,126.8243872,bus,bus,bus_station_seoul_cleaned.csv
정진학교.온수힐스테이트아파트,,37.49697459,126.8221461,bus,bus,bus_station_seoul_cleaned.csv
수궁동주민센터,,37.494651,126.830866,bus,bus,bus_station_seoul_cleaned.csv
수궁동주민센터,,37.49435913,126.8308533,bus,bus,bus_station_seoul_cleaned.csv
수궁119안전센터,,37.496815,126.829596,bus,bus,bus_station_seoul_cleaned.csv
수궁119안전센터,,37.49678424,126.8293339,bus,bus,bus_station_seoul_cleaned.csv
예림디자인고.오류고.서울공연예술고,,37.498605,126.829242,bus,bus,bus_station_seoul_cleaned.csv
예림디자인고.오류고.서울공연예술고,,37.4984,126.82904,bus,bus,bus_station_seoul_cleaned.csv
서서울생활과학고.궁동도서관,,37.50283939,126.828971,bus,bus,bus_station_seoul_cleaned.csv
서서울생활과학고.궁동도서관,,37.50220449,126.8291845,bus,bus,bus_station_seoul_cleaned.csv
오남중학교.삼미주택,,37.48853275,126.8367979,bus,bus,bus_station_seoul_cleaned.csv
오남중학교,,37.48810374,126.837157,bus,bus,bus_station_seoul_cleaned.csv
구로2동지하차도입구,,37.49019708,126.8812545,bus,bus,bus_station_seoul_cleaned.csv
구로우체국.이펜하우스5단지후문,,37.48194555,126.8422808,bus,bus,bus_station_seoul_cleaned.csv
천왕역4번출구,,37.4859414,126.8393715,bus,bus,bus_station_seoul_cleaned.csv
오류2동주민센터,,37.48864343,126.839782,bus,bus,bus_station_seoul_cleaned.csv
오류2동주민센터,,37.488887,126.839681,bus,bus,bus_station_seoul_cleaned.csv
오류2동새마을금고,,37.49052297,126.8406512,bus,bus,bus_station_seoul_cleaned.csv
오류2동새마을금고,,37.49062221,126.8405721,bus,bus,bus_station_seoul_cleaned.csv
대원주유소,,37.4869344,126.8565298,bus,bus,bus_station_seoul_cleaned.csv
대원주유소,,37.4873584,126.8561852,bus,bus,bus_station_seoul_cleaned.csv
현대아파트.개봉중앙시장,,37.49075706,126.856131,bus,bus,bus_station_seoul_cleaned.csv
현대아파트.개봉중앙시장,,37.49053374,126.8558657,bus,bus,bus_station_seoul_cleaned.csv
덕의초등학교,,37.50633773,126.8594403,bus,bus,bus_station_seoul_cleaned.csv
덕의초등학교,,37.50615802,126.8583582,bus,bus,bus_station_seoul_cleaned.csv
고척근린공원,,37.50472246,126.8552979,bus,bus,bus_station_seoul_cleaned.csv
고척근린공원.고척도서관,,37.50463373,126.8544694,bus,bus,bus_station_seoul_cleaned.csv
세곡초등학교,,37.50266835,126.8498423,bus,bus,bus_station_seoul_cleaned.csv
세곡초등학교,,37.50318205,126.850607,bus,bus,bus_station_seoul_cleaned.csv
개봉푸르지오아파트,,37.50213683,126.8478312,bus,bus,bus_station_seoul_cleaned.csv
개봉푸르지오아파트,,37.50199384,126.8480532,bus,bus,bus_station_seoul_cleaned.csv
고척근린시장,,37.50112329,126.850809,bus,bus,bus_station_seoul_cleaned.csv
용두연립,,37.49900153,126.851795,bus,bus,bus_station_seoul_cleaned.csv
우리유엔미아파트,,37.49721504,126.8826343,bus,bus,bus_station_seoul_cleaned.csv
구로2동성당,,37.49983757,126.8825792,bus,bus,bus_station_seoul_cleaned.csv
고척파크푸르지오아파트,,37.50754212,126.8593137,bus,bus,bus_station_seoul_cleaned.csv
고척시장,,37.5038511,126.8619416,bus,bus,bus_station_seoul_cleaned.csv
고척시장,,37.50313711,126.861991,bus,bus,bus_station_seoul_cleaned.csv
고척중학교,,37.50046556,126.8638647,bus,bus,bus_station_seoul_cleaned.csv
고척중학교,,37.50096715,126.8632418,bus,bus,bus_station_seoul_cleaned.csv
구로디지털단지역,,37.48348969,126.901646,bus,bus,bus_station_seoul_cleaned.csv
삼부르네상스.효성아파트,,37.47874444,126.894636,bus,bus,bus_station_seoul_cleaned.csv
구일우성아파트,,37.48949759,126.8757008,bus,bus,bus_station_seoul_cleaned.csv
구일우성아파트,,37.49013,126.875812,bus,bus,bus_station_seoul_cleaned.csv
개봉역,,37.49397888,126.8567242,bus,bus,bus_station_seoul_cleaned.csv
개봉역,,37.49348435,126.8575704,bus,bus,bus_station_seoul_cleaned.csv
개봉1동사거리.개봉푸르지오아파트,,37.50141323,126.8467947,bus,bus,bus_station_seoul_cleaned.csv
개봉1동사거리,,37.50046951,126.8469151,bus,bus,bus_station_seoul_cleaned.csv
구로1동우체국,,37.49156829,126.8745026,bus,bus,bus_station_seoul_cleaned.csv
구일우성아파트,,37.48871476,126.8762607,bus,bus,bus_station_seoul_cleaned.csv
디지털단지입구,,37.48642369,126.8764578,bus,bus,bus_station_seoul_cleaned.csv
구로보건소,,37.50023072,126.8891718,bus,bus,bus_station_seoul_cleaned.csv
궁동삼거리,,37.50640132,126.8284512,bus,bus,bus_station_seoul_cleaned.csv
구일우성아파트,,37.48974303,126.8758257,bus,bus,bus_station_seoul_cleaned.csv
개봉역,,37.49344724,126.8570002,bus,bus,bus_station_seoul_cleaned.csv
웰크론,,37.4829061,126.8938547,bus,bus,bus_station_seoul_cleaned.csv
남구로역2번출구,,37.48493217,126.8873712,bus,bus,bus_station_seoul_cleaned.csv
개봉고가,,37.49365601,126.855585,bus,bus,bus_station_seoul_cleaned.csv
구로남초등학교,,37.48398953,126.8910105,bus,bus,bus_station_seoul_cleaned.csv
연세중앙교회,,37.49330279,126.8359814,bus,bus,bus_station_seoul_cleaned.csv
가리봉파출소,,37.47924639,126.891741,bus,bus,bus_station_seoul_cleaned.csv
동양빌라,,37.49518984,126.8315971,bus,bus,bus_station_seoul_cleaned.csv
남구로역6번출구,,37.4877325,126.8885674,bus,bus,bus_station_seoul_cleaned.csv
궁동입구,,37.4934389,126.83408,bus,bus,bus_station_seoul_cleaned.csv
신도림현대아파트,,37.504635,126.886618,bus,bus,bus_station_seoul_cleaned.csv
롯데아파트,,37.50282309,126.8847255,bus,bus,bus_station_seoul_cleaned.csv
구로역1번출구.NC신구로점,,37.501827,126.882557,bus,bus,bus_station_seoul_cleaned.csv
롯데아파트,,37.50272117,126.8847504,bus,bus,bus_station_seoul_cleaned.csv
제중요양병원,,37.50361498,126.8866148,bus,bus,bus_station_seoul_cleaned.csv
구로역1번출구,,37.50207124,126.882775,bus,bus,bus_station_seoul_cleaned.csv
구로중앙하이츠아파트.화원복지관,,37.49828666,126.8798196,bus,bus,bus_station_seoul_cleaned.csv
신동아미래지움아파트,,37.50012077,126.8803765,bus,bus,bus_station_seoul_cleaned.csv
초롱타운아파트,,37.49582924,126.8800117,bus,bus,bus_station_seoul_cleaned.csv
한양수자인아파트앞,,37.47810715,126.8246295,bus,bus,bus_station_seoul_cleaned.csv
온수동종점,,37.491642,126.821273,bus,bus,bus_station_seoul_cleaned.csv
온수동종점,,37.49196839,126.8212178,bus,bus,bus_station_seoul_cleaned.csv
구로구청,,37.49592855,126.8884812,bus,bus,bus_station_seoul_cleaned.csv
대림역3번출구,,37.49350098,126.8943735,bus,bus,bus_station_seoul_cleaned.csv
구로중학교,,37.49309315,126.8908083,bus,bus,bus_station_seoul_cleaned.csv
우신중고등학교후문,,37.49604407,126.824903,bus,bus,bus_station_seoul_cleaned.csv
동양빌라,,37.49531709,126.8313007,bus,bus,bus_station_seoul_cleaned.csv
궁동입구,,37.49345532,126.8342168,bus,bus,bus_station_seoul_cleaned.csv
동부골든아파트,,37.49873071,126.8401619,bus,bus,bus_station_seoul_cleaned.csv
거성푸르뫼아파트,,37.50032244,126.8433198,bus,bus,bus_station_seoul_cleaned.csv
거성푸르뫼아파트,,37.5006161,126.8435534,bus,bus,bus_station_seoul_cleaned.csv
오류동삼거리,,37.49537031,126.8408784,bus,bus,bus_station_seoul_cleaned.csv
오류동삼거리,,37.495268,126.840776,bus,bus,bus_station_seoul_cleaned.csv
동부골든.한신플러스타운,,37.4986319,126.8403826,bus,bus,bus_station_seoul_cleaned.csv
구로역.신구로자이나인스에비뉴,,37.49982279,126.8834798,bus,bus,bus_station_seoul_cleaned.csv
개봉1동사거리,,37.50121091,126.8453709,bus,bus,bus_station_seoul_cleaned.csv
개봉1동사거리,,37.50106785,126.8455329,bus,bus,bus_station_seoul_cleaned.csv
동부골든아파트후문,,37.50008,126.842311,bus,bus,bus_station_seoul_cleaned.csv
동부골든아파트후문,,37.49956847,126.8419151,bus,bus,bus_station_seoul_cleaned.csv
항동하버라인3단지,,37.47874661,126.8229434,bus,bus,bus_station_seoul_cleaned.csv
항동하버라인3단지,,37.47916111,126.8230451,bus,bus,bus_station_seoul_cleaned.csv
푸른수목원,,37.48149466,126.8244378,bus,bus,bus_station_seoul_cleaned.csv
항동복합행정센터,,37.47963057,126.8220934,bus,bus,bus_station_seoul_cleaned.csv
푸른수목원,,37.48119036,126.8245518,bus,bus,bus_station_seoul_cleaned.csv
항동복합행정센터,,37.47952048,126.8222802,bus,bus,bus_station_seoul_cleaned.csv
푸른수목원후문.저수지앞,,37.48428958,126.8224245,bus,bus,bus_station_seoul_cleaned.csv
매화빌라,,37.47665433,126.8231547,bus,bus,bus_station_seoul_cleaned.csv
그린빌라정문,,37.48604325,126.8234322,bus,bus,bus_station_seoul_cleaned.csv
매화빌라,,37.47671239,126.8233185,bus,bus,bus_station_seoul_cleaned.csv
푸른수목원후문.저수지앞,,37.48378226,126.8222927,bus,bus,bus_station_seoul_cleaned.csv
항동중흥S클래스,,37.48108359,126.8216009,bus,bus,bus_station_seoul_cleaned.csv
항동하버라인2단지,,37.4812765,126.821657,bus,bus,bus_station_seoul_cleaned.csv
디지털단지오거리,,37.48011533,126.8887535,bus,bus,bus_station_seoul_cleaned.csv
연지타운2단지,,37.48373069,126.8408329,bus,bus,bus_station_seoul_cleaned.csv
연지타운2단지,,37.48380003,126.8412298,bus,bus,bus_station_seoul_cleaned.csv
원각사입구,,37.50055659,126.8295257,bus,bus,bus_station_seoul_cleaned.csv
삼각공원,,37.50185337,126.8925198,bus,bus,bus_station_seoul_cleaned.csv
고척고교.한일유앤아이.삼익아파트,,37.50823595,126.852461,bus,bus,bus_station_seoul_cleaned.csv
삼덕마을입구,,37.50747963,126.8500804,bus,bus,bus_station_seoul_cleaned.csv
삼덕마을입구,,37.50734089,126.8501021,bus,bus,bus_station_seoul_cleaned.csv
그랜드아파트.홍진연립,,37.50808327,126.8479514,bus,bus,bus_station_seoul_cleaned.csv
그랜드아파트.홍진연립,,37.50790667,126.8479005,bus,bus,bus_station_seoul_cleaned.csv
오류중학교,,37.50797495,126.8469113,bus,bus,bus_station_seoul_cleaned.csv
연지마을,,37.48276303,126.8422699,bus,bus,bus_station_seoul_cleaned.csv
경남아너스빌아파트,,37.49084575,126.8394522,bus,bus,bus_station_seoul_cleaned.csv
서울남부교정시설,,37.47688081,126.8397338,bus,bus,bus_station_seoul_cleaned.csv
오류남초등학교후문,,37.48931564,126.8371912,bus,bus,bus_station_seoul_cleaned.csv
서울남부교정시설입구,,37.47679544,126.8416444,bus,bus,bus_station_seoul_cleaned.csv
천왕이펜하우스6단지후문,,37.4772613,126.841954,bus,bus,bus_station_seoul_cleaned.csv
미래여성병원,,37.49128524,126.8402025,bus,bus,bus_station_seoul_cleaned.csv
동부그린아파트,,37.49004763,126.8322991,bus,bus,bus_station_seoul_cleaned.csv
오류동푸르지오아파트.송기산내과의원,,37.49129846,126.8415591,bus,bus,bus_station_seoul_cleaned.csv
1호선구일역,,37.49547596,126.8722336,bus,bus,bus_station_seoul_cleaned.csv
SK허브수.한신아파트,,37.49548273,126.8733862,bus,bus,bus_station_seoul_cleaned.csv
그린빌라정문,,37.4858461,126.8234379,bus,bus,bus_station_seoul_cleaned.csv
경서농협앞,,37.50267444,126.8639481,bus,bus,bus_station_seoul_cleaned.csv
고척고교.한일유앤아이.삼익아파트,,37.5080363,126.8526426,bus,bus,bus_station_seoul_cleaned.csv
구388버스정류장,,37.50031178,126.8468826,bus,bus,bus_station_seoul_cleaned.csv
구로디지털단지역,,37.48448438,126.9014954,bus,bus,bus_station_seoul_cleaned.csv
천왕역3번출구,,37.48719299,126.8386191,bus,bus,bus_station_seoul_cleaned.csv
대림역4번출구,,37.49440806,126.8941899,bus,bus,bus_station_seoul_cleaned.csv
동아1차아파트105동,,37.51008302,126.8820034,bus,bus,bus_station_seoul_cleaned.csv
오류동역.시장입구,,37.49346696,126.8438114,bus,bus,bus_station_seoul_cleaned.csv
개봉한진아파트.기점,,37.48604673,126.8520773,bus,bus,bus_station_seoul_cleaned.csv
개봉역,,37.4951118,126.8586856,bus,bus,bus_station_seoul_cleaned.csv
개봉역,,37.49503364,126.8581281,bus,bus,bus_station_seoul_cleaned.csv
구.사조참치,,37.48317476,126.9000464,bus,bus,bus_station_seoul_cleaned.csv
신도림중학교,,37.51069733,126.8844436,bus,bus,bus_station_seoul_cleaned.csv
개봉사거리,,37.49744142,126.8559171,bus,bus,bus_station_seoul_cleaned.csv
우리은행앞,,37.49226585,126.84346,bus,bus,bus_station_seoul_cleaned.csv
123전자타운.2001아울렛,,37.49709674,126.8623394,bus,bus,bus_station_seoul_cleaned.csv
개봉3동주민센터,,37.48616087,126.8540164,bus,bus,bus_station_seoul_cleaned.csv
국민은행.구로구민회관.구로아트밸리,,37.49582064,126.8896836,bus,bus,bus_station_seoul_cleaned.csv
1호선구일역,,37.49530538,126.8722281,bus,bus,bus_station_seoul_cleaned.csv
용두연립,,37.49879912,126.8520611,bus,bus,bus_station_seoul_cleaned.csv
남부종합상가,,37.49166543,126.8424809,bus,bus,bus_station_seoul_cleaned.csv
고척공구상가,,37.49850584,126.8606651,bus,bus,bus_station_seoul_cleaned.csv
개봉전화국,,37.48635774,126.8560066,bus,bus,bus_station_seoul_cleaned.csv
세븐일레븐편의점,,37.49165158,126.8557099,bus,bus,bus_station_seoul_cleaned.csv
대림6차.태영프라자,,37.50625186,126.883187,bus,bus,bus_station_seoul_cleaned.csv
고척초등학교,,37.49964103,126.8580365,bus,bus,bus_station_seoul_cleaned.csv
개봉1동주민센터,,37.50038644,126.8510152,bus,bus,bus_station_seoul_cleaned.csv
보람아파트,,37.48628535,126.8968737,bus,bus,bus_station_seoul_cleaned.csv
개봉역.림괄아파트,,37.49388204,126.858684,bus,bus,bus_station_seoul_cleaned.csv
덕의초등학교.고척동성당,,37.5056425,126.8576518,bus,bus,bus_station_seoul_cleaned.csv
이마트,,37.49157109,126.8540092,bus,bus,bus_station_seoul_cleaned.csv
구로고대병원정문,,37.49235083,126.8834654,bus,bus,bus_station_seoul_cleaned.csv
대림5차아파트.신도림주민센터,,37.50744851,126.8813606,bus,bus,bus_station_seoul_cleaned.csv
세곡초등학교,,37.5027164,126.8493638,bus,bus,bus_station_seoul_cleaned.csv
새마을금고사거리,,37.50169929,126.859043,bus,bus,bus_station_seoul_cleaned.csv
삼환로즈빌아파트,,37.49888493,126.8567826,bus,bus,bus_station_seoul_cleaned.csv
낙원할인마트,,37.49997839,126.8495366,bus,bus,bus_station_seoul_cleaned.csv
오류고등학교.수궁동복지회관,,37.49876118,126.8286519,bus,bus,bus_station_seoul_cleaned.csv
경북슈퍼마켓,,37.48817832,126.8568382,bus,bus,bus_station_seoul_cleaned.csv
오류동삼거리,,37.49567606,126.8404273,bus,bus,bus_station_seoul_cleaned.csv
대림5차아파트702동,,37.50765857,126.8796862,bus,bus,bus_station_seoul_cleaned.csv
서울가든아파트,,37.50107368,126.8603584,bus,bus,bus_station_seoul_cleaned.csv
성화단지앞,,37.5004599,126.8557461,bus,bus,bus_station_seoul_cleaned.csv
현대별장맨션타운4차.덕성교회,,37.49815347,126.8265496,bus,bus,bus_station_seoul_cleaned.csv
구로2동지하차도입구,,37.49016427,126.8811731,bus,bus,bus_station_seoul_cleaned.csv
대림3차아파트,,37.50688061,126.8784998,bus,bus,bus_station_seoul_cleaned.csv
고척1동주민센터.한효아파트,,37.50077474,126.8620827,bus,bus,bus_station_seoul_cleaned.csv
대우아파트,,37.50235628,126.856127,bus,bus,bus_station_seoul_cleaned.csv
개봉1치안센터,,37.50337745,126.8469793,bus,bus,bus_station_seoul_cleaned.csv
우신중고후문,,37.49600732,126.8255107,bus,bus,bus_station_seoul_cleaned.csv
항동중학교,,37.48323675,126.8220255,bus,bus,bus_station_seoul_cleaned.csv
항동중학교,,37.48275848,126.8215348,bus,bus,bus_station_seoul_cleaned.csv
한일유엔아이APT.현대로얄APT,,37.48599013,126.8765438,bus,bus,bus_station_seoul_cleaned.csv
신도림미성아파트,,37.50600355,126.8764811,bus,bus,bus_station_seoul_cleaned.csv
금강수목원아파트정문.동도아트빌,,37.48929645,126.832499,bus,bus,bus_station_seoul_cleaned.csv
청구아파트후문,,37.50114585,126.8635071,bus,bus,bus_station_seoul_cleaned.csv
경남아파트앞,,37.50391553,126.8564113,bus,bus,bus_station_seoul_cleaned.csv
삼원목욕탕,,37.50472371,126.8462945,bus,bus,bus_station_seoul_cleaned.csv
온수초교후문,,37.49434461,126.8247852,bus,bus,bus_station_seoul_cleaned.csv
월드아파트,,37.50538803,126.8768479,bus,bus,bus_station_seoul_cleaned.csv
서해그랑블아파트.금강수목원아파트후문,,37.48832027,126.8309461,bus,bus,bus_station_seoul_cleaned.csv
고척시장,,37.50310353,126.862377,bus,bus,bus_station_seoul_cleaned.csv
양우아파트,,37.5048737,126.8559186,bus,bus,bus_station_seoul_cleaned.csv
경북슈퍼마켓,,37.48810905,126.8569163,bus,bus,bus_station_seoul_cleaned.csv
오류중학교,,37.50649681,126.8454007,bus,bus,bus_station_seoul_cleaned.csv
온수역,,37.49295466,126.8250915,bus,bus,bus_station_seoul_cleaned.csv
센추리아파트,,37.50496571,126.8612662,bus,bus,bus_station_seoul_cleaned.csv
고척2동주민센터.고척지구대,,37.5066045,126.8585086,bus,bus,bus_station_seoul_cleaned.csv
철산교앞,,37.48809308,126.859418,bus,bus,bus_station_seoul_cleaned.csv
우신중고후문,,37.49587216,126.8255144,bus,bus,bus_station_seoul_cleaned.csv
오류동교회,,37.49673019,126.8396348,bus,bus,bus_station_seoul_cleaned.csv
리가아파트,,37.50605948,126.8608037,bus,bus,bus_station_seoul_cleaned.csv
덕의공원,,37.50687898,126.855762,bus,bus,bus_station_seoul_cleaned.csv
현대IPARK후문,,37.48891659,126.8600859,bus,bus,bus_station_seoul_cleaned.csv
건강약국,,37.5027959,126.844646,bus,bus,bus_station_seoul_cleaned.csv
현대별장맨션타운4차.덕성교회,,37.49810496,126.8266538,bus,bus,bus_station_seoul_cleaned.csv
항아리,,37.49867586,126.8864312,bus,bus,bus_station_seoul_cleaned.csv
한일유엔아이아파트,,37.48561824,126.8759504,bus,bus,bus_station_seoul_cleaned.csv
럭비구장,,37.49127886,126.826998,bus,bus,bus_station_seoul_cleaned.csv
세양청마루아파트,,37.50672328,126.8623952,bus,bus,bus_station_seoul_cleaned.csv
진성아파트,,37.5070726,126.8550888,bus,bus,bus_station_seoul_cleaned.csv
현대IPARK정문,,37.49104416,126.8609086,bus,bus,bus_station_seoul_cleaned.csv
개봉전화국,,37.48644334,126.8560121,bus,bus,bus_station_seoul_cleaned.csv
개봉중학교,,37.50229993,126.8429598,bus,bus,bus_station_seoul_cleaned.csv
오류중학교,,37.50649843,126.8452627,bus,bus,bus_station_seoul_cleaned.csv
오류고등학교.수궁동복지회관,,37.4986707,126.8284021,bus,bus,bus_station_seoul_cleaned.csv
온수역,,37.49203726,126.8238225,bus,bus,bus_station_seoul_cleaned.csv
경남1차.중앙하이츠아파트,,37.50536335,126.863013,bus,bus,bus_station_seoul_cleaned.csv
구민체육센터후문,,37.50752685,126.8539612,bus,bus,bus_station_seoul_cleaned.csv
현대2차APT,,37.49188086,126.860544,bus,bus,bus_station_seoul_cleaned.csv
개봉3동주민센터,,37.4862735,126.8540082,bus,bus,bus_station_seoul_cleaned.csv
건강약국,,37.50266532,126.8447062,bus,bus,bus_station_seoul_cleaned.csv
삼원목욕탕,,37.50471005,126.8461848,bus,bus,bus_station_seoul_cleaned.csv
거성아파트,,37.48986067,126.8507702,bus,bus,bus_station_seoul_cleaned.csv
GS25.한신아파트,,37.49573382,126.8740427,bus,bus,bus_station_seoul_cleaned.csv
구로고.구로도서관,,37.49856988,126.8908028,bus,bus,bus_station_seoul_cleaned.csv
천왕역1번출구,,37.48576614,126.8391747,bus,bus,bus_station_seoul_cleaned.csv
오류동역2번출구,,37.49362911,126.8437913,bus,bus,bus_station_seoul_cleaned.csv
미래빌라,,37.49270769,126.8419896,bus,bus,bus_station_seoul_cleaned.csv
우림필유아파트,,37.49424505,126.847189,bus,bus,bus_station_seoul_cleaned.csv
동부에이스,,37.49490271,126.849717,bus,bus,bus_station_seoul_cleaned.csv
개봉푸르지오후문,,37.50017011,126.8491645,bus,bus,bus_station_seoul_cleaned.csv
개봉푸르지오정문,,37.50104575,126.8487501,bus,bus,bus_station_seoul_cleaned.csv
개봉1동사거리,,37.50141611,126.845545,bus,bus,bus_station_seoul_cleaned.csv
신도림역.아이파크아파트,,37.51060737,126.8884581,bus,bus,bus_station_seoul_cleaned.csv
동아2차아파트상가,,37.5086078,126.8867871,bus,bus,bus_station_seoul_cleaned.csv
동진빌라.오정초등학교,,37.49066893,126.8253388,bus,bus,bus_station_seoul_cleaned.csv
마젤란아파트.예인학원앞,,37.50440863,126.8632963,bus,bus,bus_station_seoul_cleaned.csv
개봉한진아파트.기점,,37.48614945,126.8520748,bus,bus,bus_station_seoul_cleaned.csv
정도주택,,37.49410557,126.8516947,bus,bus,bus_station_seoul_cleaned.csv
신세기아파트,,37.49390954,126.8534478,bus,bus,bus_station_seoul_cleaned.csv
브라운스톤,,37.49089304,126.8531456,bus,bus,bus_station_seoul_cleaned.csv
개웅어린이공원,,37.48995611,126.8532407,bus,bus,bus_station_seoul_cleaned.csv
거성슈퍼,,37.48995768,126.8526923,bus,bus,bus_station_seoul_cleaned.csv
대림그린빌라,,37.48996213,126.851855,bus,bus,bus_station_seoul_cleaned.csv
에덴맨션,,37.49271774,126.8514712,bus,bus,bus_station_seoul_cleaned.csv
구로보건소.금호새솔아파트,,37.5003559,126.8905655,bus,bus,bus_station_seoul_cleaned.csv
구로공구상가,,37.50471684,126.8774141,bus,bus,bus_station_seoul_cleaned.csv
한화비즈메트로,,37.48064686,126.8935677,bus,bus,bus_station_seoul_cleaned.csv
한국산업기술시험원.디지털탑프라자,,37.48161251,126.8973623,bus,bus,bus_station_seoul_cleaned.csv
구로디지털단지우체국,,37.48298698,126.8981516,bus,bus,bus_station_seoul_cleaned.csv
JNK디지털타워,,37.48209193,126.8974692,bus,bus,bus_station_seoul_cleaned.csv
에이스하이엔드타워2차.G밸리산업박물관,,37.48081102,126.8957891,bus,bus,bus_station_seoul_cleaned.csv
대륭포스트타워8차,,37.480603,126.894584,bus,bus,bus_station_seoul_cleaned.csv
에이스하이엔드타워1차,,37.48122292,126.8929112,bus,bus,bus_station_seoul_cleaned.csv
천왕이펜하우스6단지후문,,37.47790676,126.8427844,bus,bus,bus_station_seoul_cleaned.csv
천왕이펜하우스6단지후문,,37.47820668,126.8426741,bus,bus,bus_station_seoul_cleaned.csv
연지타운2단지,,37.48193475,126.8448667,bus,bus,bus_station_seoul_cleaned.csv
연지타운2단지,,37.48210554,126.8452305,bus,bus,bus_station_seoul_cleaned.csv
남부교도소,,37.47643247,126.8407003,bus,bus,bus_station_seoul_cleaned.csv
남부교도소,,37.4762796,126.8409403,bus,bus,bus_station_seoul_cleaned.csv
지타워.G밸리산업박물관,,37.48055799,126.8949415,bus,bus,bus_station_seoul_cleaned.csv
작은굴다리,,37.5029617,126.8455401,bus,bus,bus_station_seoul_cleaned.csv
개봉1치안센터,,37.50328877,126.8466956,bus,bus,bus_station_seoul_cleaned.csv
하이츠.영화.우방.한국현대,,37.49685249,126.874854,bus,bus,bus_station_seoul_cleaned.csv
영림중학교,,37.49767403,126.891508,bus,bus,bus_station_seoul_cleaned.csv
유한공고.성공회대앞,,37.48847996,126.8246024,bus,bus,bus_station_seoul_cleaned.csv
우성꿈동산.산업인아파트,,37.50353479,126.8636136,bus,bus,bus_station_seoul_cleaned.csv
거성푸르뫼아파트입구,,37.50132217,126.8463908,bus,bus,bus_station_seoul_cleaned.csv
삼성그린빌라,,37.49048506,126.8516795,bus,bus,bus_station_seoul_cleaned.csv
SK허브수.구로우성APT,,37.495684,126.8738019,bus,bus,bus_station_seoul_cleaned.csv
구로구민회관,,37.49629912,126.8905573,bus,bus,bus_station_seoul_cleaned.csv
KEB하나은행,,37.48449299,126.8957737,bus,bus,bus_station_seoul_cleaned.csv
동삼빌라,,37.48726514,126.8239106,bus,bus,bus_station_seoul_cleaned.csv
천왕이펜하우스2단지,,37.48565247,126.8379747,bus,bus,bus_station_seoul_cleaned.csv
구로우체국.이펜하우스3단지후문,,37.48189581,126.8421453,bus,bus,bus_station_seoul_cleaned.csv
금강수목원아파트,,37.48929374,126.8343983,bus,bus,bus_station_seoul_cleaned.csv
덕성빌라,,37.49111488,126.8516375,bus,bus,bus_station_seoul_cleaned.csv
현대상선.구일중학교,,37.4953253,126.8745919,bus,bus,bus_station_seoul_cleaned.csv
구로구청,,37.49468728,126.88918,bus,bus,bus_station_seoul_cleaned.csv
오류동교회,,37.49697722,126.8397315,bus,bus,bus_station_seoul_cleaned.csv
한일한의원,,37.50193991,126.8644523,bus,bus,bus_station_seoul_cleaned.csv
항동하버라인10단지,,37.47976251,126.825692,bus,bus,bus_station_seoul_cleaned.csv
큰굴다리,,37.49930666,126.847276,bus,bus,bus_station_seoul_cleaned.csv
항동제일풍경채,,37.47589344,126.816872,bus,bus,bus_station_seoul_cleaned.csv
선경아트빌라,,37.49200152,126.851532,bus,bus,bus_station_seoul_cleaned.csv
구로중학교,,37.4932861,126.890181,bus,bus,bus_station_seoul_cleaned.csv
항동생활체육관,,37.47739966,126.8227065,bus,bus,bus_station_seoul_cleaned.csv
디지털단지오거리,,37.47999562,126.8908072,bus,bus,bus_station_seoul_cleaned.csv
디지털1단지,,37.4837488,126.8948984,bus,bus,bus_station_seoul_cleaned.csv
포포인츠바이쉐라톤서울구로,,37.48351825,126.8991865,bus,bus,bus_station_seoul_cleaned.csv
포포인츠바이쉐라톤서울구로,,37.48330302,126.8992002,bus,bus,bus_station_seoul_cleaned.csv
유풍약국,,37.50127317,126.8653108,bus,bus,bus_station_seoul_cleaned.csv
구민체육관후문,,37.5074094,126.8537205,bus,bus,bus_station_seoul_cleaned.csv
개봉교입구,,37.48595984,126.8561472,bus,bus,bus_station_seoul_cleaned.csv
크로바마트,,37.49354758,126.8514133,bus,bus,bus_station_seoul_cleaned.csv
동구로새마을금고,,37.49110854,126.8921564,bus,bus,bus_station_seoul_cleaned.csv
동양미래대학교.구로성심병원,,37.50029407,126.8664493,bus,bus,bus_station_seoul_cleaned.csv
진성아파트,,37.50691982,126.8549532,bus,bus,bus_station_seoul_cleaned.csv
대원카센터,,37.48512353,126.8546041,bus,bus,bus_station_seoul_cleaned.csv
낙원할인마트,,37.49983678,126.8496003,bus,bus,bus_station_seoul_cleaned.csv
개봉사거리,,37.49712051,126.8558272,bus,bus,bus_station_seoul_cleaned.csv
구로주공APT,,37.49155739,126.8759202,bus,bus,bus_station_seoul_cleaned.csv
구로시장.남구로시장,,37.48929152,126.8909462,bus,bus,bus_station_seoul_cleaned.csv
푸른수목원후문,,37.4842023,126.8225268,bus,bus,bus_station_seoul_cleaned.csv
청구아파트.동아한신아파트,,37.50050808,126.8644775,bus,bus,bus_station_seoul_cleaned.csv
덕의공원,,37.50657321,126.8559436,bus,bus,bus_station_seoul_cleaned.csv
한진APT후문,,37.48381246,126.8539078,bus,bus,bus_station_seoul_cleaned.csv
개봉1동주민센터,,37.50031802,126.8510595,bus,bus,bus_station_seoul_cleaned.csv
롯데시티호텔구로,,37.48509049,126.8979937,bus,bus,bus_station_seoul_cleaned.csv
롯데시티호텔구로,,37.48540047,126.8970039,bus,bus,bus_station_seoul_cleaned.csv
구일우성아파트,,37.48990122,126.8758108,bus,bus,bus_station_seoul_cleaned.csv
구로3동주민센터.삼성래미안아파트,,37.48741064,126.8905109,bus,bus,bus_station_seoul_cleaned.csv
신도림역,,37.50854787,126.8877203,bus,bus,bus_station_seoul_cleaned.csv
고척1동주민센터.한효아파트,,37.50083373,126.8624422,bus,bus,bus_station_seoul_cleaned.csv
금강수목원아파트,,37.48945826,126.8344573,bus,bus,bus_station_seoul_cleaned.csv
항동하버라인4단지,,37.48190379,126.8254007,bus,bus,bus_station_seoul_cleaned.csv
고척2동주민센터.고척지구대,,37.50640248,126.858576,bus,bus,bus_station_seoul_cleaned.csv
별장쉐르빌앞,,37.487055,126.832939,bus,bus,bus_station_seoul_cleaned.csv
덕일전자공업고등학교,,37.4898477,126.8375264,bus,bus,bus_station_seoul_cleaned.csv
개명초교,,37.48228086,126.8526749,bus,bus,bus_station_seoul_cleaned.csv
항동하버라인4단지.푸른수목원,,37.48271777,126.8259557,bus,bus,bus_station_seoul_cleaned.csv
항동하버라인3단지아파트,,37.47973214,126.8252503,bus,bus,bus_station_seoul_cleaned.csv
우성아파트,,37.51158448,126.8856063,bus,bus,bus_station_seoul_cleaned.csv
신도림역,,37.51055775,126.8897751,bus,bus,bus_station_seoul_cleaned.csv
도림천역2번출구,,37.51457321,126.8831161,bus,bus,bus_station_seoul_cleaned.csv
구로3파출소,,37.48614912,126.8916518,bus,bus,bus_station_seoul_cleaned.csv
동삼빌라,,37.48719856,126.8239763,bus,bus,bus_station_seoul_cleaned.csv
천왕이펜하우스3단지입구,,37.482418,126.838209,bus,bus,bus_station_seoul_cleaned.csv
신도림동아3차아파트,,37.51021083,126.8836885,bus,bus,bus_station_seoul_cleaned.csv
구로보건소,,37.50035972,126.8889644,bus,bus,bus_station_seoul_cleaned.csv
서울가든아파트,,37.50116123,126.8604736,bus,bus,bus_station_seoul_cleaned.csv
구로역(NC백화점),,37.4996999,126.8831339,bus,bus,bus_station_seoul_cleaned.csv
구로역(NC백화점),,37.50048011,126.8829913,bus,bus,bus_station_seoul_cleaned.csv
구로구청,,37.4957879,126.8903215,bus,bus,bus_station_seoul_cleaned.csv
구로구청,,37.49587003,126.8885413,bus,bus,bus_station_seoul_cleaned.csv
오류동입구,,37.50047864,126.8469521,bus,bus,bus_station_seoul_cleaned.csv
개봉역입구,,37.49122523,126.8558389,bus,bus,bus_station_seoul_cleaned.csv
개봉역입구,,37.49103306,126.856151,bus,bus,bus_station_seoul_cleaned.csv
개봉교,,37.48764669,126.856136,bus,bus,bus_station_seoul_cleaned.csv
개봉교,,37.48658033,126.8565859,bus,bus,bus_station_seoul_cleaned.csv
대림역,,37.49335324,126.8944156,bus,bus,bus_station_seoul_cleaned.csv
고척사거리.고척파크푸르지오,,37.50682458,126.8596543,bus,bus,bus_station_seoul_cleaned.csv
대상APT,,37.48205685,126.8499684,bus,bus,bus_station_seoul_cleaned.csv
구로시장.남구로시장입구,,37.49017455,126.8815338,bus,bus,bus_station_seoul_cleaned.csv
에이스테크노타워,,37.48502178,126.8941495,bus,bus,bus_station_seoul_cleaned.csv
구로공구상가,,37.5033557,126.8795721,bus,bus,bus_station_seoul_cleaned.csv
보성운수기종점,,37.49015859,126.8928277,bus,bus,bus_station_seoul_cleaned.csv
새마을금고사거리,,37.50150325,126.8586283,bus,bus,bus_station_seoul_cleaned.csv
양우아파트,,37.50481765,126.8557649,bus,bus,bus_station_seoul_cleaned.csv
영화APT,,37.48241443,126.848571,bus,bus,bus_station_seoul_cleaned.csv
천왕역,,37.48629922,126.8386352,bus,bus,bus_station_seoul_cleaned.csv
대우자동차정비소,,37.49154212,126.8821344,bus,bus,bus_station_seoul_cleaned.csv
고척초등학교,,37.499467,126.85815,bus,bus,bus_station_seoul_cleaned.csv
경남아파트,,37.50387372,126.8563547,bus,bus,bus_station_seoul_cleaned.csv
남부주유소,,37.48234404,126.8472689,bus,bus,bus_station_seoul_cleaned.csv
신도림역2번출구,,37.50763724,126.8918838,bus,bus,bus_station_seoul_cleaned.csv
구로고대병원후문,,37.49347753,126.8856372,bus,bus,bus_station_seoul_cleaned.csv
구로3동현대아파트,,37.48698924,126.8978497,bus,bus,bus_station_seoul_cleaned.csv
공구상가,,37.498625,126.8601179,bus,bus,bus_station_seoul_cleaned.csv
대우아파트,,37.50235252,126.8559981,bus,bus,bus_station_seoul_cleaned.csv
123전자타운.2001아울렛,,37.49729256,126.8618086,bus,bus,bus_station_seoul_cleaned.csv
성화단지앞,,37.50057963,126.8556554,bus,bus,bus_station_seoul_cleaned.csv
구로디지털단지입구,,37.48292657,126.9006494,bus,bus,bus_station_seoul_cleaned.csv
삼환로즈빌아파트,,37.4987023,126.8566416,bus,bus,bus_station_seoul_cleaned.csv
문성골,,37.48149236,126.8999955,bus,bus,bus_station_seoul_cleaned.csv
에이스테크노타워,,37.48526977,126.8937835,bus,bus,bus_station_seoul_cleaned.csv
구로3파출소,,37.48618349,126.891792,bus,bus,bus_station_seoul_cleaned.csv
구로3동주민센터.삼성래미안아파트,,37.48738713,126.8905622,bus,bus,bus_station_seoul_cleaned.csv
구로시장.남구로시장,,37.4891692,126.891194,bus,bus,bus_station_seoul_cleaned.csv
구로구청후문,,37.49603548,126.88805,bus,bus,bus_station_seoul_cleaned.csv
동구로새마을금고,,37.49140762,126.8922617,bus,bus,bus_station_seoul_cleaned.csv
구로구청,,37.49473188,126.8894341,bus,bus,bus_station_seoul_cleaned.csv
강서수도사업소.민원센터,,37.49609204,126.8908356,bus,bus,bus_station_seoul_cleaned.csv
영림중학교,,37.49761747,126.8916635,bus,bus,bus_station_seoul_cleaned.csv
구로고.구로도서관,,37.49862057,126.8908715,bus,bus,bus_station_seoul_cleaned.csv
항아리,,37.49885324,126.8862918,bus,bus,bus_station_seoul_cleaned.csv
미성아파트,,37.50581985,126.8774688,bus,bus,bus_station_seoul_cleaned.csv
대림1.2차아파트,,37.50634689,126.8782394,bus,bus,bus_station_seoul_cleaned.csv
대림5차아파트702동,,37.5074731,126.8798403,bus,bus,bus_station_seoul_cleaned.csv
대림5차아파트.신도림주민센터,,37.50734214,126.8813246,bus,bus,bus_station_seoul_cleaned.csv
대림6차.태영프라자,,37.50622022,126.8830796,bus,bus,bus_station_seoul_cleaned.csv
신도림역,,37.510724,126.890041,bus,bus,bus_station_seoul_cleaned.csv
현대우성아파트,,37.51174628,126.8854408,bus,bus,bus_station_seoul_cleaned.csv
동아1차아파트102동,,37.510818,126.884131,bus,bus,bus_station_seoul_cleaned.csv
동아1차아파트105동,,37.51000237,126.8824063,bus,bus,bus_station_seoul_cleaned.csv
1호선구일역,,37.49521732,126.8722148,bus,bus,bus_station_seoul_cleaned.csv
금강수목원아파트정문,,37.48920579,126.8329902,bus,bus,bus_station_seoul_cleaned.csv
고척근린시장,,37.50098477,126.8510129,bus,bus,bus_station_seoul_cleaned.csv
구로시장.남구로시장입구,,37.49076619,126.883867,bus,bus,bus_station_seoul_cleaned.csv
구로주공.구일우성APT,,37.49137813,126.8759759,bus,bus,bus_station_seoul_cleaned.csv
구로1동주민센터.연예인APT,,37.49295615,126.8761587,bus,bus,bus_station_seoul_cleaned.csv
천왕이펜하우스5단지입구,,37.47944324,126.8421808,bus,bus,bus_station_seoul_cleaned.csv
구일고교.구일초등학교,,37.49319298,126.8747646,bus,bus,bus_station_seoul_cleaned.csv
구로1동주민센터.연예인APT,,37.49307264,126.8759946,bus,bus,bus_station_seoul_cleaned.csv
구로디지털단지역,,37.48405757,126.901828,bus,bus,bus_station_seoul_cleaned.csv
구일초등학교.구일고등학교,,37.49326443,126.874803,bus,bus,bus_station_seoul_cleaned.csv
개봉역,,37.49526586,126.8586581,bus,bus,bus_station_seoul_cleaned.csv
개봉역,,37.49501638,126.8587649,bus,bus,bus_station_seoul_cleaned.csv
KEB하나은행,,37.48495713,126.895851,bus,bus,bus_station_seoul_cleaned.csv
천왕이펜하우스3단지입구,,37.48270709,126.8384191,bus,bus,bus_station_seoul_cleaned.csv
천왕역2번출구,,37.48636417,126.8383396,bus,bus,bus_station_seoul_cleaned.csv
천왕이펜하우스4단지,,37.48104411,126.838628,bus,bus,bus_station_seoul_cleaned.csv
천왕이펜하우스6단지,,37.47937634,126.8406703,bus,bus,bus_station_seoul_cleaned.csv
천왕이펜하우스5단지,,37.47989311,126.8403094,bus,bus,bus_station_seoul_cleaned.csv
천왕이펜하우스3.4단지,,37.48123341,126.8386932,bus,bus,bus_station_seoul_cleaned.csv
온수남부역,,37.49184319,126.8242097,bus,bus,bus_station_seoul_cleaned.csv
온수남부,,37.4919749,126.8243078,bus,bus,bus_station_seoul_cleaned.csv
궁동삼거리,,37.50609686,126.8279101,bus,bus,bus_station_seoul_cleaned.csv
유한공고.성공회대학교,,37.48954527,126.824741,bus,bus,bus_station_seoul_cleaned.csv
문성초등학교,,37.47536371,126.8986661,bus,bus,bus_station_seoul_cleaned.csv
문성초등학교,,37.474034,126.89833,bus,bus,bus_station_seoul_cleaned.csv
금천우체국,,37.46897822,126.8980297,bus,bus,bus_station_seoul_cleaned.csv
금천우체국,,37.470136,126.898003,bus,bus,bus_station_seoul_cleaned.csv
말미고개.금천소방서,,37.46360328,126.8975538,bus,bus,bus_station_seoul_cleaned.csv
말미고개.금천소방서,,37.46483311,126.8974984,bus,bus,bus_station_seoul_cleaned.csv
금천구청.금천경찰서,,37.45920883,126.8988722,bus,bus,bus_station_seoul_cleaned.csv
금천구청.금천경찰서,,37.45784056,126.8993022,bus,bus,bus_station_seoul_cleaned.csv
시흥사거리,,37.4522224,126.9015701,bus,bus,bus_station_seoul_cleaned.csv
시흥사거리,,37.45308926,126.9011282,bus,bus,bus_station_seoul_cleaned.csv
박미삼거리.국립전통예술중고,,37.44784322,126.9032727,bus,bus,bus_station_seoul_cleaned.csv
박미삼거리.국립전통예술중고,,37.449067,126.902663,bus,bus,bus_station_seoul_cleaned.csv
시흥유통센터,,37.44019331,126.9036255,bus,bus,bus_station_seoul_cleaned.csv
시흥유통센터,,37.44096347,126.9033731,bus,bus,bus_station_seoul_cleaned.csv
한일유엔아이아파트,,37.48545902,126.8762259,bus,bus,bus_station_seoul_cleaned.csv
디지털3단지.롯데이노베이트,,37.48486747,126.8767176,bus,bus,bus_station_seoul_cleaned.csv
에이스하이엔드타워5차,,37.48569684,126.8793253,bus,bus,bus_station_seoul_cleaned.csv
디지털3단지.영창실업,,37.48325486,126.8790777,bus,bus,bus_station_seoul_cleaned.csv
디지털3단지운동장,,37.48216273,126.877893,bus,bus,bus_station_seoul_cleaned.csv
가산디지털단지역,,37.48129265,126.8810424,bus,bus,bus_station_seoul_cleaned.csv
가산디지털단지역,,37.48080391,126.8814808,bus,bus,bus_station_seoul_cleaned.csv
디지털3단지.월드벤처센터,,37.47890111,126.8794436,bus,bus,bus_station_seoul_cleaned.csv
디지털3단지.(주)로옴코리아,,37.47960694,126.8802198,bus,bus,bus_station_seoul_cleaned.csv
디지털3단지사거리,,37.47667143,126.8805771,bus,bus,bus_station_seoul_cleaned.csv
디지털3단지사거리,,37.47584499,126.8804495,bus,bus,bus_station_seoul_cleaned.csv
디지털3단지사거리,,37.4757765,126.8813406,bus,bus,bus_station_seoul_cleaned.csv
금천패션아울렛사거리.마리오,,37.47826337,126.8883366,bus,bus,bus_station_seoul_cleaned.csv
금천패션아울렛사거리.W몰,,37.47766169,126.8878763,bus,bus,bus_station_seoul_cleaned.csv
금천패션아울렛사거리.현대아울렛,,37.47811485,126.8884894,bus,bus,bus_station_seoul_cleaned.csv
디지털단지오거리,,37.47821042,126.8907158,bus,bus,bus_station_seoul_cleaned.csv
디지털단지오거리,,37.47829286,126.8909708,bus,bus,bus_station_seoul_cleaned.csv
가산동우체국,,37.4785564,126.893435,bus,bus,bus_station_seoul_cleaned.csv
가산초등학교,,37.47823462,126.8955562,bus,bus,bus_station_seoul_cleaned.csv
가산동주민센터.금천글로벌센터,,37.47661223,126.8920987,bus,bus,bus_station_seoul_cleaned.csv
가산동주민센터.금천글로벌센터,,37.47624424,126.8927188,bus,bus,bus_station_seoul_cleaned.csv
구립가산도서관.두산위브아파트,,37.47462165,126.8938872,bus,bus,bus_station_seoul_cleaned.csv
구립가산도서관.두산위브아파트,,37.47409967,126.8945662,bus,bus,bus_station_seoul_cleaned.csv
독산사거리,,37.47201507,126.8959625,bus,bus,bus_station_seoul_cleaned.csv
독산사거리,,37.47178362,126.8965997,bus,bus,bus_station_seoul_cleaned.csv
독산주공13단지,,37.45684407,126.8876203,bus,bus,bus_station_seoul_cleaned.csv
독산1동한신코아,,37.45671307,126.8882117,bus,bus,bus_station_seoul_cleaned.csv
독산주공14단지,,37.46113533,126.8868621,bus,bus,bus_station_seoul_cleaned.csv
독산주공14단지,,37.46137163,126.887089,bus,bus,bus_station_seoul_cleaned.csv
독산근린공원,,37.46417907,126.8844154,bus,bus,bus_station_seoul_cleaned.csv
독산근린공원,,37.46455446,126.8844061,bus,bus,bus_station_seoul_cleaned.csv
독산동우시장.금천50플러스센터,,37.46659366,126.8950253,bus,bus,bus_station_seoul_cleaned.csv
독산동우시장.금천50플러스센터,,37.46641713,126.8954898,bus,bus,bus_station_seoul_cleaned.csv
시흥사거리.시흥대교,,37.45448536,126.8995918,bus,bus,bus_station_seoul_cleaned.csv
시흥사거리.금천파출소,,37.45429668,126.8996881,bus,bus,bus_station_seoul_cleaned.csv
벽산아파트1단지.호압사입구,,37.45275737,126.9207601,bus,bus,bus_station_seoul_cleaned.csv
벽산아파트1단지.호압사입구,,37.45307731,126.9211863,bus,bus,bus_station_seoul_cleaned.csv
벽산아파트5단지,,37.44676644,126.9189468,bus,bus,bus_station_seoul_cleaned.csv
벽산아파트5단지,,37.44634729,126.9186873,bus,bus,bus_station_seoul_cleaned.csv
시흥동은행나무.은행나무시장,,37.45103052,126.9090455,bus,bus,bus_station_seoul_cleaned.csv
시흥동은행나무.은행나무시장,,37.450843,126.909058,bus,bus,bus_station_seoul_cleaned.csv
은행나무입구사거리,,37.45178422,126.9072079,bus,bus,bus_station_seoul_cleaned.csv
은행나무입구사거리,,37.451855,126.906735,bus,bus,bus_station_seoul_cleaned.csv
독산한신아파트,,37.45692201,126.8899494,bus,bus,bus_station_seoul_cleaned.csv
금하마을,,37.45412149,126.8915088,bus,bus,bus_station_seoul_cleaned.csv
독산고개,,37.47551542,126.8984645,bus,bus,bus_station_seoul_cleaned.csv
독산고개,,37.47644161,126.8989325,bus,bus,bus_station_seoul_cleaned.csv
독산사거리.한국전력구로금천지사,,37.4720755,126.8981018,bus,bus,bus_station_seoul_cleaned.csv
남문시장.청춘삘딩,,37.47296493,126.8986309,bus,bus,bus_station_seoul_cleaned.csv
금천우체국.독산1동주민센터,,37.47019212,126.897785,bus,bus,bus_station_seoul_cleaned.csv
디지털단지오거리.가산파출소,,37.47982436,126.8883314,bus,bus,bus_station_seoul_cleaned.csv
홈플러스금천점,,37.46892536,126.8976928,bus,bus,bus_station_seoul_cleaned.csv
시흥사거리,,37.452863,126.900957,bus,bus,bus_station_seoul_cleaned.csv
문일고입구,,37.451115,126.90173,bus,bus,bus_station_seoul_cleaned.csv
문일고입구,,37.450803,126.902328,bus,bus,bus_station_seoul_cleaned.csv
남서울힐스테이트.국립전통예술고,,37.4468088,126.9033769,bus,bus,bus_station_seoul_cleaned.csv
금천폭포공원.천주교시흥성당,,37.44771275,126.903517,bus,bus,bus_station_seoul_cleaned.csv
박미마을,,37.44135302,126.9032059,bus,bus,bus_station_seoul_cleaned.csv
박미마을.금천고등학교,,37.44300923,126.9039411,bus,bus,bus_station_seoul_cleaned.csv
기아대교,,37.43948788,126.9029829,bus,bus,bus_station_seoul_cleaned.csv
시흥3동주민센터,,37.44016703,126.9036272,bus,bus,bus_station_seoul_cleaned.csv
석수역,,37.43552416,126.9033112,bus,bus,bus_station_seoul_cleaned.csv
백산초.금천청소년문화의집,,37.44876292,126.903978,bus,bus,bus_station_seoul_cleaned.csv
백산초.금천청소년문화의집,,37.44872646,126.9043011,bus,bus,bus_station_seoul_cleaned.csv
은행나무입구사거리,,37.45111177,126.9057879,bus,bus,bus_station_seoul_cleaned.csv
은행나무입구사거리,,37.45142635,126.9059901,bus,bus,bus_station_seoul_cleaned.csv
경남아파트,,37.45361543,126.9062606,bus,bus,bus_station_seoul_cleaned.csv
시흥초등학교.금천구보훈회관,,37.45456755,126.9058231,bus,bus,bus_station_seoul_cleaned.csv
시흥초등학교.금천구보훈회관,,37.45535252,126.9059442,bus,bus,bus_station_seoul_cleaned.csv
동산교회앞,,37.45734705,126.9052839,bus,bus,bus_station_seoul_cleaned.csv
동산교회앞,,37.45702652,126.9056143,bus,bus,bus_station_seoul_cleaned.csv
현대시장.시흥4동주민센터,,37.45960215,126.9048243,bus,bus,bus_station_seoul_cleaned.csv
현대시장.시흥4동주민센터,,37.45924018,126.9051696,bus,bus,bus_station_seoul_cleaned.csv
남부여성발전센터,,37.46245548,126.9041056,bus,bus,bus_station_seoul_cleaned.csv
남부여성발전센터,,37.46245738,126.9043527,bus,bus,bus_station_seoul_cleaned.csv
독산동정훈단지,,37.46552631,126.902132,bus,bus,bus_station_seoul_cleaned.csv
독산동정훈단지,,37.46445224,126.903006,bus,bus,bus_station_seoul_cleaned.csv
금천평생학습관.독산초등학교,,37.46659398,126.8994092,bus,bus,bus_station_seoul_cleaned.csv
금천평생학습관.독산초등학교,,37.466401,126.899878,bus,bus,bus_station_seoul_cleaned.csv
독산4동주민센터,,37.46757975,126.9020379,bus,bus,bus_station_seoul_cleaned.csv
독산동성당앞,,37.46891568,126.9022258,bus,bus,bus_station_seoul_cleaned.csv
독산동성당앞,,37.46970728,126.9027437,bus,bus,bus_station_seoul_cleaned.csv
독산동쌈지공원,,37.47126546,126.9029464,bus,bus,bus_station_seoul_cleaned.csv
독산동쌈지공원,,37.47140854,126.9031983,bus,bus,bus_station_seoul_cleaned.csv
독산3동주민센터,,37.47532708,126.9033549,bus,bus,bus_station_seoul_cleaned.csv
독산3동주민센터,,37.47582293,126.9036415,bus,bus,bus_station_seoul_cleaned.csv
모두의학교.금천문화예술정보학교,,37.47883897,126.9036964,bus,bus,bus_station_seoul_cleaned.csv
모두의학교.금천문화예술정보학교,,37.47865894,126.9039352,bus,bus,bus_station_seoul_cleaned.csv
모두의학교.금천문화예술정보학교,,37.47994976,126.9055934,bus,bus,bus_station_seoul_cleaned.csv
관악구보훈회관.신림푸르지오,,37.48063959,126.909139,bus,bus,bus_station_seoul_cleaned.csv
독산고등학교,,37.47732564,126.9114635,bus,bus,bus_station_seoul_cleaned.csv
독산고등학교,,37.4771297,126.9115033,bus,bus,bus_station_seoul_cleaned.csv
금천진로진학지원센터독산센터,,37.47676599,126.9071878,bus,bus,bus_station_seoul_cleaned.csv
금천진로진학지원센터독산센터,,37.47653685,126.907331,bus,bus,bus_station_seoul_cleaned.csv
금천우체국.독산1동주민센터,,37.46975761,126.897265,bus,bus,bus_station_seoul_cleaned.csv
진도아파트,,37.47041562,126.8924286,bus,bus,bus_station_seoul_cleaned.csv
퍼블릭가산,,37.4745288,126.8860924,bus,bus,bus_station_seoul_cleaned.csv
벽산디지털밸리,,37.47672191,126.8852129,bus,bus,bus_station_seoul_cleaned.csv
마리오아울렛,,37.47854591,126.8843812,bus,bus,bus_station_seoul_cleaned.csv
국민연금공단구로금천지사앞,,37.48069194,126.8840197,bus,bus,bus_station_seoul_cleaned.csv
가산디지털단지역,,37.4811414,126.8829647,bus,bus,bus_station_seoul_cleaned.csv
마리오아울렛,,37.47882008,126.8840085,bus,bus,bus_station_seoul_cleaned.csv
벽산디지털밸리,,37.47622629,126.8851459,bus,bus,bus_station_seoul_cleaned.csv
퍼블릭가산,,37.47450609,126.8859059,bus,bus,bus_station_seoul_cleaned.csv
진도아파트,,37.47019926,126.892317,bus,bus,bus_station_seoul_cleaned.csv
현대지식산업센터,,37.46990409,126.8955443,bus,bus,bus_station_seoul_cleaned.csv
가산디지털단지역입구,,37.48143788,126.8867151,bus,bus,bus_station_seoul_cleaned.csv
가산동기점,,37.48522703,126.875255,bus,bus,bus_station_seoul_cleaned.csv
가산동종점,,37.48521498,126.8751624,bus,bus,bus_station_seoul_cleaned.csv
가산디지털단지역1번출구,,37.48175455,126.8834302,bus,bus,bus_station_seoul_cleaned.csv
범일운수종점,,37.45041263,126.9117325,bus,bus,bus_station_seoul_cleaned.csv
삼익아파트앞,,37.462545,126.909455,bus,bus,bus_station_seoul_cleaned.csv
삼익아파트,,37.462425,126.909395,bus,bus,bus_station_seoul_cleaned.csv
디지털3단지.영창실업,,37.48332716,126.8789631,bus,bus,bus_station_seoul_cleaned.csv
디지털3단지.가산비즈니스센터,,37.47961095,126.8797336,bus,bus,bus_station_seoul_cleaned.csv
디지털3단지운동장,,37.4825262,126.8780189,bus,bus,bus_station_seoul_cleaned.csv
남문시장입구,,37.47124119,126.9008469,bus,bus,bus_station_seoul_cleaned.csv
가산디지털단지역,,37.481417,126.883117,bus,bus,bus_station_seoul_cleaned.csv
스타밸리앞,,37.48115903,126.8848613,bus,bus,bus_station_seoul_cleaned.csv
독산보건지소.별빛남문시장,,37.4737444,126.9031981,bus,bus,bus_station_seoul_cleaned.csv
독산보건지소.별빛남문시장,,37.4733474,126.903414,bus,bus,bus_station_seoul_cleaned.csv
금빛공원앞,,37.45310743,126.9042968,bus,bus,bus_station_seoul_cleaned.csv
금빛공원앞,,37.45327967,126.904456,bus,bus,bus_station_seoul_cleaned.csv
삼화약국,,37.45027868,126.9040103,bus,bus,bus_station_seoul_cleaned.csv
삼화약국,,37.45017225,126.9040552,bus,bus,bus_station_seoul_cleaned.csv
대우당약국,,37.4507504,126.9065092,bus,bus,bus_station_seoul_cleaned.csv
화인전자산업,,37.45086967,126.906159,bus,bus,bus_station_seoul_cleaned.csv
은행나무로입구,,37.45099182,126.9079435,bus,bus,bus_station_seoul_cleaned.csv
시흥대교,,37.45328039,126.8972683,bus,bus,bus_station_seoul_cleaned.csv
가산디지털단지역1호선,,37.48167569,126.8811521,bus,bus,bus_station_seoul_cleaned.csv
가산한화비즈메트로2차,,37.47253424,126.882162,bus,bus,bus_station_seoul_cleaned.csv
RSM타워.르노코리아서부사업소,,37.471015,126.883112,bus,bus,bus_station_seoul_cleaned.csv
시흥1동공영주차장.금천노인종합복지관,,37.451425,126.897101,bus,bus,bus_station_seoul_cleaned.csv
독산한신코아.한신아파트,,37.45657923,126.88771,bus,bus,bus_station_seoul_cleaned.csv
가산디지털단지역,,37.48131709,126.882956,bus,bus,bus_station_seoul_cleaned.csv
벽산3단지,,37.45338114,126.9175043,bus,bus,bus_station_seoul_cleaned.csv
성지아파트,,37.45118514,126.8986162,bus,bus,bus_station_seoul_cleaned.csv
롯데캐슬1차서문.해가든아파트,,37.46008705,126.8924496,bus,bus,bus_station_seoul_cleaned.csv
무지개아파트,,37.45685676,126.8986617,bus,bus,bus_station_seoul_cleaned.csv
벽산3단지앞,,37.45298202,126.9169114,bus,bus,bus_station_seoul_cleaned.csv
독산역,,37.46700017,126.8892263,bus,bus,bus_station_seoul_cleaned.csv
문성중학교,,37.47562467,126.9058668,bus,bus,bus_station_seoul_cleaned.csv
홈플러스.문일중고입구,,37.45091976,126.9002035,bus,bus,bus_station_seoul_cleaned.csv
금천현대아파트,,37.46271374,126.8913947,bus,bus,bus_station_seoul_cleaned.csv
독산주공1319동,,37.45846157,126.8876303,bus,bus,bus_station_seoul_cleaned.csv
아톰주식회사,,37.47077305,126.8829837,bus,bus,bus_station_seoul_cleaned.csv
호남슈퍼,,37.45222169,126.9151831,bus,bus,bus_station_seoul_cleaned.csv
남문교회,,37.4737106,126.9059678,bus,bus,bus_station_seoul_cleaned.csv
탑동초등학교.청담종합사회복지관,,37.45205372,126.9144663,bus,bus,bus_station_seoul_cleaned.csv
태영빌라,,37.47181965,126.9063091,bus,bus,bus_station_seoul_cleaned.csv
무지개아파트,,37.45708808,126.8985727,bus,bus,bus_station_seoul_cleaned.csv
두산초등학교,,37.46649025,126.8916464,bus,bus,bus_station_seoul_cleaned.csv
독산주공14단지,,37.45939832,126.8858272,bus,bus,bus_station_seoul_cleaned.csv
온누리아파트.가산비전파크,,37.47349206,126.886709,bus,bus,bus_station_seoul_cleaned.csv
어울샘.동산중앙교회,,37.45205088,126.9118509,bus,bus,bus_station_seoul_cleaned.csv
구민문화체육센터,,37.47017903,126.9066831,bus,bus,bus_station_seoul_cleaned.csv
독산현대아파트.금천50플러스센터,,37.4671221,126.8944525,bus,bus,bus_station_seoul_cleaned.csv
시흥유통상가.금천고,,37.44324858,126.9035255,bus,bus,bus_station_seoul_cleaned.csv
에이스하이엔드타워클래식,,37.47357904,126.8893158,bus,bus,bus_station_seoul_cleaned.csv
새마을금고,,37.45135776,126.9104911,bus,bus,bus_station_seoul_cleaned.csv
해찬아파트,,37.46824647,126.9070812,bus,bus,bus_station_seoul_cleaned.csv
진도3차아파트,,37.46840839,126.8939001,bus,bus,bus_station_seoul_cleaned.csv
박미마을,,37.44093161,126.9031686,bus,bus,bus_station_seoul_cleaned.csv
가산테라타워,,37.47397043,126.889936,bus,bus,bus_station_seoul_cleaned.csv
시흥동은행나무,,37.45145409,126.9079384,bus,bus,bus_station_seoul_cleaned.csv
시흥사거리.대명시장,,37.454725,126.901265,bus,bus,bus_station_seoul_cleaned.csv
구립독산도서관,,37.46719362,126.9077733,bus,bus,bus_station_seoul_cleaned.csv
유창슈퍼,,37.46854496,126.892472,bus,bus,bus_station_seoul_cleaned.csv
구립가산도서관.두산위브아파트,,37.47352352,126.8924061,bus,bus,bus_station_seoul_cleaned.csv
은행나무입구사거리,,37.45262538,126.9054639,bus,bus,bus_station_seoul_cleaned.csv
시흥초등학교.시흥1동주민센터,,37.4535493,126.903583,bus,bus,bus_station_seoul_cleaned.csv
산기슭공원,,37.46397673,126.9067112,bus,bus,bus_station_seoul_cleaned.csv
독산역,,37.46605005,126.8898144,bus,bus,bus_station_seoul_cleaned.csv
진도2차아파트,,37.47013389,126.8917891,bus,bus,bus_station_seoul_cleaned.csv
시흥초등학교.금빛공원,,37.45336781,126.90424,bus,bus,bus_station_seoul_cleaned.csv
삼익APT.금강APT,,37.46277298,126.906826,bus,bus,bus_station_seoul_cleaned.csv
두산로입구,,37.47185601,126.8872684,bus,bus,bus_station_seoul_cleaned.csv
빅마켓.청광아파트,,37.47051862,126.8937185,bus,bus,bus_station_seoul_cleaned.csv
대륭테크노2차,,37.468945,126.884404,bus,bus,bus_station_seoul_cleaned.csv
두산위브아파트정문,,37.47488012,126.8938819,bus,bus,bus_station_seoul_cleaned.csv
길상마트,,37.47202091,126.8938893,bus,bus,bus_station_seoul_cleaned.csv
대륭테크노타운,,37.46949005,126.8837224,bus,bus,bus_station_seoul_cleaned.csv
가산동주민센터.금천글로벌센터,,37.47607571,126.8936891,bus,bus,bus_station_seoul_cleaned.csv
대륭테크노타운19차,,37.47426991,126.8816669,bus,bus,bus_station_seoul_cleaned.csv
에이스태세라타워,,37.47245526,126.8824731,bus,bus,bus_station_seoul_cleaned.csv
고원약국,,37.47669925,126.8947463,bus,bus,bus_station_seoul_cleaned.csv
꿈나래어린이집,,37.45482801,126.8972131,bus,bus,bus_station_seoul_cleaned.csv
우방아파트.범일운수종점,,37.44998352,126.9132502,bus,bus,bus_station_seoul_cleaned.csv
가산초교,,37.4770825,126.8965101,bus,bus,bus_station_seoul_cleaned.csv
STXV타워,,37.47677684,126.8832544,bus,bus,bus_station_seoul_cleaned.csv
독산고개입구,,37.47590603,126.8977,bus,bus,bus_station_seoul_cleaned.csv
벽산아파트5단지,,37.45005846,126.9210181,bus,bus,bus_station_seoul_cleaned.csv
빅마켓,,37.47002992,126.8954116,bus,bus,bus_station_seoul_cleaned.csv
한신IT타워,,37.47993001,126.8862425,bus,bus,bus_station_seoul_cleaned.csv
가산동주민센터,,37.47690755,126.8909586,bus,bus,bus_station_seoul_cleaned.csv
SG세계물산,,37.47630403,126.8894662,bus,bus,bus_station_seoul_cleaned.csv
가산로데오거리,,37.47839369,126.8878115,bus,bus,bus_station_seoul_cleaned.csv
호압사입구,,37.45172277,126.9205758,bus,bus,bus_station_seoul_cleaned.csv
이앤씨드림타워7차,,37.47980025,126.8866639,bus,bus,bus_station_seoul_cleaned.csv
LG전자.W몰,,37.4769118,126.8886452,bus,bus,bus_station_seoul_cleaned.csv
가산디지털단지역1호선앞,,37.48091469,126.8814207,bus,bus,bus_station_seoul_cleaned.csv
금천육교앞,,37.45541586,126.8915244,bus,bus,bus_station_seoul_cleaned.csv
벽산1단지입구,,37.450143,126.9198493,bus,bus,bus_station_seoul_cleaned.csv
시흥모터스,,37.47057655,126.8894417,bus,bus,bus_station_seoul_cleaned.csv
문성초등학교,,37.4739744,126.8981181,bus,bus,bus_station_seoul_cleaned.csv
섭리의집,,37.44634212,126.908762,bus,bus,bus_station_seoul_cleaned.csv
섭리의집,,37.44622806,126.908789,bus,bus,bus_station_seoul_cleaned.csv
가산디지털단지역,,37.48020471,126.8833101,bus,bus,bus_station_seoul_cleaned.csv
KCC웰츠밸리,,37.48355333,126.8798436,bus,bus,bus_station_seoul_cleaned.csv
독산고개입구,,37.47716188,126.8984628,bus,bus,bus_station_seoul_cleaned.csv
벽산6단지입구,,37.44995987,126.9181166,bus,bus,bus_station_seoul_cleaned.csv
독산역2번출구,,37.46631024,126.8876525,bus,bus,bus_station_seoul_cleaned.csv
독산역2번출구,,37.46650252,126.8878906,bus,bus,bus_station_seoul_cleaned.csv
남부여성발전센터앞,,37.46263441,126.9053177,bus,bus,bus_station_seoul_cleaned.csv
남부여성발전센터앞,,37.462753,126.90515,bus,bus,bus_station_seoul_cleaned.csv
BYC하이시티,,37.47700899,126.8829205,bus,bus,bus_station_seoul_cleaned.csv
에이스하이엔드10차,,37.46849567,126.8869686,bus,bus,bus_station_seoul_cleaned.csv
대륭테크노타운17차,,37.46851437,126.8866427,bus,bus,bus_station_seoul_cleaned.csv
금천패션아울렛사거리.마리오,,37.47781653,126.8874418,bus,bus,bus_station_seoul_cleaned.csv
범일운수종점,,37.45027738,126.9116027,bus,bus,bus_station_seoul_cleaned.csv
한울중학교,,37.462674,126.907201,bus,bus,bus_station_seoul_cleaned.csv
한울중학교,,37.462522,126.907302,bus,bus,bus_station_seoul_cleaned.csv
STXV타워,,37.47704706,126.8831443,bus,bus,bus_station_seoul_cleaned.csv
서울시립금천청소년센터,,37.44832,126.916104,bus,bus,bus_station_seoul_cleaned.csv
서울시립금천청소년센터,,37.448241,126.915964,bus,bus,bus_station_seoul_cleaned.csv
탑스빌아파트.벽산6단지아파트,,37.449201,126.916113,bus,bus,bus_station_seoul_cleaned.csv
가산초교,,37.47716551,126.896486,bus,bus,bus_station_seoul_cleaned.csv
동일여고.금천사이언스큐브,,37.449982,126.916816,bus,bus,bus_station_seoul_cleaned.csv
두산로입구,,37.47191004,126.887063,bus,bus,bus_station_seoul_cleaned.csv
석수역,,37.4348586,126.9027764,bus,bus,bus_station_seoul_cleaned.csv
가산디지털단지역,,37.48078222,126.884209,bus,bus,bus_station_seoul_cleaned.csv
가산디지털단지역,,37.48121185,126.8829677,bus,bus,bus_station_seoul_cleaned.csv
패션단지,,37.47849049,126.8885942,bus,bus,bus_station_seoul_cleaned.csv
패션단지,,37.47823922,126.888745,bus,bus,bus_station_seoul_cleaned.csv
디씨아이(데이터센터),,37.483105,126.877977,bus,bus,bus_station_seoul_cleaned.csv
벽산디지털밸리2차,,37.48394996,126.8773485,bus,bus,bus_station_seoul_cleaned.csv
고원약국,,37.47686941,126.89467,bus,bus,bus_station_seoul_cleaned.csv
안천중학교,,37.45865644,126.8873429,bus,bus,bus_station_seoul_cleaned.csv
제일교회,,37.450134,126.913499,bus,bus,bus_station_seoul_cleaned.csv
청년취업사관학교금천캠퍼스,,37.4723732,126.8958617,bus,bus,bus_station_seoul_cleaned.csv
대륭테크노타운8차,,37.48487852,126.8768958,bus,bus,bus_station_seoul_cleaned.csv
가산동주민센터.금천글로벌센터,,37.47614629,126.8935289,bus,bus,bus_station_seoul_cleaned.csv
범일운수종점,,37.450593,126.911085,bus,bus,bus_station_seoul_cleaned.csv
벽산디지털밸리6차,,37.48564035,126.879153,bus,bus,bus_station_seoul_cleaned.csv
두산위브아파트정문,,37.47488708,126.8936139,bus,bus,bus_station_seoul_cleaned.csv
독산한신아파트,,37.45719077,126.8892871,bus,bus,bus_station_seoul_cleaned.csv
길상마트,,37.47206677,126.893783,bus,bus,bus_station_seoul_cleaned.csv
가산디지털단지역1호선,,37.48096853,126.8812832,bus,bus,bus_station_seoul_cleaned.csv
한국건설생활환경시험연구원,,37.48331446,126.8800924,bus,bus,bus_station_seoul_cleaned.csv
빅마켓.청광아파트,,37.47050951,126.8936133,bus,bus,bus_station_seoul_cleaned.csv
롯데캐슬2차,,37.45802688,126.8934387,bus,bus,bus_station_seoul_cleaned.csv
구립가산도서관.두산위브아파트,,37.47364057,126.8923053,bus,bus,bus_station_seoul_cleaned.csv
롯데캐슬2차,,37.45766425,126.8934675,bus,bus,bus_station_seoul_cleaned.csv
진도2차아파트,,37.47024752,126.8917003,bus,bus,bus_station_seoul_cleaned.csv
한진택배,,37.47508699,126.8810805,bus,bus,bus_station_seoul_cleaned.csv
가산테라타워,,37.47412979,126.8902582,bus,bus,bus_station_seoul_cleaned.csv
금천구종합청사.금천구청역,,37.456079,126.895347,bus,bus,bus_station_seoul_cleaned.csv
유창슈퍼,,37.46849457,126.8927663,bus,bus,bus_station_seoul_cleaned.csv
마이크로오피스사거리앞,,37.47211392,126.8826579,bus,bus,bus_station_seoul_cleaned.csv
에이스하이엔드타워클래식,,37.47360596,126.889197,bus,bus,bus_station_seoul_cleaned.csv
시흥모터스,,37.47041637,126.8891735,bus,bus,bus_station_seoul_cleaned.csv
홈플러스.문일중고입구,,37.45092973,126.8996929,bus,bus,bus_station_seoul_cleaned.csv
진도3차아파트,,37.46859474,126.8937009,bus,bus,bus_station_seoul_cleaned.csv
대륭테크노타운,,37.469837,126.883396,bus,bus,bus_station_seoul_cleaned.csv
온누리아파트.가산비전파크,,37.4736651,126.8874164,bus,bus,bus_station_seoul_cleaned.csv
성지아파트,,37.45126274,126.8987382,bus,bus,bus_station_seoul_cleaned.csv
독산현대아파트.금천50플러스센터,,37.46703733,126.894378,bus,bus,bus_station_seoul_cleaned.csv
대륭테크노2차.12차,,37.46882969,126.8847975,bus,bus,bus_station_seoul_cleaned.csv
시흥1동공영주차장.금천노인종합복지관,,37.451388,126.896631,bus,bus,bus_station_seoul_cleaned.csv
두산초등학교,,37.46663743,126.8916077,bus,bus,bus_station_seoul_cleaned.csv
교학사,,37.46924106,126.8862112,bus,bus,bus_station_seoul_cleaned.csv
홈플러스금천점,,37.46949113,126.897548,bus,bus,bus_station_seoul_cleaned.csv
독산역,,37.46600036,126.8896698,bus,bus,bus_station_seoul_cleaned.csv
청년취업사관학교금천캠퍼스,,37.47237927,126.8955994,bus,bus,bus_station_seoul_cleaned.csv
새마을금고,,37.45121007,126.9105225,bus,bus,bus_station_seoul_cleaned.csv
금천구종합청사.금천구청역,,37.45617177,126.8945114,bus,bus,bus_station_seoul_cleaned.csv
어울샘.동산중앙교회,,37.45183018,126.9117006,bus,bus,bus_station_seoul_cleaned.csv
삼익APT.금강APT,,37.4628624,126.9070674,bus,bus,bus_station_seoul_cleaned.csv
탑동초등학교.청담종합사회복지관,,37.451875,126.9140494,bus,bus,bus_station_seoul_cleaned.csv
산기슭공원B,,37.46393175,126.906804,bus,bus,bus_station_seoul_cleaned.csv
안천초등학교,,37.4575384,126.8881257,bus,bus,bus_station_seoul_cleaned.csv
호남슈퍼,,37.45221142,126.9157184,bus,bus,bus_station_seoul_cleaned.csv
구립독산도서관,,37.46721446,126.907918,bus,bus,bus_station_seoul_cleaned.csv
벽산3단지앞,,37.45302268,126.9170696,bus,bus,bus_station_seoul_cleaned.csv
해찬아파트,,37.46824119,126.9072452,bus,bus,bus_station_seoul_cleaned.csv
구민문화체육센터,,37.4701485,126.9068155,bus,bus,bus_station_seoul_cleaned.csv
한일유엔아이,,37.48552897,126.8760099,bus,bus,bus_station_seoul_cleaned.csv
태영빌라,,37.47172699,126.9064958,bus,bus,bus_station_seoul_cleaned.csv
남문교회,,37.47363431,126.9060943,bus,bus,bus_station_seoul_cleaned.csv
문성중학교,,37.4756347,126.9060093,bus,bus,bus_station_seoul_cleaned.csv
난곡중학교,,37.47708203,126.9110144,bus,bus,bus_station_seoul_cleaned.csv
산기슭공원,,37.46384963,126.9067178,bus,bus,bus_station_seoul_cleaned.csv
하안주공1317동,,37.45760703,126.8882725,bus,bus,bus_station_seoul_cleaned.csv
금천현대아파트,,37.46251985,126.8912792,bus,bus,bus_station_seoul_cleaned.csv
롯데캐슬1차서문.해가든아파트,,37.45992534,126.8922978,bus,bus,bus_station_seoul_cleaned.csv
금빛공원,,37.45272538,126.9051352,bus,bus,bus_station_seoul_cleaned.csv
시흥사거리.대명시장,,37.45476434,126.9018204,bus,bus,bus_station_seoul_cleaned.csv
시흥동은행나무,,37.45068376,126.9092629,bus,bus,bus_station_seoul_cleaned.csv
시흥2동주민센터.동일여고,,37.449962,126.914014,bus,bus,bus_station_seoul_cleaned.csv
두산어린이공원,,37.47362781,126.8941392,bus,bus,bus_station_seoul_cleaned.csv
금천구종합청사.금천구청역,,37.45637456,126.8954899,bus,bus,bus_station_seoul_cleaned.csv
두산어린이공원,,37.473619,126.894257,bus,bus,bus_station_seoul_cleaned.csv
롯데캐슬3차,,37.45997185,126.8962926,bus,bus,bus_station_seoul_cleaned.csv
롯데캐슬1차정문.해가든아파트,,37.46080402,126.8942482,bus,bus,bus_station_seoul_cleaned.csv
롯데캐슬1차동문,,37.4591671,126.8964634,bus,bus,bus_station_seoul_cleaned.csv
롯데캐슬1차정문.해가든아파트,,37.46100249,126.8940924,bus,bus,bus_station_seoul_cleaned.csv
백운한비치.금광포란재아파트,,37.45126552,126.9117159,bus,bus,bus_station_seoul_cleaned.csv
시흥5동주민센터,,37.45135285,126.9087037,bus,bus,bus_station_seoul_cleaned.csv
삼성산자연공원.삼성체육공원,,37.45482454,126.9094953,bus,bus,bus_station_seoul_cleaned.csv
시흥아파트앞,,37.45643105,126.9081188,bus,bus,bus_station_seoul_cleaned.csv
신흥초등학교,,37.45935713,126.9082693,bus,bus,bus_station_seoul_cleaned.csv
한빛무궁화아파트,,37.46047057,126.9079251,bus,bus,bus_station_seoul_cleaned.csv
금천폭포공원,,37.44721189,126.9037053,bus,bus,bus_station_seoul_cleaned.csv
영일빌라,,37.44735012,126.9064018,bus,bus,bus_station_seoul_cleaned.csv
시흥계곡앞,,37.44664491,126.9103494,bus,bus,bus_station_seoul_cleaned.csv
시흥5동성당,,37.44832817,126.9115228,bus,bus,bus_station_seoul_cleaned.csv
한울중학교앞,,37.4623255,126.9077737,bus,bus,bus_station_seoul_cleaned.csv
한빛무궁화아파트,,37.46061369,126.9079227,bus,bus,bus_station_seoul_cleaned.csv
신흥초등학교,,37.45932091,126.9081362,bus,bus,bus_station_seoul_cleaned.csv
시흥아파트앞,,37.4566174,126.9078869,bus,bus,bus_station_seoul_cleaned.csv
삼성체육공원.삼성산자연공원,,37.4546757,126.9092909,bus,bus,bus_station_seoul_cleaned.csv
시흥5동주민센터,,37.4516321,126.9085768,bus,bus,bus_station_seoul_cleaned.csv
금광포란재.백운한비치아파트,,37.45113233,126.9113929,bus,bus,bus_station_seoul_cleaned.csv
관악우방아파트,,37.44990836,126.9122579,bus,bus,bus_station_seoul_cleaned.csv
시흥5동성당,,37.44862022,126.9116502,bus,bus,bus_station_seoul_cleaned.csv
시흥계곡앞,,37.44693981,126.9103557,bus,bus,bus_station_seoul_cleaned.csv
영일빌라,,37.44750575,126.9060637,bus,bus,bus_station_seoul_cleaned.csv
금천문화원.국립전통예술중고,,37.44641556,126.9045527,bus,bus,bus_station_seoul_cleaned.csv
금천고등학교,,37.44472204,126.9047098,bus,bus,bus_station_seoul_cleaned.csv
시흥3동공영주차장앞,,37.44287907,126.9044714,bus,bus,bus_station_seoul_cleaned.csv
기아대교앞,,37.43795943,126.9027905,bus,bus,bus_station_seoul_cleaned.csv
석수역,,37.43497355,126.9028582,bus,bus,bus_station_seoul_cleaned.csv
석수역,,37.43500421,126.9033006,bus,bus,bus_station_seoul_cleaned.csv
시흥사거리,,37.45267344,126.9016076,bus,bus,bus_station_seoul_cleaned.csv
안양천로입구,,37.45248151,126.8931359,bus,bus,bus_station_seoul_cleaned.csv
남문시장입구.청춘삘딩,,37.47122568,126.9000106,bus,bus,bus_station_seoul_cleaned.csv
LG전자,,37.47106285,126.8858636,bus,bus,bus_station_seoul_cleaned.csv
LG전자,,37.47025181,126.8859089,bus,bus,bus_station_seoul_cleaned.csv
구로세관,,37.47242282,126.885225,bus,bus,bus_station_seoul_cleaned.csv
구로세관,,37.47248742,126.88494,bus,bus,bus_station_seoul_cleaned.csv
7호선가산디지털단지역,,37.47950241,126.8820731,bus,bus,bus_station_seoul_cleaned.csv
문래동남성아파트,,37.511828,126.893705,bus,bus,bus_station_seoul_cleaned.csv
문래동남성아파트,,37.511202,126.892312,bus,bus,bus_station_seoul_cleaned.csv
남부지방법원등기국.구로세무서(에이스하이테크시티),,37.51448389,126.9011874,bus,bus,bus_station_seoul_cleaned.csv
남부지방법원등기국.구로세무서(에이스하이테크시티),,37.51404034,126.8997458,bus,bus,bus_station_seoul_cleaned.csv
영등포역,,37.51586575,126.9050921,bus,bus,bus_station_seoul_cleaned.csv
영등포역,,37.51658793,126.9070304,bus,bus,bus_station_seoul_cleaned.csv
여의도환승센터,,37.52552256,126.9242437,bus,bus,bus_station_seoul_cleaned.csv
여의도환승센터,,37.52605812,126.9242066,bus,bus,bus_station_seoul_cleaned.csv
서울영림초등학교,,37.48714573,126.904837,bus,bus,bus_station_seoul_cleaned.csv
강남성심병원.대림성모병원,,37.49098228,126.9080014,bus,bus,bus_station_seoul_cleaned.csv
경남아너스빌아파트,,37.49558675,126.9115746,bus,bus,bus_station_seoul_cleaned.csv
보라매공원,,37.4970613,126.916382,bus,bus,bus_station_seoul_cleaned.csv
보라매역.동작세무서,,37.49897187,126.9202814,bus,bus,bus_station_seoul_cleaned.csv
서울지방병무청,,37.50439333,126.9219622,bus,bus,bus_station_seoul_cleaned.csv
대방역,,37.51265738,126.9248246,bus,bus,bus_station_seoul_cleaned.csv
여의도환승센터,,37.5261697,126.9243413,bus,bus,bus_station_seoul_cleaned.csv
여의도환승센터,,37.52531749,126.9240997,bus,bus,bus_station_seoul_cleaned.csv
당산역광역환승센터,,37.53645865,126.9030904,bus,bus,bus_station_seoul_cleaned.csv
당산역광역환승센터,,37.5365735,126.9031762,bus,bus,bus_station_seoul_cleaned.csv
신길영신로삼거리,,37.51228562,126.9099271,bus,bus,bus_station_seoul_cleaned.csv
영등포공원.영등포문화원,,37.5138042,126.9114185,bus,bus,bus_station_seoul_cleaned.csv
영등포공원.영등포문화원,,37.51495079,126.9119431,bus,bus,bus_station_seoul_cleaned.csv
영등포시장역3번출구,,37.52185521,126.905199,bus,bus,bus_station_seoul_cleaned.csv
영등포시장,,37.51973455,126.9066539,bus,bus,bus_station_seoul_cleaned.csv
영등포로터리,,37.519063,126.909852,bus,bus,bus_station_seoul_cleaned.csv
영등포로터리,,37.51891444,126.9092906,bus,bus,bus_station_seoul_cleaned.csv
영등포시장,,37.51944576,126.9064499,bus,bus,bus_station_seoul_cleaned.csv
경방타임스퀘어.신세계백화점,,37.51838374,126.9057837,bus,bus,bus_station_seoul_cleaned.csv
경방타임스퀘어.신세계백화점,,37.51750823,126.9062396,bus,bus,bus_station_seoul_cleaned.csv
영등포역.패어필드호텔,,37.51692641,126.9075991,bus,bus,bus_station_seoul_cleaned.csv
영등포역5번출구,,37.51706269,126.9090468,bus,bus,bus_station_seoul_cleaned.csv
경방타임스퀘어.신세계백화점,,37.51849,126.905437,bus,bus,bus_station_seoul_cleaned.csv
김안과병원,,37.52007107,126.9030257,bus,bus,bus_station_seoul_cleaned.csv
김안과병원,,37.52041603,126.9028341,bus,bus,bus_station_seoul_cleaned.csv
영등포시장역4번출구,,37.521318,126.904785,bus,bus,bus_station_seoul_cleaned.csv
신화요양병원,,37.52453053,126.9051549,bus,bus,bus_station_seoul_cleaned.csv
신화요양병원,,37.52489489,126.9055402,bus,bus,bus_station_seoul_cleaned.csv
영동초교,,37.52515902,126.9068195,bus,bus,bus_station_seoul_cleaned.csv
영동초교.영등포평생학습관,,37.52549701,126.9073622,bus,bus,bus_station_seoul_cleaned.csv
삼환아파트,,37.529082,126.905597,bus,bus,bus_station_seoul_cleaned.csv
당산푸르지오아파트,,37.529032,126.905958,bus,bus,bus_station_seoul_cleaned.csv
하이서울유스호스텔,,37.52563767,126.9036578,bus,bus,bus_station_seoul_cleaned.csv
국회의사당,,37.5298981,126.9180242,bus,bus,bus_station_seoul_cleaned.csv
KBS,,37.52465351,126.9181132,bus,bus,bus_station_seoul_cleaned.csv
국회의사당,,37.52941064,126.9178873,bus,bus,bus_station_seoul_cleaned.csv
국회의사당역.KB국민은행,,37.52847936,126.9180684,bus,bus,bus_station_seoul_cleaned.csv
국회의사당역5번출구,,37.52799361,126.9175806,bus,bus,bus_station_seoul_cleaned.csv
양평동한솔아파트,,37.544408,126.89024,bus,bus,bus_station_seoul_cleaned.csv
여의도순복음교회,,37.53091088,126.9247531,bus,bus,bus_station_seoul_cleaned.csv
여의도순복음교회,,37.53169132,126.9229308,bus,bus,bus_station_seoul_cleaned.csv
여의도공원9번출입구,,37.52952968,126.927892,bus,bus,bus_station_seoul_cleaned.csv
여의나루역1번.한강버스선착장,,37.5274578,126.9314781,bus,bus,bus_station_seoul_cleaned.csv
여의나루역2번.한강버스선착장,,37.52738751,126.9320238,bus,bus,bus_station_seoul_cleaned.csv
여의도중학교,,37.52440959,126.9356353,bus,bus,bus_station_seoul_cleaned.csv
여의도중학교,,37.52445956,126.9359647,bus,bus,bus_station_seoul_cleaned.csv
63빌딩.가톨릭대학교여의도성모병원,,37.51940395,126.9376069,bus,bus,bus_station_seoul_cleaned.csv
63빌딩.가톨릭대학교여의도성모병원,,37.51916181,126.9377093,bus,bus,bus_station_seoul_cleaned.csv
시범아파트,,37.52104285,126.9351905,bus,bus,bus_station_seoul_cleaned.csv
시범아파트.대교아파트,,37.52103491,126.9344292,bus,bus,bus_station_seoul_cleaned.csv
여의동주민센터,,37.5187057,126.9342191,bus,bus,bus_station_seoul_cleaned.csv
여의동주민센터,,37.5185186,126.9339733,bus,bus,bus_station_seoul_cleaned.csv
진주아파트,,37.51924625,126.9323106,bus,bus,bus_station_seoul_cleaned.csv
KBS별관,,37.51919525,126.9315859,bus,bus,bus_station_seoul_cleaned.csv
샛강역3번출구,,37.51810879,126.9303002,bus,bus,bus_station_seoul_cleaned.csv
여의도공원1번출입구,,37.523605,126.920262,bus,bus,bus_station_seoul_cleaned.csv
샛강역1번출구.여의도자이,,37.518817,126.9272111,bus,bus,bus_station_seoul_cleaned.csv
샛강역4번출구.여의도자이,,37.51867691,126.9267431,bus,bus,bus_station_seoul_cleaned.csv
여의도역6번출구,,37.52061442,126.9249201,bus,bus,bus_station_seoul_cleaned.csv
여의도역5번출구,,37.52133506,126.9248852,bus,bus,bus_station_seoul_cleaned.csv
한국거래소,,37.52335293,126.9270684,bus,bus,bus_station_seoul_cleaned.csv
한국거래소,,37.52366933,126.9270706,bus,bus,bus_station_seoul_cleaned.csv
삼부아파트,,37.52512645,126.9301172,bus,bus,bus_station_seoul_cleaned.csv
여의도공작아파트,,37.52599202,126.9309977,bus,bus,bus_station_seoul_cleaned.csv
한국경제인협회,,37.52189063,126.9188837,bus,bus,bus_station_seoul_cleaned.csv
당산동진로아파트,,37.5213256,126.8968775,bus,bus,bus_station_seoul_cleaned.csv
당산동진로아파트,,37.5210022,126.8969911,bus,bus,bus_station_seoul_cleaned.csv
필립메디컬센터,,37.5206988,126.8952459,bus,bus,bus_station_seoul_cleaned.csv
양남사거리,,37.52212031,126.8917786,bus,bus,bus_station_seoul_cleaned.csv
영등포교보생명,,37.52172139,126.8920699,bus,bus,bus_station_seoul_cleaned.csv
현대아파트,,37.52305598,126.8961601,bus,bus,bus_station_seoul_cleaned.csv
영등포구청,,37.52622132,126.8969364,bus,bus,bus_station_seoul_cleaned.csv
영등포구청,,37.52541345,126.8963809,bus,bus,bus_station_seoul_cleaned.csv
영등포구민회관.영등포경찰서,,37.52674095,126.8997281,bus,bus,bus_station_seoul_cleaned.csv
당산동삼익아파트,,37.52818415,126.8959624,bus,bus,bus_station_seoul_cleaned.csv
당산역13번출구,,37.53472897,126.9005255,bus,bus,bus_station_seoul_cleaned.csv
당산119안전센터.당산역,,37.53492539,126.8994546,bus,bus,bus_station_seoul_cleaned.csv
당산역.삼성래미안아파트,,37.533022,126.903388,bus,bus,bus_station_seoul_cleaned.csv
당산역삼성래미안아파트,,37.53318971,126.9035824,bus,bus,bus_station_seoul_cleaned.csv
당산역2번출구,,37.53486299,126.9024102,bus,bus,bus_station_seoul_cleaned.csv
당산역11번출구,,37.5328063,126.9008639,bus,bus,bus_station_seoul_cleaned.csv
당산역10번출구,,37.53282626,126.9013031,bus,bus,bus_station_seoul_cleaned.csv
페어몬트앰배서더,,37.52497608,126.9292813,bus,bus,bus_station_seoul_cleaned.csv
당산삼성2차아파트,,37.52882988,126.8981321,bus,bus,bus_station_seoul_cleaned.csv
당산유원제일1차아파트,,37.52871704,126.8976085,bus,bus,bus_station_seoul_cleaned.csv
서울영등포우체국,,37.52848316,126.8960123,bus,bus,bus_station_seoul_cleaned.csv
도림생활문화센터,,37.5095426,126.9074866,bus,bus,bus_station_seoul_cleaned.csv
도림새마을금고,,37.50842853,126.9003201,bus,bus,bus_station_seoul_cleaned.csv
도림새마을금고,,37.50825878,126.9000627,bus,bus,bus_station_seoul_cleaned.csv
신길3동주민센터,,37.50651496,126.9111163,bus,bus,bus_station_seoul_cleaned.csv
문래역3번출구,,37.51923302,126.8942228,bus,bus,bus_station_seoul_cleaned.csv
문래역3번출구,,37.51906425,126.8944125,bus,bus,bus_station_seoul_cleaned.csv
서울지방노동위원회.대림아파트,,37.51690823,126.8896944,bus,bus,bus_station_seoul_cleaned.csv
국화아파트,,37.51565437,126.8923756,bus,bus,bus_station_seoul_cleaned.csv
현대6차아파트,,37.518198,126.884328,bus,bus,bus_station_seoul_cleaned.csv
문래롯데캐슬,,37.51841083,126.8845694,bus,bus,bus_station_seoul_cleaned.csv
문래중학교,,37.51976357,126.8847215,bus,bus,bus_station_seoul_cleaned.csv
문래중학교,,37.51995191,126.8849459,bus,bus,bus_station_seoul_cleaned.csv
문래동국화아파트,,37.51577982,126.8913941,bus,bus,bus_station_seoul_cleaned.csv
서울지방노동위원회.대림아파트,,37.51685884,126.8892689,bus,bus,bus_station_seoul_cleaned.csv
양평1동주민센터,,37.52269641,126.8882761,bus,bus,bus_station_seoul_cleaned.csv
양평신동아아파트,,37.52248022,126.8873567,bus,bus,bus_station_seoul_cleaned.csv
관악고등학교,,37.52299426,126.8840592,bus,bus,bus_station_seoul_cleaned.csv
관악고등학교,,37.52316173,126.8848486,bus,bus,bus_station_seoul_cleaned.csv
당중초등학교,,37.526998,126.890987,bus,bus,bus_station_seoul_cleaned.csv
당중초등학교,,37.52690465,126.8912932,bus,bus,bus_station_seoul_cleaned.csv
남부고용노동지청,,37.52381997,126.8902117,bus,bus,bus_station_seoul_cleaned.csv
남부고용노동지청,,37.52368798,126.8905443,bus,bus,bus_station_seoul_cleaned.csv
선유도역1번출구.한신아파트,,37.53835761,126.8932341,bus,bus,bus_station_seoul_cleaned.csv
선유도역8번출구.한신아파트,,37.53803607,126.8932769,bus,bus,bus_station_seoul_cleaned.csv
선유도역.롯데웰푸드,,37.53719667,126.8948754,bus,bus,bus_station_seoul_cleaned.csv
선유도역.롯데웰푸드,,37.53714501,126.8955567,bus,bus,bus_station_seoul_cleaned.csv
양평한신아파트.선유도공원입구,,37.54164859,126.8944278,bus,bus,bus_station_seoul_cleaned.csv
영등포아리수정수센터,,37.54752411,126.8841131,bus,bus,bus_station_seoul_cleaned.csv
양평한신아파트.선유도공원입구,,37.54203099,126.894663,bus,bus,bus_station_seoul_cleaned.csv
안양천입구,,37.54746926,126.8834637,bus,bus,bus_station_seoul_cleaned.csv
양평동한솔아파트,,37.54391653,126.8903472,bus,bus,bus_station_seoul_cleaned.csv
신풍역3번출구,,37.49998322,126.9080214,bus,bus,bus_station_seoul_cleaned.csv
선유도역2번출구.당산초등학교,,37.53882104,126.8945006,bus,bus,bus_station_seoul_cleaned.csv
영등포세무서.선유고등학교,,37.53423862,126.8962878,bus,bus,bus_station_seoul_cleaned.csv
영등포세무서.선유고등학교,,37.53440878,126.8967008,bus,bus,bus_station_seoul_cleaned.csv
선유중학교,,37.53205199,126.8945217,bus,bus,bus_station_seoul_cleaned.csv
선유중학교,,37.530961,126.894106,bus,bus,bus_station_seoul_cleaned.csv
신길역1번출구,,37.516815,126.916956,bus,bus,bus_station_seoul_cleaned.csv
신길1동새마을금고,,37.51364094,126.9200351,bus,bus,bus_station_seoul_cleaned.csv
신길1동새마을금고,,37.51408303,126.9195132,bus,bus,bus_station_seoul_cleaned.csv
대신시장,,37.51186652,126.916462,bus,bus,bus_station_seoul_cleaned.csv
대윤병원,,37.51452626,126.9181497,bus,bus,bus_station_seoul_cleaned.csv
대신시장,,37.51206748,126.9162974,bus,bus,bus_station_seoul_cleaned.csv
영등포농협.신길2동새마을금고,,37.51137596,126.9131764,bus,bus,bus_station_seoul_cleaned.csv
우신초등학교,,37.509355,126.910608,bus,bus,bus_station_seoul_cleaned.csv
포레나신길아파트,,37.50341332,126.910149,bus,bus,bus_station_seoul_cleaned.csv
성락교회,,37.50458539,126.9025871,bus,bus,bus_station_seoul_cleaned.csv
성락교회,,37.50474953,126.9028725,bus,bus,bus_station_seoul_cleaned.csv
도림생활문화센터,,37.50929403,126.9076717,bus,bus,bus_station_seoul_cleaned.csv
우신초등학교,,37.50958,126.910838,bus,bus,bus_station_seoul_cleaned.csv
신길힐스테이트클래시안아파트,,37.50498918,126.9108113,bus,bus,bus_station_seoul_cleaned.csv
신길동홍어거리,,37.51082057,126.911472,bus,bus,bus_station_seoul_cleaned.csv
신풍역4번출구.베뉴비안,,37.50143082,126.9097782,bus,bus,bus_station_seoul_cleaned.csv
신길5동주민센터,,37.50095936,126.9053856,bus,bus,bus_station_seoul_cleaned.csv
신길5동주민센터,,37.50105488,126.9049278,bus,bus,bus_station_seoul_cleaned.csv
영등포제1스포츠센터.신풍역,,37.50001207,126.9068971,bus,bus,bus_station_seoul_cleaned.csv
영등포농협도림로지점.우리시장,,37.49817827,126.9045628,bus,bus,bus_station_seoul_cleaned.csv
영등포농협도림로지점,,37.49867389,126.9045757,bus,bus,bus_station_seoul_cleaned.csv
태양의집.KT대방지사,,37.4950915,126.9088077,bus,bus,bus_station_seoul_cleaned.csv
신길주유소,,37.49840117,126.9083965,bus,bus,bus_station_seoul_cleaned.csv
신풍역5번출구.베뉴비안,,37.50132384,126.910085,bus,bus,bus_station_seoul_cleaned.csv
신길중학교.래미안에스티움북문,,37.501245,126.916458,bus,bus,bus_station_seoul_cleaned.csv
도림초등학교,,37.507364,126.90639,bus,bus,bus_station_seoul_cleaned.csv
대방역,,37.51276936,126.9237906,bus,bus,bus_station_seoul_cleaned.csv
공군호텔,,37.50987069,126.9240537,bus,bus,bus_station_seoul_cleaned.csv
서울지방병무청,,37.50517472,126.9221593,bus,bus,bus_station_seoul_cleaned.csv
대방초등학교,,37.50238414,126.9210085,bus,bus,bus_station_seoul_cleaned.csv
태양의집,,37.49614974,126.908241,bus,bus,bus_station_seoul_cleaned.csv
대림동우체국,,37.48943828,126.9054526,bus,bus,bus_station_seoul_cleaned.csv
흰돌교회,,37.49131612,126.9029549,bus,bus,bus_station_seoul_cleaned.csv
대동초등학교,,37.49418115,126.9006323,bus,bus,bus_station_seoul_cleaned.csv
대림역12번출구,,37.49252167,126.8966231,bus,bus,bus_station_seoul_cleaned.csv
대동초등학교.명지성모병원,,37.49429985,126.8992448,bus,bus,bus_station_seoul_cleaned.csv
대동초등학교,,37.49366143,126.9006612,bus,bus,bus_station_seoul_cleaned.csv
흰돌교회,,37.49054306,126.9032573,bus,bus,bus_station_seoul_cleaned.csv
대림동우체국,,37.48962784,126.9047297,bus,bus,bus_station_seoul_cleaned.csv
대림동우성아파트,,37.4959961,126.9020385,bus,bus,bus_station_seoul_cleaned.csv
대림역9번출구,,37.49288,126.896585,bus,bus,bus_station_seoul_cleaned.csv
대동초등학교.명지성모병원,,37.49417159,126.8986961,bus,bus,bus_station_seoul_cleaned.csv
대림동우성아파트,,37.4965119,126.9023481,bus,bus,bus_station_seoul_cleaned.csv
YDP미래평생학습관,,37.50378645,126.8955056,bus,bus,bus_station_seoul_cleaned.csv
대림동현대3차아파트,,37.504569,126.89654,bus,bus,bus_station_seoul_cleaned.csv
신영초등학교,,37.50162686,126.8971376,bus,bus,bus_station_seoul_cleaned.csv
YDP미래평생학습관,,37.50301282,126.8961721,bus,bus,bus_station_seoul_cleaned.csv
선유도공원,,37.542245,126.902595,bus,bus,bus_station_seoul_cleaned.csv
선유도공원,,37.542025,126.902915,bus,bus,bus_station_seoul_cleaned.csv
신길역5호선,,37.51855816,126.9148309,bus,bus,bus_station_seoul_cleaned.csv
국회의사당,,37.53064228,126.9191537,bus,bus,bus_station_seoul_cleaned.csv
산업은행본점,,37.52796717,126.9208526,bus,bus,bus_station_seoul_cleaned.csv
더현대서울,,37.52500458,126.9281836,bus,bus,bus_station_seoul_cleaned.csv
유진투자증권,,37.52553105,126.9269899,bus,bus,bus_station_seoul_cleaned.csv
파크원타워.LG트윈타워,,37.52709217,126.9272062,bus,bus,bus_station_seoul_cleaned.csv
신길파크자이아파트,,37.50505997,126.9132459,bus,bus,bus_station_seoul_cleaned.csv
여의도한양아파트,,37.52092035,126.9320647,bus,bus,bus_station_seoul_cleaned.csv
하나은행여의도지점,,37.52132812,126.9311456,bus,bus,bus_station_seoul_cleaned.csv
여의도수정아파트,,37.522463,126.9304856,bus,bus,bus_station_seoul_cleaned.csv
신풍역6번출구,,37.50031683,126.9104305,bus,bus,bus_station_seoul_cleaned.csv
여의도역3번출구,,37.523355,126.923253,bus,bus,bus_station_seoul_cleaned.csv
영진시장.신길새마을금고,,37.500155,126.9154975,bus,bus,bus_station_seoul_cleaned.csv
문래우체국.문래예술공단,,37.51425859,126.8951938,bus,bus,bus_station_seoul_cleaned.csv
문래우체국.문래예술공단,,37.5141627,126.8947765,bus,bus,bus_station_seoul_cleaned.csv
대림3동주민센터,,37.4978472,126.8988103,bus,bus,bus_station_seoul_cleaned.csv
대방역,,37.512907,126.923495,bus,bus,bus_station_seoul_cleaned.csv
신길3동주민센터,,37.50636919,126.9109089,bus,bus,bus_station_seoul_cleaned.csv
대길초등학교,,37.4989132,126.9122243,bus,bus,bus_station_seoul_cleaned.csv
미보빌딩,,37.49841755,126.9167141,bus,bus,bus_station_seoul_cleaned.csv
신길역1호선,,37.5167591,126.9166369,bus,bus,bus_station_seoul_cleaned.csv
신길보라매SK뷰아파트,,37.504066,126.919256,bus,bus,bus_station_seoul_cleaned.csv
여의도순복음교회비전센터,,37.53001122,126.9241543,bus,bus,bus_station_seoul_cleaned.csv
래미안에스티움,,37.50016491,126.9127738,bus,bus,bus_station_seoul_cleaned.csv
문래역.문래자이아파트,,37.51662494,126.8945856,bus,bus,bus_station_seoul_cleaned.csv
대방역7번출구,,37.51374786,126.9265562,bus,bus,bus_station_seoul_cleaned.csv
대방역,,37.51358763,126.9259751,bus,bus,bus_station_seoul_cleaned.csv
대길초등학교,,37.49858919,126.9145709,bus,bus,bus_station_seoul_cleaned.csv
대방천사거리,,37.498862,126.919402,bus,bus,bus_station_seoul_cleaned.csv
대방천사거리,,37.49848876,126.9197991,bus,bus,bus_station_seoul_cleaned.csv
대림코오롱아파트,,37.50690736,126.8942967,bus,bus,bus_station_seoul_cleaned.csv
영등포로터리,,37.51861348,126.910372,bus,bus,bus_station_seoul_cleaned.csv
신길주유소교차로.신풍역3번출구,,37.49934992,126.9074087,bus,bus,bus_station_seoul_cleaned.csv
신길주유소교차로.신풍역3번출구,,37.4995771,126.9069956,bus,bus,bus_station_seoul_cleaned.csv
영문초등학교,,37.520197,126.887835,bus,bus,bus_station_seoul_cleaned.csv
영문초등학교,,37.52004716,126.8879576,bus,bus,bus_station_seoul_cleaned.csv
문래역1번출구,,37.51663125,126.8942561,bus,bus,bus_station_seoul_cleaned.csv
양화중학교.홈플러스,,37.519369,126.8952833,bus,bus,bus_station_seoul_cleaned.csv
기계회관,,37.52909926,126.9226787,bus,bus,bus_station_seoul_cleaned.csv
신동아아파트,,37.49807251,126.8946317,bus,bus,bus_station_seoul_cleaned.csv
신영초교,,37.49893094,126.8963033,bus,bus,bus_station_seoul_cleaned.csv
우성5차아파트,,37.50760453,126.9032049,bus,bus,bus_station_seoul_cleaned.csv
우성5차아파트,,37.50734058,126.903036,bus,bus,bus_station_seoul_cleaned.csv
현대3차성원아파트,,37.50429424,126.896616,bus,bus,bus_station_seoul_cleaned.csv
래미안에스티움(신길파크자이),,37.50218325,126.9128987,bus,bus,bus_station_seoul_cleaned.csv
대림3동사거리.명지춘혜병원,,37.50047659,126.8976369,bus,bus,bus_station_seoul_cleaned.csv
현대2차아파트,,37.50335109,126.8952039,bus,bus,bus_station_seoul_cleaned.csv
성원아파트.한국상하수도협회,,37.5025757,126.896757,bus,bus,bus_station_seoul_cleaned.csv
베뢰아국제대학원대학교.수정교회,,37.50107293,126.8989671,bus,bus,bus_station_seoul_cleaned.csv
성원아파트입구,,37.50496619,126.8979949,bus,bus,bus_station_seoul_cleaned.csv
신길우성1차.건영아파트,,37.50605602,126.8995853,bus,bus,bus_station_seoul_cleaned.csv
건영아파트,,37.50635442,126.9008516,bus,bus,bus_station_seoul_cleaned.csv
신길바다마을아파트.보라매sk뷰,,37.502859,126.916049,bus,bus,bus_station_seoul_cleaned.csv
성애병원,,37.51151277,126.9230916,bus,bus,bus_station_seoul_cleaned.csv
신길보라매sk뷰.바다마을아파트,,37.50290417,126.9161719,bus,bus,bus_station_seoul_cleaned.csv
신길우성2차아파트,,37.49925766,126.9104509,bus,bus,bus_station_seoul_cleaned.csv
보라매역4번출구,,37.49984645,126.9193169,bus,bus,bus_station_seoul_cleaned.csv
신길새마을금고.영진시장,,37.49989094,126.9170659,bus,bus,bus_station_seoul_cleaned.csv
신길광장공원,,37.49993735,126.9039927,bus,bus,bus_station_seoul_cleaned.csv
대성아파트.건영아파트후문,,37.50323086,126.9003307,bus,bus,bus_station_seoul_cleaned.csv
대성유니드아파트,,37.50083681,126.9027079,bus,bus,bus_station_seoul_cleaned.csv
신길중학교.래미안에스티움북문,,37.50142009,126.9166259,bus,bus,bus_station_seoul_cleaned.csv
건영아파트후문,,37.50268933,126.9005629,bus,bus,bus_station_seoul_cleaned.csv
대림동코오롱아파트,,37.50769815,126.8945682,bus,bus,bus_station_seoul_cleaned.csv
문래동종점,,37.51567355,126.8864004,bus,bus,bus_station_seoul_cleaned.csv
문래동시점,,37.51554771,126.8867116,bus,bus,bus_station_seoul_cleaned.csv
KT&G영등포지사.문래동종점,,37.5154221,126.8872632,bus,bus,bus_station_seoul_cleaned.csv
신길1차우성아파트,,37.5058716,126.8998713,bus,bus,bus_station_seoul_cleaned.csv
보라매역5번출구,,37.50004166,126.918913,bus,bus,bus_station_seoul_cleaned.csv
영등포동.영등포푸르지오아파트,,37.51014178,126.9046724,bus,bus,bus_station_seoul_cleaned.csv
우신초교앞사거리,,37.51088808,126.910017,bus,bus,bus_station_seoul_cleaned.csv
도림초교사거리,,37.50830191,126.9053801,bus,bus,bus_station_seoul_cleaned.csv
고추말,,37.51194733,126.9062762,bus,bus,bus_station_seoul_cleaned.csv
코끼리할인마트,,37.50585489,126.9070387,bus,bus,bus_station_seoul_cleaned.csv
대영고등학교.신길센트럴아이파크,,37.504783,126.904153,bus,bus,bus_station_seoul_cleaned.csv
동양볼링장,,37.51676826,126.8884242,bus,bus,bus_station_seoul_cleaned.csv
보라매공원입구,,37.49857062,126.9165754,bus,bus,bus_station_seoul_cleaned.csv
현대2차아파트후문,,37.50301006,126.8940864,bus,bus,bus_station_seoul_cleaned.csv
도림초교사거리,,37.50913531,126.9051713,bus,bus,bus_station_seoul_cleaned.csv
도림초등학교,,37.5069672,126.9064945,bus,bus,bus_station_seoul_cleaned.csv
고추말,,37.51195846,126.9061093,bus,bus,bus_station_seoul_cleaned.csv
SG메디피움,,37.50508007,126.9047286,bus,bus,bus_station_seoul_cleaned.csv
도림사거리,,37.50705052,126.9012712,bus,bus,bus_station_seoul_cleaned.csv
기림약국,,37.49977289,126.9008725,bus,bus,bus_station_seoul_cleaned.csv
신길광장공원,,37.49996704,126.9045015,bus,bus,bus_station_seoul_cleaned.csv
코사마트,,37.49840177,126.9020269,bus,bus,bus_station_seoul_cleaned.csv
성락빌딩,,37.500908,126.89948,bus,bus,bus_station_seoul_cleaned.csv
대림119안전센터,,37.49746349,126.9032579,bus,bus,bus_station_seoul_cleaned.csv
두산위브진주아파트,,37.51642062,126.8853096,bus,bus,bus_station_seoul_cleaned.csv
현대3차아파트,,37.516298,126.884898,bus,bus,bus_station_seoul_cleaned.csv
CM병원,,37.51835277,126.9027079,bus,bus,bus_station_seoul_cleaned.csv
대방역6번출구,,37.513045,126.924159,bus,bus,bus_station_seoul_cleaned.csv
타임스퀘어.영등포소방서,,37.51801198,126.9045916,bus,bus,bus_station_seoul_cleaned.csv
당산신동아파밀리에,,37.51967798,126.9008142,bus,bus,bus_station_seoul_cleaned.csv
영등포청과시장,,37.52366996,126.9018128,bus,bus,bus_station_seoul_cleaned.csv
영등포청과시장,,37.52248498,126.9017747,bus,bus,bus_station_seoul_cleaned.csv
서울시립청소년성문화센터,,37.52515178,126.9023143,bus,bus,bus_station_seoul_cleaned.csv
서울시립청소년성문화센터,,37.52467985,126.9023885,bus,bus,bus_station_seoul_cleaned.csv
한강아파트,,37.52774784,126.9034084,bus,bus,bus_station_seoul_cleaned.csv
롯데마트맥스영등포점,,37.52806631,126.903873,bus,bus,bus_station_seoul_cleaned.csv
당산센트럴아이파크아파트,,37.53009057,126.9043581,bus,bus,bus_station_seoul_cleaned.csv
영등포농협당산역지점,,37.53081552,126.9049657,bus,bus,bus_station_seoul_cleaned.csv
신풍시장,,37.50574471,126.9101668,bus,bus,bus_station_seoul_cleaned.csv
신길건영아파트,,37.50344046,126.9015875,bus,bus,bus_station_seoul_cleaned.csv
신길건영아파트,,37.50373545,126.9016891,bus,bus,bus_station_seoul_cleaned.csv
수정교회.베뢰아국제대학원대학교,,37.50114475,126.8986617,bus,bus,bus_station_seoul_cleaned.csv
대림3동주민센터,,37.49816725,126.89831,bus,bus,bus_station_seoul_cleaned.csv
대영중학교.신길센트럴아이파크,,37.50331589,126.9037579,bus,bus,bus_station_seoul_cleaned.csv
당산역11번출구,,37.53332181,126.9013081,bus,bus,bus_station_seoul_cleaned.csv
대림역5번출구,,37.49418817,126.8949855,bus,bus,bus_station_seoul_cleaned.csv
현대2.3차아파트,,37.53174087,126.8962827,bus,bus,bus_station_seoul_cleaned.csv
한국환경수도연구원,,37.5439176,126.8895618,bus,bus,bus_station_seoul_cleaned.csv
성애병원,,37.51175342,126.9218041,bus,bus,bus_station_seoul_cleaned.csv
당산우편물취급소,,37.52959661,126.8987625,bus,bus,bus_station_seoul_cleaned.csv
기아자동차서비스센터,,37.54154486,126.8913397,bus,bus,bus_station_seoul_cleaned.csv
신일어린이공원,,37.5102388,126.9219968,bus,bus,bus_station_seoul_cleaned.csv
대림역7호선,,37.49296383,126.8973316,bus,bus,bus_station_seoul_cleaned.csv
효성아파트,,37.53099515,126.8998638,bus,bus,bus_station_seoul_cleaned.csv
한신아파트.선유도공원,,37.54061046,126.8923573,bus,bus,bus_station_seoul_cleaned.csv
돈보스코.홈플러스,,37.49665583,126.9132359,bus,bus,bus_station_seoul_cleaned.csv
창의나라어린이집,,37.50881476,126.9215459,bus,bus,bus_station_seoul_cleaned.csv
우성2차아파트,,37.49536357,126.8998625,bus,bus,bus_station_seoul_cleaned.csv
당산역.삼성래미안APT,,37.53322514,126.9015345,bus,bus,bus_station_seoul_cleaned.csv
경남아너스빌,,37.49465175,126.9108451,bus,bus,bus_station_seoul_cleaned.csv
골프장,,37.509504,126.919979,bus,bus,bus_station_seoul_cleaned.csv
코스트코,,37.52836662,126.891661,bus,bus,bus_station_seoul_cleaned.csv
대림3동주민센터,,37.49836066,126.8985174,bus,bus,bus_station_seoul_cleaned.csv
삼성래미안4차아파트북문,,37.53322862,126.9030109,bus,bus,bus_station_seoul_cleaned.csv
선유도역.롯데홈쇼핑,,37.53702457,126.8931341,bus,bus,bus_station_seoul_cleaned.csv
강남성심병원.대림성모병원,,37.49130653,126.9080614,bus,bus,bus_station_seoul_cleaned.csv
대신시장.기업은행,,37.51186326,126.9173778,bus,bus,bus_station_seoul_cleaned.csv
당중초등학교.노동부남부지청,,37.52538663,126.8906255,bus,bus,bus_station_seoul_cleaned.csv
대림3동사거리,,37.49954069,126.8980363,bus,bus,bus_station_seoul_cleaned.csv
당산중학교.한국소방안전원,,37.53188907,126.9065022,bus,bus,bus_station_seoul_cleaned.csv
영등포동.영등포푸르지오아파트,,37.51101964,126.9053948,bus,bus,bus_station_seoul_cleaned.csv
신대림한솔솔파크아파트.충심교회,,37.48846972,126.8990679,bus,bus,bus_station_seoul_cleaned.csv
영은교회,,37.52536169,126.888207,bus,bus,bus_station_seoul_cleaned.csv
강변래미안아파트,,37.53009826,126.9072184,bus,bus,bus_station_seoul_cleaned.csv
케이카,,37.53423608,126.8923382,bus,bus,bus_station_seoul_cleaned.csv
대림중앙시장,,37.48990476,126.9007035,bus,bus,bus_station_seoul_cleaned.csv
양평역,,37.52505719,126.8860807,bus,bus,bus_station_seoul_cleaned.csv
대림요양병원,,37.50233141,126.9001498,bus,bus,bus_station_seoul_cleaned.csv
한국산업인력공단,,37.52870015,126.9077327,bus,bus,bus_station_seoul_cleaned.csv
거성파스텔아파트,,37.53211681,126.8924532,bus,bus,bus_station_seoul_cleaned.csv
농협.대림2동주민센터,,37.49081213,126.9017291,bus,bus,bus_station_seoul_cleaned.csv
삼성아파트.오목교아래,,37.52341538,126.88346,bus,bus,bus_station_seoul_cleaned.csv
인구보건복지협회.제일빌딩,,37.52603821,126.9087701,bus,bus,bus_station_seoul_cleaned.csv
선유고등학교,,37.53313337,126.8945892,bus,bus,bus_station_seoul_cleaned.csv
대림포교원,,37.49205588,126.903088,bus,bus,bus_station_seoul_cleaned.csv
벽산아파트,,37.5232854,126.8824379,bus,bus,bus_station_seoul_cleaned.csv
성락교회,,37.5044937,126.9029769,bus,bus,bus_station_seoul_cleaned.csv
한강성심병원,,37.52332997,126.910544,bus,bus,bus_station_seoul_cleaned.csv
대림1동새마을금고,,37.49308948,126.9042356,bus,bus,bus_station_seoul_cleaned.csv
신동아아파트.관악고교,,37.52166185,126.8852431,bus,bus,bus_station_seoul_cleaned.csv
도림사거리,,37.50631744,126.9017767,bus,bus,bus_station_seoul_cleaned.csv
근로복지공단.서울남부지사,,37.52132966,126.9119175,bus,bus,bus_station_seoul_cleaned.csv
대림1동주민센터,,37.49506377,126.9064554,bus,bus,bus_station_seoul_cleaned.csv
e편한세상문래에듀플라츠,,37.52031164,126.8858599,bus,bus,bus_station_seoul_cleaned.csv
선의원,,37.51250602,126.9092502,bus,bus,bus_station_seoul_cleaned.csv
태양의집.썬프라자,,37.49581776,126.9073027,bus,bus,bus_station_seoul_cleaned.csv
영신고등학교,,37.49759253,126.9083814,bus,bus,bus_station_seoul_cleaned.csv
신풍역.수녀원,,37.49944141,126.9077008,bus,bus,bus_station_seoul_cleaned.csv
근로복지공단.서울남부지사,,37.52140371,126.912138,bus,bus,bus_station_seoul_cleaned.csv
현대홈타운아파트,,37.52341618,126.8958915,bus,bus,bus_station_seoul_cleaned.csv
삼성래미안아파트1단지,,37.50520628,126.9162315,bus,bus,bus_station_seoul_cleaned.csv
벽산메가트리움APT,,37.51856953,126.8979142,bus,bus,bus_station_seoul_cleaned.csv
약산약국,,37.51131388,126.9142969,bus,bus,bus_station_seoul_cleaned.csv
한강성심병원,,37.52339863,126.9107747,bus,bus,bus_station_seoul_cleaned.csv
문래역.홈플러스,,37.52045481,126.8952702,bus,bus,bus_station_seoul_cleaned.csv
대영초중고,,37.50208367,126.9045861,bus,bus,bus_station_seoul_cleaned.csv
삼성래미안아파트2단지,,37.50671281,126.9142275,bus,bus,bus_station_seoul_cleaned.csv
영일시장.록스,,37.5183513,126.9008725,bus,bus,bus_station_seoul_cleaned.csv
인구보건복지협회.호텔아벤트리,,37.52621678,126.9089588,bus,bus,bus_station_seoul_cleaned.csv
교보생명,,37.52065869,126.8927265,bus,bus,bus_station_seoul_cleaned.csv
신길역2번출구,,37.518244,126.916014,bus,bus,bus_station_seoul_cleaned.csv
한국산업인력공단,,37.52829752,126.9081846,bus,bus,bus_station_seoul_cleaned.csv
GS홈쇼핑앞,,37.52103289,126.8900549,bus,bus,bus_station_seoul_cleaned.csv
켄싱턴호텔.여의도,,37.53039645,126.9220913,bus,bus,bus_station_seoul_cleaned.csv
문래힐스테이트,,37.51896245,126.8893961,bus,bus,bus_station_seoul_cleaned.csv
래미안에스티움,,37.49985866,126.9137184,bus,bus,bus_station_seoul_cleaned.csv
강변래미안아파트,,37.53041014,126.9073493,bus,bus,bus_station_seoul_cleaned.csv
양평동서통한신아파트,,37.52137241,126.8879275,bus,bus,bus_station_seoul_cleaned.csv
당산역.지하철2호선,,37.53474,126.9023378,bus,bus,bus_station_seoul_cleaned.csv
당산중학교.한국소방안전원,,37.53223157,126.906607,bus,bus,bus_station_seoul_cleaned.csv
모랫말.도림새마을금고,,37.50852023,126.9002173,bus,bus,bus_station_seoul_cleaned.csv
삼성래미안동문,,37.53111633,126.9047437,bus,bus,bus_station_seoul_cleaned.csv
양평역,,37.52533294,126.886255,bus,bus,bus_station_seoul_cleaned.csv
도림고가.영등포아트자이,,37.51046734,126.8989591,bus,bus,bus_station_seoul_cleaned.csv
당산센트럴아이파크아파트,,37.52944737,126.9025106,bus,bus,bus_station_seoul_cleaned.csv
영은교회,,37.52508675,126.8888972,bus,bus,bus_station_seoul_cleaned.csv
도림교회,,37.50934676,126.8973227,bus,bus,bus_station_seoul_cleaned.csv
선화약국,,37.51065357,126.9172406,bus,bus,bus_station_seoul_cleaned.csv
당산효성.현대5차아파트,,37.53017333,126.9009081,bus,bus,bus_station_seoul_cleaned.csv
노동부남부지청,,37.52463884,126.8917297,bus,bus,bus_station_seoul_cleaned.csv
도림동주민센터,,37.50879719,126.8964095,bus,bus,bus_station_seoul_cleaned.csv
푸른숲아파트,,37.508143,126.91747,bus,bus,bus_station_seoul_cleaned.csv
문래자이정문,,37.5169494,126.896353,bus,bus,bus_station_seoul_cleaned.csv
대신시장,,37.51212378,126.9165402,bus,bus,bus_station_seoul_cleaned.csv
현대APT후문,,37.52422857,126.8944185,bus,bus,bus_station_seoul_cleaned.csv
코오롱아파트,,37.50803184,126.8948324,bus,bus,bus_station_seoul_cleaned.csv
대성유니드아파트,,37.50116752,126.9027188,bus,bus,bus_station_seoul_cleaned.csv
골프장,,37.50883348,126.9199045,bus,bus,bus_station_seoul_cleaned.csv
문래자이후문,,37.51689912,126.8986416,bus,bus,bus_station_seoul_cleaned.csv
영등포구청.우리은행,,37.52543985,126.8966954,bus,bus,bus_station_seoul_cleaned.csv
골프장,,37.50904062,126.9202844,bus,bus,bus_station_seoul_cleaned.csv
문래동주민센터,,37.51760168,126.8993511,bus,bus,bus_station_seoul_cleaned.csv
신일어린이공원,,37.51001921,126.9224212,bus,bus,bus_station_seoul_cleaned.csv
금호아파트,,37.51877189,126.8979309,bus,bus,bus_station_seoul_cleaned.csv
도림초교사거리,,37.50833757,126.9049107,bus,bus,bus_station_seoul_cleaned.csv
도림동주민센터,,37.50849026,126.8961494,bus,bus,bus_station_seoul_cleaned.csv
도림교회,,37.50922692,126.8973308,bus,bus,bus_station_seoul_cleaned.csv
대림역5번출구,,37.4948667,126.8948001,bus,bus,bus_station_seoul_cleaned.csv
건영아파트,,37.5057687,126.9018102,bus,bus,bus_station_seoul_cleaned.csv
선유고등학교,,37.53329016,126.8945867,bus,bus,bus_station_seoul_cleaned.csv
도림고가.동아에코빌,,37.5101176,126.8988261,bus,bus,bus_station_seoul_cleaned.csv
선유초등학교후문,,37.5327076,126.8920914,bus,bus,bus_station_seoul_cleaned.csv
도림새마을금고,,37.50848576,126.8999436,bus,bus,bus_station_seoul_cleaned.csv
e편한세상문래에듀플라츠,,37.52044949,126.8858416,bus,bus,bus_station_seoul_cleaned.csv
케이카,,37.53430293,126.8925203,bus,bus,bus_station_seoul_cleaned.csv
도림사거리,,37.50709079,126.9009386,bus,bus,bus_station_seoul_cleaned.csv
대림요양병원,,37.50253217,126.8999335,bus,bus,bus_station_seoul_cleaned.csv
선유도역.롯데홈쇼핑,,37.53704851,126.8934442,bus,bus,bus_station_seoul_cleaned.csv
대림3동사거리,,37.49938636,126.8977582,bus,bus,bus_station_seoul_cleaned.csv
당산초등학교,,37.5386978,126.8947636,bus,bus,bus_station_seoul_cleaned.csv
대영초중고,,37.502528,126.904047,bus,bus,bus_station_seoul_cleaned.csv
노동부남부지청,,37.52537247,126.8909005,bus,bus,bus_station_seoul_cleaned.csv
대림동현대3차아파트,,37.504466,126.896397,bus,bus,bus_station_seoul_cleaned.csv
대림3동주민센터,,37.49807937,126.8983425,bus,bus,bus_station_seoul_cleaned.csv
한신아파트.선유도공원,,37.54065922,126.8924693,bus,bus,bus_station_seoul_cleaned.csv
남성아파트,,37.51220349,126.8910896,bus,bus,bus_station_seoul_cleaned.csv
신안인스빌아파트,,37.51373547,126.8885414,bus,bus,bus_station_seoul_cleaned.csv
삼환아파트,,37.51378551,126.8904512,bus,bus,bus_station_seoul_cleaned.csv
문래공원사거리,,37.51398,126.893088,bus,bus,bus_station_seoul_cleaned.csv
우성2차아파트,,37.49555362,126.8994441,bus,bus,bus_station_seoul_cleaned.csv
동양아파트,,37.54176104,126.89027,bus,bus,bus_station_seoul_cleaned.csv
대동초등학교.명지성모병원,,37.49420138,126.8987628,bus,bus,bus_station_seoul_cleaned.csv
샛강역1번출구.여의도자이,,37.51879339,126.9273528,bus,bus,bus_station_seoul_cleaned.csv
샛강역4번출구.여의도자이,,37.5189481,126.926491,bus,bus,bus_station_seoul_cleaned.csv
여의도메리어트호텔,,37.52171426,126.9184613,bus,bus,bus_station_seoul_cleaned.csv
여의도메리어트호텔,,37.52104202,126.9192874,bus,bus,bus_station_seoul_cleaned.csv
신길5동우체국,,37.49804045,126.9080396,bus,bus,bus_station_seoul_cleaned.csv
한솔아파트,,37.54389185,126.8880522,bus,bus,bus_station_seoul_cleaned.csv
문래동주민센터,,37.51695966,126.898694,bus,bus,bus_station_seoul_cleaned.csv
태양의집.썬프라자,,37.49612237,126.9073566,bus,bus,bus_station_seoul_cleaned.csv
신길동오거리,,37.51039136,126.9159402,bus,bus,bus_station_seoul_cleaned.csv
신기목련아파트.더샵파크프레스티지,,37.50901724,126.9158201,bus,bus,bus_station_seoul_cleaned.csv
영등포역.페어필드메리어트,,37.51672755,126.9081072,bus,bus,bus_station_seoul_cleaned.csv
영등포시장전철역,,37.52168219,126.9051913,bus,bus,bus_station_seoul_cleaned.csv
경방타임스퀘어.신세계백화점,,37.517327,126.90598,bus,bus,bus_station_seoul_cleaned.csv
당산푸르지오아파트,,37.52907539,126.9059276,bus,bus,bus_station_seoul_cleaned.csv
영등포삼환아파트,,37.52887238,126.9055997,bus,bus,bus_station_seoul_cleaned.csv
영등포시장전철역,,37.52141063,126.904781,bus,bus,bus_station_seoul_cleaned.csv
당산역9번출구,,37.53265658,126.9039757,bus,bus,bus_station_seoul_cleaned.csv
대영고등학교.신길센트럴아이파크,,37.50488237,126.9049222,bus,bus,bus_station_seoul_cleaned.csv
대림1동주민센터,,37.49509149,126.9061885,bus,bus,bus_station_seoul_cleaned.csv
대림1동새마을금고,,37.49335802,126.9042511,bus,bus,bus_station_seoul_cleaned.csv
대림포교원,,37.49243715,126.9032198,bus,bus,bus_station_seoul_cleaned.csv
농협.대림2동주민센터,,37.49081097,126.9014159,bus,bus,bus_station_seoul_cleaned.csv
신대림한솔솔파크아파트.충심교회,,37.48889338,126.8992325,bus,bus,bus_station_seoul_cleaned.csv
대림역,,37.49379542,126.8951274,bus,bus,bus_station_seoul_cleaned.csv
당서초교,,37.53111111,126.8995389,bus,bus,bus_station_seoul_cleaned.csv
국회의사당,,37.52827531,126.9181628,bus,bus,bus_station_seoul_cleaned.csv
현대3차유원아파트,,37.53193459,126.8973008,bus,bus,bus_station_seoul_cleaned.csv
양화대교전망카페,,37.53982,126.901182,bus,bus,bus_station_seoul_cleaned.csv
신풍프라자,,37.50178648,126.9015123,bus,bus,bus_station_seoul_cleaned.csv
양화대교전망카페,,37.539938,126.900755,bus,bus,bus_station_seoul_cleaned.csv
문래힐스테이트아파트,,37.51942396,126.8914974,bus,bus,bus_station_seoul_cleaned.csv
문래힐스테이트아파트,,37.519647,126.891508,bus,bus,bus_station_seoul_cleaned.csv
영등포소방서.타임스퀘어,,37.51827387,126.9036355,bus,bus,bus_station_seoul_cleaned.csv
영등포구청,,37.5243138,126.8952227,bus,bus,bus_station_seoul_cleaned.csv
해군호텔,,37.504339,126.916046,bus,bus,bus_station_seoul_cleaned.csv
진로A,,37.52061275,126.8955641,bus,bus,bus_station_seoul_cleaned.csv
현대2.3차아파트,,37.5326083,126.896939,bus,bus,bus_station_seoul_cleaned.csv
신동아아파트.관악고교,,37.52235589,126.8855026,bus,bus,bus_station_seoul_cleaned.csv
한국거래소공항방면,,37.52350346,126.9269644,bus,bus,bus_station_seoul_cleaned.csv
당산역,,37.53300289,126.9010481,bus,bus,bus_station_seoul_cleaned.csv
삼성래미안아파트,,37.50740694,126.9130481,bus,bus,bus_station_seoul_cleaned.csv
골프장,,37.50869347,126.9199176,bus,bus,bus_station_seoul_cleaned.csv
삼환아파트,,37.50713139,126.9200285,bus,bus,bus_station_seoul_cleaned.csv
병무청,,37.50636562,126.9216231,bus,bus,bus_station_seoul_cleaned.csv
대방동성당,,37.50515997,126.921656,bus,bus,bus_station_seoul_cleaned.csv
신길한성아파트,,37.50415136,126.9199107,bus,bus,bus_station_seoul_cleaned.csv
신길중앙새마을금고신길4동지점,,37.50542579,126.9126669,bus,bus,bus_station_seoul_cleaned.csv
래미안영등포프레비뉴아파트,,37.50563536,126.9069365,bus,bus,bus_station_seoul_cleaned.csv
신길힐스테이트클래시안아파트,,37.50559069,126.911453,bus,bus,bus_station_seoul_cleaned.csv
신길파크자이아파트,,37.50493406,126.9135628,bus,bus,bus_station_seoul_cleaned.csv
서울해군호텔,,37.50425862,126.9160027,bus,bus,bus_station_seoul_cleaned.csv
대방동성당,,37.50504467,126.9217263,bus,bus,bus_station_seoul_cleaned.csv
병무청,,37.506363,126.9217498,bus,bus,bus_station_seoul_cleaned.csv
삼환아파트,,37.50749061,126.9198821,bus,bus,bus_station_seoul_cleaned.csv
오거리,,37.5086679,126.9215732,bus,bus,bus_station_seoul_cleaned.csv
서울해군호텔,,37.50454386,126.915975,bus,bus,bus_station_seoul_cleaned.csv
영등포역1번출구,,37.514679,126.907997,bus,bus,bus_station_seoul_cleaned.csv
영등포역2번출구,,37.51458398,126.9078197,bus,bus,bus_station_seoul_cleaned.csv
신길GS자이아파트정문,,37.50629856,126.9171066,bus,bus,bus_station_seoul_cleaned.csv
신길GS자이아파트후문,,37.50610029,126.9157993,bus,bus,bus_station_seoul_cleaned.csv
신길4동주민센터,,37.50818054,126.9115552,bus,bus,bus_station_seoul_cleaned.csv
신길GS자이아파트정문,,37.50613105,126.9172437,bus,bus,bus_station_seoul_cleaned.csv
63빌딩.한강유람선,,37.52129875,126.940164,bus,bus,bus_station_seoul_cleaned.csv
여의나루역,,37.52727034,126.9321281,bus,bus,bus_station_seoul_cleaned.csv
푸른숲아파트,,37.50871567,126.9176243,bus,bus,bus_station_seoul_cleaned.csv
공군호텔,,37.51004555,126.9241282,bus,bus,bus_station_seoul_cleaned.csv
공군호텔,,37.51020175,126.9246178,bus,bus,bus_station_seoul_cleaned.csv
영등포푸르지오,,37.51177321,126.9034754,bus,bus,bus_station_seoul_cleaned.csv
대우미래사랑,,37.51230006,126.9009464,bus,bus,bus_station_seoul_cleaned.csv
영등포아트자이,,37.51099065,126.8988576,bus,bus,bus_station_seoul_cleaned.csv
영등포아트자이,,37.51145974,126.8995215,bus,bus,bus_station_seoul_cleaned.csv
대우미래사랑,,37.51181032,126.9004177,bus,bus,bus_station_seoul_cleaned.csv
영등포푸르지오후문,,37.513267,126.904886,bus,bus,bus_station_seoul_cleaned.csv
대한항공훈련센터,,37.54588628,126.8123007,bus,bus,bus_station_seoul_cleaned.csv
여의나루역.한강버스선착장,,37.52647067,126.9328494,bus,bus,bus_station_seoul_cleaned.csv
당산119안전센터.당산역,,37.53502216,126.8998731,bus,bus,bus_station_seoul_cleaned.csv
동작상떼빌아파트,,37.486449,126.904448,bus,bus,bus_station_seoul_cleaned.csv
신대방경남아파트,,37.49025215,126.9075952,bus,bus,bus_station_seoul_cleaned.csv
신대방현대아파트,,37.49528274,126.9114762,bus,bus,bus_station_seoul_cleaned.csv
보라매공원,,37.496899,126.9162239,bus,bus,bus_station_seoul_cleaned.csv
보라매역.동작세무서,,37.4981412,126.9201964,bus,bus,bus_station_seoul_cleaned.csv
강남중학교,,37.50378955,126.9218984,bus,bus,bus_station_seoul_cleaned.csv
현대아파트,,37.513174,126.931437,bus,bus,bus_station_seoul_cleaned.csv
현대아파트.유한양행,,37.51323685,126.9323737,bus,bus,bus_station_seoul_cleaned.csv
노량진수산시장.CTS기독교TV,,37.513423,126.938456,bus,bus,bus_station_seoul_cleaned.csv
노량진수산시장.CTS기독교TV,,37.51348008,126.9388656,bus,bus,bus_station_seoul_cleaned.csv
노량진역,,37.513733,126.943811,bus,bus,bus_station_seoul_cleaned.csv
노량진역,,37.51383259,126.9447115,bus,bus,bus_station_seoul_cleaned.csv
노들역,,37.512825,126.949256,bus,bus,bus_station_seoul_cleaned.csv
노들역,,37.5127342,126.9509622,bus,bus,bus_station_seoul_cleaned.csv
갯마을앞,,37.49755505,126.9833117,bus,bus,bus_station_seoul_cleaned.csv
정금마을.방배경찰서,,37.49423389,126.9826144,bus,bus,bus_station_seoul_cleaned.csv
경문고교.배나무골앞,,37.49159122,126.9826229,bus,bus,bus_station_seoul_cleaned.csv
총신대입구역.남성사계시장입구앞,,37.48821683,126.9822244,bus,bus,bus_station_seoul_cleaned.csv
사당동우체국앞,,37.48322737,126.9819451,bus,bus,bus_station_seoul_cleaned.csv
방배노인종합복지관,,37.48067903,126.9818146,bus,bus,bus_station_seoul_cleaned.csv
서울지방병무청앞,,37.506935,126.923275,bus,bus,bus_station_seoul_cleaned.csv
공군호텔,,37.51001067,126.9245411,bus,bus,bus_station_seoul_cleaned.csv
대방역,,37.51258813,126.9263634,bus,bus,bus_station_seoul_cleaned.csv
KT동작지사,,37.51303954,126.9356601,bus,bus,bus_station_seoul_cleaned.csv
노량진역3번출구,,37.51349516,126.9418756,bus,bus,bus_station_seoul_cleaned.csv
노량진역2번출구,,37.51390589,126.9434702,bus,bus,bus_station_seoul_cleaned.csv
사육신공원,,37.51336661,126.9463011,bus,bus,bus_station_seoul_cleaned.csv
사육신공원,,37.513315,126.947977,bus,bus,bus_station_seoul_cleaned.csv
노들역,,37.51286531,126.9510505,bus,bus,bus_station_seoul_cleaned.csv
노들역,,37.512565,126.951007,bus,bus,bus_station_seoul_cleaned.csv
흑석동효사정앞,,37.51155451,126.9607462,bus,bus,bus_station_seoul_cleaned.csv
흑석동효사정앞,,37.5115729,126.9612375,bus,bus,bus_station_seoul_cleaned.csv
흑석역.흑석동빗물펌프장,,37.50830494,126.9632135,bus,bus,bus_station_seoul_cleaned.csv
흑석역.명수대현대아파트,,37.50749841,126.9650448,bus,bus,bus_station_seoul_cleaned.csv
흑석역.명수대현대아파트,,37.50758507,126.9655922,bus,bus,bus_station_seoul_cleaned.csv
흑석동명수대현대아파트,,37.50734853,126.9662734,bus,bus,bus_station_seoul_cleaned.csv
비계,,37.50651,126.967675,bus,bus,bus_station_seoul_cleaned.csv
비계,,37.506437,126.9685845,bus,bus,bus_station_seoul_cleaned.csv
흑석동한강현대아파트,,37.505867,126.971748,bus,bus,bus_station_seoul_cleaned.csv
흑석동한강현대아파트,,37.505609,126.971971,bus,bus,bus_station_seoul_cleaned.csv
동작역.국립현충원,,37.502586,126.976865,bus,bus,bus_station_seoul_cleaned.csv
동작역.국립현충원,,37.5031886,126.9766526,bus,bus,bus_station_seoul_cleaned.csv
사당1동상점가,,37.47683189,126.9778215,bus,bus,bus_station_seoul_cleaned.csv
엔지니어링회관,,37.47604923,126.9728451,bus,bus,bus_station_seoul_cleaned.csv
서울공업고등학교,,37.49977514,126.9223388,bus,bus,bus_station_seoul_cleaned.csv
서울공업고등학교,,37.49996145,126.921571,bus,bus,bus_station_seoul_cleaned.csv
대림초등학교,,37.49960777,126.926481,bus,bus,bus_station_seoul_cleaned.csv
대림초등학교,,37.49985536,126.9261279,bus,bus,bus_station_seoul_cleaned.csv
성대시장,,37.49999612,126.9309086,bus,bus,bus_station_seoul_cleaned.csv
성대시장,,37.50028324,126.9317049,bus,bus,bus_station_seoul_cleaned.csv
상도초등학교입구,,37.50335235,126.9367066,bus,bus,bus_station_seoul_cleaned.csv
상도초등학교입구,,37.50295988,126.9357683,bus,bus,bus_station_seoul_cleaned.csv
동작구청.장승배기역4번출구,,37.50467614,126.9385221,bus,bus,bus_station_seoul_cleaned.csv
동작구청.동작보건소건강관리청,,37.504993,126.94076,bus,bus,bus_station_seoul_cleaned.csv
동작구청.동작보건소건강관리청,,37.50532973,126.9417293,bus,bus,bus_station_seoul_cleaned.csv
상도노빌리티아파트,,37.50479471,126.9459415,bus,bus,bus_station_seoul_cleaned.csv
상도노빌리티아파트,,37.50432696,126.9468675,bus,bus,bus_station_seoul_cleaned.csv
상도터널.노들역3번출구,,37.51205669,126.9541122,bus,bus,bus_station_seoul_cleaned.csv
상도터널.노들역4번출구,,37.51200632,126.9536979,bus,bus,bus_station_seoul_cleaned.csv
상도터널상도동,,37.50459881,126.9495037,bus,bus,bus_station_seoul_cleaned.csv
상도터널상도동,,37.50385865,126.9495191,bus,bus,bus_station_seoul_cleaned.csv
상도역,,37.50162713,126.9486225,bus,bus,bus_station_seoul_cleaned.csv
상도역,,37.50124906,126.9495197,bus,bus,bus_station_seoul_cleaned.csv
상도동중앙하이츠빌.상도전통시장,,37.49881318,126.951185,bus,bus,bus_station_seoul_cleaned.csv
상도동중앙하이츠빌.상도전통시장,,37.49868997,126.9517744,bus,bus,bus_station_seoul_cleaned.csv
숭실대입구역,,37.49692604,126.952804,bus,bus,bus_station_seoul_cleaned.csv
숭실대입구역,,37.49616661,126.9533492,bus,bus,bus_station_seoul_cleaned.csv
숭실대입구역,,37.49646142,126.9537335,bus,bus,bus_station_seoul_cleaned.csv
봉현초등학교,,37.4916784,126.9562149,bus,bus,bus_station_seoul_cleaned.csv
봉천고개.관악현대아파트,,37.49173261,126.9565953,bus,bus,bus_station_seoul_cleaned.csv
숭실대중문앞,,37.49515,126.957055,bus,bus,bus_station_seoul_cleaned.csv
숭실대중문앞,,37.49531836,126.9572808,bus,bus,bus_station_seoul_cleaned.csv
숭실대정보과학관앞,,37.49463907,126.9602929,bus,bus,bus_station_seoul_cleaned.csv
숭실대레지던스홀앞,,37.49498474,126.9599068,bus,bus,bus_station_seoul_cleaned.csv
신남성초등학교,,37.48902778,126.9656493,bus,bus,bus_station_seoul_cleaned.csv
총신대,,37.48874228,126.9661798,bus,bus,bus_station_seoul_cleaned.csv
총신대,,37.48785982,126.9664744,bus,bus,bus_station_seoul_cleaned.csv
사당중학교,,37.48635563,126.9682728,bus,bus,bus_station_seoul_cleaned.csv
사당중학교,,37.48663695,126.9681789,bus,bus,bus_station_seoul_cleaned.csv
남성역,,37.48492912,126.9707465,bus,bus,bus_station_seoul_cleaned.csv
남성역,,37.48458754,126.9710943,bus,bus,bus_station_seoul_cleaned.csv
남성역골목시장,,37.48380429,126.9730148,bus,bus,bus_station_seoul_cleaned.csv
남성역골목시장,,37.48367626,126.9727824,bus,bus,bus_station_seoul_cleaned.csv
남성초등학교,,37.4840746,126.9785857,bus,bus,bus_station_seoul_cleaned.csv
남성초등학교,,37.48429923,126.97843,bus,bus,bus_station_seoul_cleaned.csv
이수역9번출구,,37.48444354,126.9798968,bus,bus,bus_station_seoul_cleaned.csv
이수역10번출구,,37.48483286,126.9801875,bus,bus,bus_station_seoul_cleaned.csv
신대방삼거리,,37.49777487,126.9278411,bus,bus,bus_station_seoul_cleaned.csv
신대방삼거리,,37.49833051,126.9282547,bus,bus,bus_station_seoul_cleaned.csv
신대방동성당.보라매병원입구,,37.494757,126.927191,bus,bus,bus_station_seoul_cleaned.csv
노량진초등학교앞,,37.51055022,126.9400541,bus,bus,bus_station_seoul_cleaned.csv
노량진초등학교앞,,37.510453,126.940337,bus,bus,bus_station_seoul_cleaned.csv
장성교회,,37.50821101,126.9399682,bus,bus,bus_station_seoul_cleaned.csv
청화병원,,37.50724508,126.9400798,bus,bus,bus_station_seoul_cleaned.csv
중앙대학교,,37.50816693,126.961322,bus,bus,bus_station_seoul_cleaned.csv
중앙대학교,,37.50850924,126.9615072,bus,bus,bus_station_seoul_cleaned.csv
중앙대학교,,37.50834522,126.9614383,bus,bus,bus_station_seoul_cleaned.csv
동작구청.장승배기역2번출구,,37.50417184,126.9391356,bus,bus,bus_station_seoul_cleaned.csv
동작구청.장승배기역,,37.503934,126.939496,bus,bus,bus_station_seoul_cleaned.csv
상도2동아이파크.포스코더샵아파트,,37.50147931,126.9408309,bus,bus,bus_station_seoul_cleaned.csv
상도2동아이파크.포스코더샵아파트,,37.50151368,126.9411385,bus,bus,bus_station_seoul_cleaned.csv
신상도초등학교,,37.4993164,126.9435349,bus,bus,bus_station_seoul_cleaned.csv
중앙대후문,,37.50480829,126.9536356,bus,bus,bus_station_seoul_cleaned.csv
중앙대후문,,37.5045505,126.953431,bus,bus,bus_station_seoul_cleaned.csv
중앙대정문,,37.50680989,126.9582944,bus,bus,bus_station_seoul_cleaned.csv
중앙대중문,,37.50664283,126.9572653,bus,bus,bus_station_seoul_cleaned.csv
중앙대정문,,37.50723139,126.9591142,bus,bus,bus_station_seoul_cleaned.csv
신대방역,,37.487296,126.911921,bus,bus,bus_station_seoul_cleaned.csv
신대방역,,37.48741715,126.9117427,bus,bus,bus_station_seoul_cleaned.csv
동작상떼빌아파트,,37.48825374,126.9071028,bus,bus,bus_station_seoul_cleaned.csv
신대방경남아파트,,37.48842865,126.907227,bus,bus,bus_station_seoul_cleaned.csv
사당롯데캐슬골든포레.사당해그린,,37.492298,126.963578,bus,bus,bus_station_seoul_cleaned.csv
서울특별시.보라매병원,,37.49275543,126.9244804,bus,bus,bus_station_seoul_cleaned.csv
신상도초등학교,,37.49937392,126.9436737,bus,bus,bus_station_seoul_cleaned.csv
상도4동약수맨션,,37.49794237,126.94355,bus,bus,bus_station_seoul_cleaned.csv
경향렉스빌.롯데캐슬비엔,,37.49592954,126.942914,bus,bus,bus_station_seoul_cleaned.csv
경향렉스빌.롯데캐슬비엔,,37.49598532,126.9427353,bus,bus,bus_station_seoul_cleaned.csv
상도4동약수맨션,,37.49795904,126.9433569,bus,bus,bus_station_seoul_cleaned.csv
래미안상도3차중문,,37.499875,126.953868,bus,bus,bus_station_seoul_cleaned.csv
금양빌딩,,37.49950651,126.9535019,bus,bus,bus_station_seoul_cleaned.csv
노량진역5번출구,,37.51237684,126.9400622,bus,bus,bus_station_seoul_cleaned.csv
상도SH빌아파트상도팰리스후문,,37.50265464,126.9539709,bus,bus,bus_station_seoul_cleaned.csv
상도SH빌아파트상도팰리스후문,,37.50314151,126.9542926,bus,bus,bus_station_seoul_cleaned.csv
상도3차삼성래미안후문,,37.50105476,126.9538227,bus,bus,bus_station_seoul_cleaned.csv
상도3차삼성래미안후문,,37.50094074,126.953569,bus,bus,bus_station_seoul_cleaned.csv
상도1동주민센터.상도3차래미안,,37.49840616,126.9533572,bus,bus,bus_station_seoul_cleaned.csv
상도1동주민센터.상도3차래미안,,37.49822141,126.9532555,bus,bus,bus_station_seoul_cleaned.csv
노들역앞,,37.513521,126.952211,bus,bus,bus_station_seoul_cleaned.csv
대방역1번출구앞,,37.51309751,126.9274743,bus,bus,bus_station_seoul_cleaned.csv
대방역.여의교앞,,37.514757,126.92733,bus,bus,bus_station_seoul_cleaned.csv
노들역4번출구앞,,37.51245728,126.9533594,bus,bus,bus_station_seoul_cleaned.csv
동작실버센터입구.용양봉저정,,37.51312088,126.9566106,bus,bus,bus_station_seoul_cleaned.csv
사당동대아신협앞,,37.48337743,126.9762904,bus,bus,bus_station_seoul_cleaned.csv
사당역9번출구앞,,37.47739263,126.9813959,bus,bus,bus_station_seoul_cleaned.csv
사당롯데캐슬골든포레.사당해그린,,37.49243659,126.9630718,bus,bus,bus_station_seoul_cleaned.csv
사당솔밭도서관,,37.48401713,126.967056,bus,bus,bus_station_seoul_cleaned.csv
효주파크빌,,37.50279,126.926694,bus,bus,bus_station_seoul_cleaned.csv
남성초등학교입구,,37.48375635,126.9769232,bus,bus,bus_station_seoul_cleaned.csv
벽산아파트,,37.49773319,126.9218266,bus,bus,bus_station_seoul_cleaned.csv
정금마을,,37.49377731,126.9813618,bus,bus,bus_station_seoul_cleaned.csv
이수힐스테이트.이수푸르지오,,37.49405822,126.9797525,bus,bus,bus_station_seoul_cleaned.csv
사당역10번출구,,37.47868741,126.9815811,bus,bus,bus_station_seoul_cleaned.csv
현대2차아파트후문,,37.5107013,126.9320348,bus,bus,bus_station_seoul_cleaned.csv
극동상가,,37.49168729,126.9740958,bus,bus,bus_station_seoul_cleaned.csv
삼성래미안.롯데캐슬,,37.48962703,126.9711492,bus,bus,bus_station_seoul_cleaned.csv
자이아파트정문앞,,37.48913684,126.9627803,bus,bus,bus_station_seoul_cleaned.csv
달마사.흑석어린이집,,37.500332,126.960569,bus,bus,bus_station_seoul_cleaned.csv
사자암,,37.49376893,126.936319,bus,bus,bus_station_seoul_cleaned.csv
노들역.노량진교회,,37.51242849,126.9544767,bus,bus,bus_station_seoul_cleaned.csv
대림현대아파트.사당3동주민센터,,37.48615684,126.9724841,bus,bus,bus_station_seoul_cleaned.csv
행복유치원,,37.49616289,126.9408149,bus,bus,bus_station_seoul_cleaned.csv
이수역,,37.48500144,126.9806262,bus,bus,bus_station_seoul_cleaned.csv
보라매공원정문,,37.4946211,126.9185785,bus,bus,bus_station_seoul_cleaned.csv
신대방삼거리역,,37.4999673,126.928182,bus,bus,bus_station_seoul_cleaned.csv
현대2차아파트후문,,37.511078,126.932111,bus,bus,bus_station_seoul_cleaned.csv
극동아파트110동,,37.49036369,126.9746719,bus,bus,bus_station_seoul_cleaned.csv
극동아파트110동,,37.49084746,126.974121,bus,bus,bus_station_seoul_cleaned.csv
대림아파트후문.래미안로이파크,,37.48865193,126.9721846,bus,bus,bus_station_seoul_cleaned.csv
자이아파트상가앞,,37.4886828,126.963156,bus,bus,bus_station_seoul_cleaned.csv
삼성래미안아파트,,37.497718,126.95927,bus,bus,bus_station_seoul_cleaned.csv
상도4동성문교회.상도어울마당,,37.499156,126.940108,bus,bus,bus_station_seoul_cleaned.csv
당곡중.고등학교,,37.49304524,126.9353995,bus,bus,bus_station_seoul_cleaned.csv
대림프라자,,37.48392602,126.9738758,bus,bus,bus_station_seoul_cleaned.csv
롯데캐슬,,37.48982344,126.9712716,bus,bus,bus_station_seoul_cleaned.csv
보라매공원역1번출구,,37.49600606,126.9180851,bus,bus,bus_station_seoul_cleaned.csv
강현중학교,,37.50206774,126.9278709,bus,bus,bus_station_seoul_cleaned.csv
구중앙슈퍼앞,,37.49461192,126.935504,bus,bus,bus_station_seoul_cleaned.csv
유앤미아파트,,37.50070632,126.9604578,bus,bus,bus_station_seoul_cleaned.csv
우리교회,,37.49776043,126.9317185,bus,bus,bus_station_seoul_cleaned.csv
극동아파트112동,,37.48859878,126.9763424,bus,bus,bus_station_seoul_cleaned.csv
삼일공원,,37.48685101,126.9738555,bus,bus,bus_station_seoul_cleaned.csv
사당종합체육관,,37.49252403,126.9696348,bus,bus,bus_station_seoul_cleaned.csv
숭실대후문,,37.49509528,126.9610346,bus,bus,bus_station_seoul_cleaned.csv
더크는킨더어린이집,,37.49962656,126.9406673,bus,bus,bus_station_seoul_cleaned.csv
갑을명가아파트,,37.49369409,126.934574,bus,bus,bus_station_seoul_cleaned.csv
사당시장,,37.48309007,126.9751267,bus,bus,bus_station_seoul_cleaned.csv
롯데캐슬비엔,,37.49684335,126.9430909,bus,bus,bus_station_seoul_cleaned.csv
삼거리,,37.48559981,126.9683026,bus,bus,bus_station_seoul_cleaned.csv
대방어린이도서관,,37.503123,126.925483,bus,bus,bus_station_seoul_cleaned.csv
성심슈퍼,,37.49514297,126.9344156,bus,bus,bus_station_seoul_cleaned.csv
흑석자이.흑석한강센트레빌2차,,37.50209,126.960429,bus,bus,bus_station_seoul_cleaned.csv
롯데캐슬샤인,,37.49092231,126.9714964,bus,bus,bus_station_seoul_cleaned.csv
남성초등학교.사당청소년센터,,37.48601049,126.9748407,bus,bus,bus_station_seoul_cleaned.csv
신남성초교후문,,37.48902837,126.9645999,bus,bus,bus_station_seoul_cleaned.csv
현대아이파크,,37.50088857,126.9416028,bus,bus,bus_station_seoul_cleaned.csv
영은교회,,37.49439578,126.934095,bus,bus,bus_station_seoul_cleaned.csv
이수시너스.이수역7번출구,,37.48391001,126.9818671,bus,bus,bus_station_seoul_cleaned.csv
갑을명가,,37.48257548,126.9667509,bus,bus,bus_station_seoul_cleaned.csv
성남중고,,37.504676,126.925278,bus,bus,bus_station_seoul_cleaned.csv
청운종합복지관,,37.49556685,126.9334403,bus,bus,bus_station_seoul_cleaned.csv
은로초등학교,,37.50326307,126.9609202,bus,bus,bus_station_seoul_cleaned.csv
롯데캐슬샤인,,37.49109568,126.9712023,bus,bus,bus_station_seoul_cleaned.csv
동작삼일수영장,,37.48739368,126.9747984,bus,bus,bus_station_seoul_cleaned.csv
삼거리우편물취급소,,37.48416458,126.9770554,bus,bus,bus_station_seoul_cleaned.csv
사당인정아파트,,37.48997103,126.9649636,bus,bus,bus_station_seoul_cleaned.csv
선재유통,,37.49465817,126.9328022,bus,bus,bus_station_seoul_cleaned.csv
중앙대병원,,37.50768989,126.9607328,bus,bus,bus_station_seoul_cleaned.csv
밤골터널.상도역롯데캐슬파크엘,,37.50186515,126.9460153,bus,bus,bus_station_seoul_cleaned.csv
동작고교,,37.48182186,126.9664294,bus,bus,bus_station_seoul_cleaned.csv
대림아파트후문.성남중.고교,,37.50567475,126.9248146,bus,bus,bus_station_seoul_cleaned.csv
구동사무소,,37.49610964,126.9324299,bus,bus,bus_station_seoul_cleaned.csv
중대부속초등학교,,37.50537246,126.9610502,bus,bus,bus_station_seoul_cleaned.csv
국사봉중학교,,37.49318067,126.9437281,bus,bus,bus_station_seoul_cleaned.csv
장승배기역4번출구,,37.50448109,126.9377215,bus,bus,bus_station_seoul_cleaned.csv
빙수골공영주차장,,37.49527957,126.9321581,bus,bus,bus_station_seoul_cleaned.csv
상도역1번출구,,37.50274748,126.9472102,bus,bus,bus_station_seoul_cleaned.csv
이수역,,37.48451517,126.9799858,bus,bus,bus_station_seoul_cleaned.csv
동작상떼빌앞,,37.4877057,126.9080421,bus,bus,bus_station_seoul_cleaned.csv
대방동주민센터,,37.50817722,126.926167,bus,bus,bus_station_seoul_cleaned.csv
빙수골마을공원,,37.4965519,126.9321117,bus,bus,bus_station_seoul_cleaned.csv
중앙대병원후문.흑석시장,,37.506984,126.961766,bus,bus,bus_station_seoul_cleaned.csv
방범초소,,37.49416828,126.943742,bus,bus,bus_station_seoul_cleaned.csv
주택가,,37.505774,126.936377,bus,bus,bus_station_seoul_cleaned.csv
백경세탁소,,37.49664487,126.9308348,bus,bus,bus_station_seoul_cleaned.csv
중앙대중문,,37.50673852,126.957288,bus,bus,bus_station_seoul_cleaned.csv
중대후문입구,,37.50434551,126.9501363,bus,bus,bus_station_seoul_cleaned.csv
신대방1동주민센터,,37.48704097,126.9095786,bus,bus,bus_station_seoul_cleaned.csv
주공아파트.남도학숙,,37.50870233,126.9289889,bus,bus,bus_station_seoul_cleaned.csv
상도3동주민센터,,37.49917272,126.9312735,bus,bus,bus_station_seoul_cleaned.csv
삼성래미안.동작청소년센터,,37.50563681,126.9345388,bus,bus,bus_station_seoul_cleaned.csv
하손초장교회,,37.49781765,126.9300612,bus,bus,bus_station_seoul_cleaned.csv
중앙대후문,,37.50505122,126.9535419,bus,bus,bus_station_seoul_cleaned.csv
이화약국,,37.50495121,126.9505375,bus,bus,bus_station_seoul_cleaned.csv
숭의여중.고교,,37.50791444,126.9299523,bus,bus,bus_station_seoul_cleaned.csv
현대한의원,,37.50015927,126.932562,bus,bus,bus_station_seoul_cleaned.csv
사당문화복지관,,37.48534234,126.9695707,bus,bus,bus_station_seoul_cleaned.csv
효사정앞,,37.51143126,126.960741,bus,bus,bus_station_seoul_cleaned.csv
효사정앞,,37.51030369,126.9626137,bus,bus,bus_station_seoul_cleaned.csv
사회복지관앞,,37.50606719,126.9330781,bus,bus,bus_station_seoul_cleaned.csv
7호선신대방삼거리역2번출구.국민은행,,37.49896582,126.9284181,bus,bus,bus_station_seoul_cleaned.csv
대림프라자,,37.48380726,126.9743794,bus,bus,bus_station_seoul_cleaned.csv
상도은빛어르신복지관.터널경로당,,37.50657169,126.9512513,bus,bus,bus_station_seoul_cleaned.csv
동광교회,,37.50155436,126.9344857,bus,bus,bus_station_seoul_cleaned.csv
남성역.남성역골목시장,,37.48418069,126.9722197,bus,bus,bus_station_seoul_cleaned.csv
대방목욕탕,,37.50710487,126.9323906,bus,bus,bus_station_seoul_cleaned.csv
건영아파트,,37.50788294,126.9515988,bus,bus,bus_station_seoul_cleaned.csv
갯마을,,37.49623364,126.982537,bus,bus,bus_station_seoul_cleaned.csv
현대아파트,,37.51205262,126.9320468,bus,bus,bus_station_seoul_cleaned.csv
경문고등학교,,37.49018111,126.982448,bus,bus,bus_station_seoul_cleaned.csv
삼거리우편물취급소,,37.48421778,126.9772691,bus,bus,bus_station_seoul_cleaned.csv
밤골.상도역롯데캐슬파크엘,,37.50215202,126.9455944,bus,bus,bus_station_seoul_cleaned.csv
남부교회,,37.50897099,126.9322871,bus,bus,bus_station_seoul_cleaned.csv
정금마을,,37.49433928,126.9825629,bus,bus,bus_station_seoul_cleaned.csv
동작고등학교,,37.48157226,126.9664442,bus,bus,bus_station_seoul_cleaned.csv
KT동작지사,,37.51218014,126.9344731,bus,bus,bus_station_seoul_cleaned.csv
동작구청.장승배기역2번출구,,37.50393206,126.9389672,bus,bus,bus_station_seoul_cleaned.csv
총신대역,,37.48734738,126.9820416,bus,bus,bus_station_seoul_cleaned.csv
남성초등학교.사당청소년센터,,37.48613757,126.9749764,bus,bus,bus_station_seoul_cleaned.csv
동원베네스트,,37.50345392,126.9451749,bus,bus,bus_station_seoul_cleaned.csv
신동아정문,,37.51014997,126.9512523,bus,bus,bus_station_seoul_cleaned.csv
사당솔밭도서관,,37.48342692,126.967088,bus,bus,bus_station_seoul_cleaned.csv
해태타워앞,,37.4910939,126.9246607,bus,bus,bus_station_seoul_cleaned.csv
경성의원.새마을금고앞,,37.51261889,126.9359546,bus,bus,bus_station_seoul_cleaned.csv
상도2동주민센터,,37.50505265,126.9417827,bus,bus,bus_station_seoul_cleaned.csv
상도은빛어르신복지관,,37.5063886,126.9505398,bus,bus,bus_station_seoul_cleaned.csv
삼일공원,,37.48697269,126.9740161,bus,bus,bus_station_seoul_cleaned.csv
부강탕,,37.50436711,126.9459909,bus,bus,bus_station_seoul_cleaned.csv
대방역1번출구,,37.51306991,126.9274282,bus,bus,bus_station_seoul_cleaned.csv
극동아파트앞,,37.51107274,126.9513637,bus,bus,bus_station_seoul_cleaned.csv
이수역,,37.48657252,126.982087,bus,bus,bus_station_seoul_cleaned.csv
삼거리,,37.48553497,126.9684496,bus,bus,bus_station_seoul_cleaned.csv
전문건설회관.보라매병원,,37.49235924,126.924958,bus,bus,bus_station_seoul_cleaned.csv
대림아파트후문.래미안로이파크,,37.48846189,126.9725907,bus,bus,bus_station_seoul_cleaned.csv
상도브라운스톤,,37.50528612,126.943805,bus,bus,bus_station_seoul_cleaned.csv
흑석동,,37.50767604,126.9654485,bus,bus,bus_station_seoul_cleaned.csv
흑석역.명수현대아파트,,37.50745607,126.9650934,bus,bus,bus_station_seoul_cleaned.csv
노들역5번출구,,37.51229045,126.9521593,bus,bus,bus_station_seoul_cleaned.csv
상도노빌리티,,37.50518002,126.946671,bus,bus,bus_station_seoul_cleaned.csv
상도역.하나은행,,37.50381985,126.9473327,bus,bus,bus_station_seoul_cleaned.csv
봉천고개.관악현대아파트,,37.4921183,126.9566324,bus,bus,bus_station_seoul_cleaned.csv
동작삼일수영장,,37.48717651,126.9747872,bus,bus,bus_station_seoul_cleaned.csv
동작고교.사당5동주민센터,,37.48520689,126.9675297,bus,bus,bus_station_seoul_cleaned.csv
건영아파트,,37.50697024,126.948005,bus,bus,bus_station_seoul_cleaned.csv
우성201동.극동112동,,37.4881461,126.975933,bus,bus,bus_station_seoul_cleaned.csv
삼호APT.오네뜨아파트,,37.48654523,126.9656301,bus,bus,bus_station_seoul_cleaned.csv
동작구건강관리청(동작구보건소),,37.50549137,126.9415426,bus,bus,bus_station_seoul_cleaned.csv
남부교회,,37.50919524,126.932072,bus,bus,bus_station_seoul_cleaned.csv
도시가스.두산아파트,,37.50505316,126.9447021,bus,bus,bus_station_seoul_cleaned.csv
핸드픽트호텔,,37.50129574,126.9334329,bus,bus,bus_station_seoul_cleaned.csv
핸드픽트호텔,,37.50161101,126.9335302,bus,bus,bus_station_seoul_cleaned.csv
7호선신대방삼거리역4번출구,,37.4998233,126.9267443,bus,bus,bus_station_seoul_cleaned.csv
우성아파트,,37.508454,126.947083,bus,bus,bus_station_seoul_cleaned.csv
숭실대입구역2번출구,,37.49619652,126.9535564,bus,bus,bus_station_seoul_cleaned.csv
시장입구,,37.4894721,126.9771578,bus,bus,bus_station_seoul_cleaned.csv
신남성초교입구,,37.48790286,126.9645032,bus,bus,bus_station_seoul_cleaned.csv
새소망교회,,37.50639721,126.9420034,bus,bus,bus_station_seoul_cleaned.csv
대방목욕탕,,37.507519,126.932239,bus,bus,bus_station_seoul_cleaned.csv
본동초등학교,,37.5107267,126.953555,bus,bus,bus_station_seoul_cleaned.csv
코오롱하늘채아파트,,37.49917007,126.9240091,bus,bus,bus_station_seoul_cleaned.csv
강남교회.오거리,,37.51027785,126.944929,bus,bus,bus_station_seoul_cleaned.csv
봉천고개.현대아파트,,37.49190199,126.9562362,bus,bus,bus_station_seoul_cleaned.csv
신동아아파트,,37.49000725,126.9765787,bus,bus,bus_station_seoul_cleaned.csv
LG아파트상가,,37.48860093,126.9635608,bus,bus,bus_station_seoul_cleaned.csv
신동아아파트701동앞,,37.50748092,126.9432253,bus,bus,bus_station_seoul_cleaned.csv
사회복지관앞,,37.505716,126.933568,bus,bus,bus_station_seoul_cleaned.csv
동작우체국,,37.49781023,126.9238815,bus,bus,bus_station_seoul_cleaned.csv
테니스장.우성아파트304동,,37.49061897,126.9759361,bus,bus,bus_station_seoul_cleaned.csv
자이아파트정문앞,,37.48930537,126.9628435,bus,bus,bus_station_seoul_cleaned.csv
신동아관리사무소.영어마루도서관,,37.5083076,126.9440018,bus,bus,bus_station_seoul_cleaned.csv
삼성래미안.동작청소년센터,,37.50553561,126.9348171,bus,bus,bus_station_seoul_cleaned.csv
대방역2번출구앞,,37.51277896,126.927588,bus,bus,bus_station_seoul_cleaned.csv
경성의원.새마을금고앞,,37.51279371,126.9359804,bus,bus,bus_station_seoul_cleaned.csv
노량진역,,37.51372379,126.9414536,bus,bus,bus_station_seoul_cleaned.csv
신동아상가,,37.5079978,126.9463254,bus,bus,bus_station_seoul_cleaned.csv
주택가,,37.50550408,126.9364798,bus,bus,bus_station_seoul_cleaned.csv
예스플러스,,37.50396386,126.9224942,bus,bus,bus_station_seoul_cleaned.csv
KT동작전화국,,37.51236942,126.9345611,bus,bus,bus_station_seoul_cleaned.csv
노량진역5번출구,,37.51301484,126.9400888,bus,bus,bus_station_seoul_cleaned.csv
숭실대후문,,37.49504846,126.9611601,bus,bus,bus_station_seoul_cleaned.csv
건영아파트,,37.50736653,126.9476598,bus,bus,bus_station_seoul_cleaned.csv
장승배기역4번출구,,37.50441973,126.9375688,bus,bus,bus_station_seoul_cleaned.csv
테니스장앞,,37.49811161,126.9593671,bus,bus,bus_station_seoul_cleaned.csv
숭의여중고교.공군항공안전단,,37.50738263,126.929696,bus,bus,bus_station_seoul_cleaned.csv
동작구청.장승배기역5번출구,,37.50509629,126.9389753,bus,bus,bus_station_seoul_cleaned.csv
명창빌딩,,37.50449666,126.9365067,bus,bus,bus_station_seoul_cleaned.csv
더크는킨더어린이집,,37.49977524,126.940666,bus,bus,bus_station_seoul_cleaned.csv
본동시장,,37.51223991,126.9519738,bus,bus,bus_station_seoul_cleaned.csv
성원아파트,,37.50882177,126.9254189,bus,bus,bus_station_seoul_cleaned.csv
상도4동성문교회.상도어울마당,,37.49914503,126.9399947,bus,bus,bus_station_seoul_cleaned.csv
극동아파트,,37.51111052,126.9512098,bus,bus,bus_station_seoul_cleaned.csv
대방동주민센터,,37.5083867,126.926164,bus,bus,bus_station_seoul_cleaned.csv
쌍용아파트,,37.50150396,126.932986,bus,bus,bus_station_seoul_cleaned.csv
삼성래미안아파트,,37.51034544,126.9510848,bus,bus,bus_station_seoul_cleaned.csv
대림아파트후문.성남중.고교,,37.50586589,126.924992,bus,bus,bus_station_seoul_cleaned.csv
성대시장,,37.50008085,126.9322988,bus,bus,bus_station_seoul_cleaned.csv
노량진역,,37.51350389,126.9432479,bus,bus,bus_station_seoul_cleaned.csv
강현중학교.동작청소년센터,,37.50300042,126.9345123,bus,bus,bus_station_seoul_cleaned.csv
한신아파트,,37.50873975,126.9512589,bus,bus,bus_station_seoul_cleaned.csv
대방교회,,37.50397142,126.9230394,bus,bus,bus_station_seoul_cleaned.csv
김한욱치과의원.대륙서점,,37.49897548,126.9333826,bus,bus,bus_station_seoul_cleaned.csv
건영아파트후문,,37.5078063,126.9515027,bus,bus,bus_station_seoul_cleaned.csv
대방동주택가.홈타운아파트,,37.5039451,126.9241422,bus,bus,bus_station_seoul_cleaned.csv
강남교회.오거리,,37.51024624,126.9447876,bus,bus,bus_station_seoul_cleaned.csv
상도은빛어르신복지관.터널경로당,,37.50654093,126.9509538,bus,bus,bus_station_seoul_cleaned.csv
강남중학교앞,,37.502975,126.924153,bus,bus,bus_station_seoul_cleaned.csv
사거리,,37.49603636,126.9367943,bus,bus,bus_station_seoul_cleaned.csv
우성아파트,,37.508537,126.946766,bus,bus,bus_station_seoul_cleaned.csv
범한택시,,37.50006127,126.9240184,bus,bus,bus_station_seoul_cleaned.csv
제일성민교회,,37.49546063,126.9371966,bus,bus,bus_station_seoul_cleaned.csv
신동아리버파크,,37.50667651,126.9477108,bus,bus,bus_station_seoul_cleaned.csv
안일약국,,37.49776166,126.9345558,bus,bus,bus_station_seoul_cleaned.csv
상도역2번출구,,37.50290692,126.9470766,bus,bus,bus_station_seoul_cleaned.csv
달마사,,37.49953577,126.96069,bus,bus,bus_station_seoul_cleaned.csv
동작하이슈퍼,,37.49501799,126.9365045,bus,bus,bus_station_seoul_cleaned.csv
상도노빌리티,,37.50538385,126.9466417,bus,bus,bus_station_seoul_cleaned.csv
밤골.상도역롯데캐슬파크엘,,37.50195521,126.945922,bus,bus,bus_station_seoul_cleaned.csv
상도역5번출구,,37.50357996,126.9489458,bus,bus,bus_station_seoul_cleaned.csv
약수맨션.약수당약국,,37.49825261,126.9435185,bus,bus,bus_station_seoul_cleaned.csv
현진빌라.고마트,,37.49721095,126.9430024,bus,bus,bus_station_seoul_cleaned.csv
중앙대후문,,37.50501298,126.9539816,bus,bus,bus_station_seoul_cleaned.csv
건영아파트,,37.50744782,126.9476345,bus,bus,bus_station_seoul_cleaned.csv
중앙대중문,,37.50648935,126.9573559,bus,bus,bus_station_seoul_cleaned.csv
신동아상가,,37.50813015,126.9460742,bus,bus,bus_station_seoul_cleaned.csv
중앙대정문,,37.50674377,126.9582233,bus,bus,bus_station_seoul_cleaned.csv
신동아관리사무소.영어마루도서관,,37.50849799,126.9445446,bus,bus,bus_station_seoul_cleaned.csv
중앙대병원,,37.50754052,126.9613765,bus,bus,bus_station_seoul_cleaned.csv
신동아아파트701동앞,,37.50750243,126.9429719,bus,bus,bus_station_seoul_cleaned.csv
보라매어린이집.문창중학교,,37.49771915,126.9231862,bus,bus,bus_station_seoul_cleaned.csv
중앙대병원후문.흑석시장,,37.50646276,126.9612696,bus,bus,bus_station_seoul_cleaned.csv
새소망교회,,37.50620956,126.9415658,bus,bus,bus_station_seoul_cleaned.csv
동작우체국,,37.49772953,126.9245071,bus,bus,bus_station_seoul_cleaned.csv
중앙대부속초등학교.롯데캐슬에듀포레,,37.5049212,126.9607857,bus,bus,bus_station_seoul_cleaned.csv
신대방삼거리역.성대시장,,37.49822547,126.9279312,bus,bus,bus_station_seoul_cleaned.csv
은로초등학교,,37.50325738,126.9607815,bus,bus,bus_station_seoul_cleaned.csv
신대방1동경남아파트,,37.48993195,126.907561,bus,bus,bus_station_seoul_cleaned.csv
흑석한강센트레빌2차.흑석자이,,37.50221996,126.9603298,bus,bus,bus_station_seoul_cleaned.csv
부강탕,,37.50454733,126.9459783,bus,bus,bus_station_seoul_cleaned.csv
유앤미아파트,,37.5009247,126.9601326,bus,bus,bus_station_seoul_cleaned.csv
동원베네스트,,37.50320593,126.9447645,bus,bus,bus_station_seoul_cleaned.csv
보라매병원.전문건설회관,,37.492988,126.923833,bus,bus,bus_station_seoul_cleaned.csv
동양아파트.달마사,,37.49956344,126.9598585,bus,bus,bus_station_seoul_cleaned.csv
밤골.상도역롯데캐슬파크엘,,37.50196545,126.9455074,bus,bus,bus_station_seoul_cleaned.csv
아카데미타워,,37.49121269,126.9244164,bus,bus,bus_station_seoul_cleaned.csv
신대방역,,37.48749918,126.9130147,bus,bus,bus_station_seoul_cleaned.csv
빌라삼거리.영도교회.약수터,,37.49535407,126.9436054,bus,bus,bus_station_seoul_cleaned.csv
신대방1동주민센터,,37.48721231,126.9097457,bus,bus,bus_station_seoul_cleaned.csv
방범초소,,37.49442638,126.9435829,bus,bus,bus_station_seoul_cleaned.csv
신대방현대아파트,,37.49515845,126.9116914,bus,bus,bus_station_seoul_cleaned.csv
국사봉중학교,,37.49338424,126.943573,bus,bus,bus_station_seoul_cleaned.csv
신대방우성아파트앞,,37.493343,126.9103818,bus,bus,bus_station_seoul_cleaned.csv
교수아파트,,37.49629638,126.9134228,bus,bus,bus_station_seoul_cleaned.csv
보라매공원역2번출구,,37.49607139,126.91778,bus,bus,bus_station_seoul_cleaned.csv
보라매공원정문,,37.49476728,126.9182419,bus,bus,bus_station_seoul_cleaned.csv
삼일초등학교앞,,37.48810573,126.9756633,bus,bus,bus_station_seoul_cleaned.csv
상도초등학교,,37.50285279,126.9360217,bus,bus,bus_station_seoul_cleaned.csv
신동아상가,,37.50875963,126.9514071,bus,bus,bus_station_seoul_cleaned.csv
현대아파트,,37.51234556,126.9319173,bus,bus,bus_station_seoul_cleaned.csv
신대방역,,37.48660473,126.9130382,bus,bus,bus_station_seoul_cleaned.csv
신대방역,,37.48676868,126.9129713,bus,bus,bus_station_seoul_cleaned.csv
장성교회,,37.50743942,126.939901,bus,bus,bus_station_seoul_cleaned.csv
숭의여중고교.공군항공안전단,,37.50799926,126.9301467,bus,bus,bus_station_seoul_cleaned.csv
대방동주공아파트,,37.50905279,126.92888,bus,bus,bus_station_seoul_cleaned.csv
노량진신한은행,,37.51215539,126.9441708,bus,bus,bus_station_seoul_cleaned.csv
노량진한국법학교육원,,37.5123537,126.9443313,bus,bus,bus_station_seoul_cleaned.csv
7호선신대방삼거리역2번출구.국민은행,,37.49882848,126.9285172,bus,bus,bus_station_seoul_cleaned.csv
하손초장교회,,37.4977131,126.9300251,bus,bus,bus_station_seoul_cleaned.csv
백경세탁소,,37.49659074,126.9307149,bus,bus,bus_station_seoul_cleaned.csv
빙수골공영주차장,,37.49529931,126.932011,bus,bus,bus_station_seoul_cleaned.csv
선재유통,,37.49455452,126.9327547,bus,bus,bus_station_seoul_cleaned.csv
영은교회,,37.4943795,126.9339921,bus,bus,bus_station_seoul_cleaned.csv
갑을명가아파트,,37.49360122,126.9344802,bus,bus,bus_station_seoul_cleaned.csv
당곡중.고등학교,,37.49291755,126.9355631,bus,bus,bus_station_seoul_cleaned.csv
사자암,,37.49371671,126.936405,bus,bus,bus_station_seoul_cleaned.csv
동작하이슈퍼,,37.49491806,126.9367297,bus,bus,bus_station_seoul_cleaned.csv
제일성민교회,,37.49533743,126.9374011,bus,bus,bus_station_seoul_cleaned.csv
보문사,,37.49612024,126.9386456,bus,bus,bus_station_seoul_cleaned.csv
동아아파트,,37.49643103,126.9401631,bus,bus,bus_station_seoul_cleaned.csv
행복유치원,,37.49575211,126.9412494,bus,bus,bus_station_seoul_cleaned.csv
동아아파트,,37.49660586,126.9401307,bus,bus,bus_station_seoul_cleaned.csv
보문사,,37.4962395,126.9385591,bus,bus,bus_station_seoul_cleaned.csv
사당1동주민센터입구,,37.4840874,126.9787426,bus,bus,bus_station_seoul_cleaned.csv
노들역5번출구앞,,37.51254035,126.9525312,bus,bus,bus_station_seoul_cleaned.csv
청호아파트,,37.50075174,126.9637882,bus,bus,bus_station_seoul_cleaned.csv
푸르지오후문,,37.50159279,126.9643336,bus,bus,bus_station_seoul_cleaned.csv
푸르지오상가,,37.50341979,126.9650367,bus,bus,bus_station_seoul_cleaned.csv
흑석한강푸르지오,,37.50429386,126.9653558,bus,bus,bus_station_seoul_cleaned.csv
흑석동주민센터,,37.50586692,126.9664605,bus,bus,bus_station_seoul_cleaned.csv
대방중학교,,37.49549219,126.9144839,bus,bus,bus_station_seoul_cleaned.csv
상도감리교회.보건소,,37.50549486,126.9413119,bus,bus,bus_station_seoul_cleaned.csv
수도여고.남부수도사업소,,37.49355475,126.9152513,bus,bus,bus_station_seoul_cleaned.csv
동작구민체육센터.기상청,,37.4942401,126.9172421,bus,bus,bus_station_seoul_cleaned.csv
동작구민체육센터.기상청,,37.49441397,126.9171797,bus,bus,bus_station_seoul_cleaned.csv
수도여고.남부수도사업소,,37.49387742,126.9148816,bus,bus,bus_station_seoul_cleaned.csv
대방중학교,,37.49553129,126.9145762,bus,bus,bus_station_seoul_cleaned.csv
정금마을,,37.49393266,126.981166,bus,bus,bus_station_seoul_cleaned.csv
경동아파트,,37.50948414,126.9537175,bus,bus,bus_station_seoul_cleaned.csv
동양중학교,,37.50911421,126.9548037,bus,bus,bus_station_seoul_cleaned.csv
극락정사,,37.50804792,126.9518057,bus,bus,bus_station_seoul_cleaned.csv
흑석역,,37.50920115,126.9623026,bus,bus,bus_station_seoul_cleaned.csv
중앙대병원,,37.50743565,126.9603642,bus,bus,bus_station_seoul_cleaned.csv
상도역1번출구,,37.50258556,126.9478369,bus,bus,bus_station_seoul_cleaned.csv
봉천고개.관악현대아파트,,37.49134514,126.9566012,bus,bus,bus_station_seoul_cleaned.csv
상도3동주민센터,,37.49950352,126.9298934,bus,bus,bus_station_seoul_cleaned.csv
양녕청년주택,,37.49667945,126.9361666,bus,bus,bus_station_seoul_cleaned.csv
두산위브아파트,,37.48487779,126.9708755,bus,bus,bus_station_seoul_cleaned.csv
보라매역.동작세무서,,37.49923085,126.9201907,bus,bus,bus_station_seoul_cleaned.csv
노량진수산시장,,37.51575,126.940809,bus,bus,bus_station_seoul_cleaned.csv
보라매역.동작세무서,,37.49799255,126.9202294,bus,bus,bus_station_seoul_cleaned.csv
신남성초교입구,,37.48770913,126.9645406,bus,bus,bus_station_seoul_cleaned.csv
삼호.오네뜨아파트,,37.48660372,126.9653451,bus,bus,bus_station_seoul_cleaned.csv
사당5동주민센터,,37.48507374,126.9674932,bus,bus,bus_station_seoul_cleaned.csv
구로디지털단지역,,37.4839346,126.9024471,bus,bus,bus_station_seoul_cleaned.csv
구로디지털단지역,,37.48397701,126.9024669,bus,bus,bus_station_seoul_cleaned.csv
사당자동차학원,,37.471427,126.983217,bus,bus,bus_station_seoul_cleaned.csv
사당역,,37.47482331,126.9817224,bus,bus,bus_station_seoul_cleaned.csv
서울미술고.인헌중고,,37.47646634,126.9655544,bus,bus,bus_station_seoul_cleaned.csv
낙성대입구,,37.47790968,126.9618757,bus,bus,bus_station_seoul_cleaned.csv
행운동주민센터,,37.47984444,126.956869,bus,bus,bus_station_seoul_cleaned.csv
서울대입구역5번출구,,37.48162815,126.9510142,bus,bus,bus_station_seoul_cleaned.csv
KT관악지점,,37.48203902,126.9471913,bus,bus,bus_station_seoul_cleaned.csv
봉천역.관악초등학교,,37.48244034,126.9431519,bus,bus,bus_station_seoul_cleaned.csv
KT&G관악지점,,37.48447547,126.9373129,bus,bus,bus_station_seoul_cleaned.csv
신림사거리.신림역,,37.48414928,126.9278542,bus,bus,bus_station_seoul_cleaned.csv
남부초등학교,,37.48340202,126.9220448,bus,bus,bus_station_seoul_cleaned.csv
호림박물관,,37.48272316,126.9183766,bus,bus,bus_station_seoul_cleaned.csv
난곡입구,,37.482237,126.915723,bus,bus,bus_station_seoul_cleaned.csv
관악구보훈회관.신림푸르지오,,37.48136167,126.9112397,bus,bus,bus_station_seoul_cleaned.csv
천주교성령봉사회관.등불교회,,37.48075541,126.9079579,bus,bus,bus_station_seoul_cleaned.csv
KT구로지사,,37.48026467,126.9049986,bus,bus,bus_station_seoul_cleaned.csv
난곡입구,,37.48193997,126.9161388,bus,bus,bus_station_seoul_cleaned.csv
남서울중학교.성보중고등학교,,37.48281955,126.9210109,bus,bus,bus_station_seoul_cleaned.csv
신림사거리.신림역,,37.4838178,126.9280626,bus,bus,bus_station_seoul_cleaned.csv
KT&G관악지점,,37.484533,126.936125,bus,bus,bus_station_seoul_cleaned.csv
봉천역.관악초등학교,,37.48205514,126.9431154,bus,bus,bus_station_seoul_cleaned.csv
KT관악지점,,37.48148289,126.9484611,bus,bus,bus_station_seoul_cleaned.csv
서울대입구역1번출구.샤로수길,,37.48036847,126.9545838,bus,bus,bus_station_seoul_cleaned.csv
낙성대동,,37.47927478,126.9573911,bus,bus,bus_station_seoul_cleaned.csv
낙성대입구,,37.47784448,126.9608875,bus,bus,bus_station_seoul_cleaned.csv
인헌중고.서울미술고,,37.47565344,126.966624,bus,bus,bus_station_seoul_cleaned.csv
예술인마을.사당초등학교,,37.47593684,126.9738847,bus,bus,bus_station_seoul_cleaned.csv
남서울농협남현동지점,,37.47637096,126.9773009,bus,bus,bus_station_seoul_cleaned.csv
서울대학교,,37.46674146,126.9479523,bus,bus,bus_station_seoul_cleaned.csv
서울대학교,,37.46685391,126.9488427,bus,bus,bus_station_seoul_cleaned.csv
서울여상.서울문영여중고앞,,37.47316048,126.9533001,bus,bus,bus_station_seoul_cleaned.csv
관악구청,,37.47798198,126.9524978,bus,bus,bus_station_seoul_cleaned.csv
봉천사거리.봉천중앙시장,,37.48288738,126.9542258,bus,bus,bus_station_seoul_cleaned.csv
봉원중학교.행운동우성아파트,,37.48490109,126.9559129,bus,bus,bus_station_seoul_cleaned.csv
관악푸르지오아파트,,37.48770344,126.9581661,bus,bus,bus_station_seoul_cleaned.csv
성현동동아아파트,,37.48840165,126.9577326,bus,bus,bus_station_seoul_cleaned.csv
봉원중학교.행운동우성아파트,,37.48485803,126.9553358,bus,bus,bus_station_seoul_cleaned.csv
봉천사거리.봉천중앙시장,,37.48315455,126.9538387,bus,bus,bus_station_seoul_cleaned.csv
관악구청,,37.47934713,126.9521876,bus,bus,bus_station_seoul_cleaned.csv
관악경찰서.관악소방서,,37.475253,126.952572,bus,bus,bus_station_seoul_cleaned.csv
서울여상.서울문영여중고앞,,37.473002,126.952845,bus,bus,bus_station_seoul_cleaned.csv
신림중.삼성고.관악아트홀·도서관,,37.470352,126.944412,bus,bus,bus_station_seoul_cleaned.csv
서울산업정보학교.삼성교,,37.47101429,126.9411248,bus,bus,bus_station_seoul_cleaned.csv
신성초등학교,,37.47107797,126.9374234,bus,bus,bus_station_seoul_cleaned.csv
서울대벤처타운역1번출구,,37.47320697,126.9336863,bus,bus,bus_station_seoul_cleaned.csv
쑥고개입구,,37.47619171,126.9374951,bus,bus,bus_station_seoul_cleaned.csv
서원역1번출구.신관중학교,,37.47864981,126.9323857,bus,bus,bus_station_seoul_cleaned.csv
신림사거리,,37.48192579,126.9300715,bus,bus,bus_station_seoul_cleaned.csv
신림동별빛거리입구,,37.48584789,126.929632,bus,bus,bus_station_seoul_cleaned.csv
당곡역.보라매공원.보라매병원,,37.49044181,126.9276206,bus,bus,bus_station_seoul_cleaned.csv
당곡역2번출구.롯데백화점관악점,,37.49000924,126.9274853,bus,bus,bus_station_seoul_cleaned.csv
신림동별빛거리입구,,37.48641518,126.9290604,bus,bus,bus_station_seoul_cleaned.csv
신림사거리,,37.4827671,126.9296378,bus,bus,bus_station_seoul_cleaned.csv
서원역,,37.47791856,126.932723,bus,bus,bus_station_seoul_cleaned.csv
서림동주민센터.신화단지,,37.47552916,126.9363417,bus,bus,bus_station_seoul_cleaned.csv
서울대벤처타운역.삼성동시장,,37.47271275,126.9329597,bus,bus,bus_station_seoul_cleaned.csv
대학동고시촌입구,,37.470538,126.938381,bus,bus,bus_station_seoul_cleaned.csv
서울산업정보학교.삼성교,,37.47057382,126.9420277,bus,bus,bus_station_seoul_cleaned.csv
관악산입구.관악아트홀·중앙도서관,,37.46775787,126.9468707,bus,bus,bus_station_seoul_cleaned.csv
당곡역.당곡사거리.롯데백화점,,37.49100414,126.9270747,bus,bus,bus_station_seoul_cleaned.csv
사당역4번출구,,37.47554085,126.981359,bus,bus,bus_station_seoul_cleaned.csv
남현동홈플러스앞,,37.472373,126.98253,bus,bus,bus_station_seoul_cleaned.csv
남태령역,,37.46557,126.987784,bus,bus,bus_station_seoul_cleaned.csv
낙성대입구,,37.47829314,126.9579938,bus,bus,bus_station_seoul_cleaned.csv
삼성동주민센터,,37.47000561,126.9330212,bus,bus,bus_station_seoul_cleaned.csv
미림고개,,37.46811289,126.9319829,bus,bus,bus_station_seoul_cleaned.csv
미림여고.미림마이스터고등학교,,37.465641,126.931333,bus,bus,bus_station_seoul_cleaned.csv
신우초등학교,,37.462487,126.93169,bus,bus,bus_station_seoul_cleaned.csv
삼성산성지,,37.458825,126.929865,bus,bus,bus_station_seoul_cleaned.csv
산장아파트,,37.459955,126.927725,bus,bus,bus_station_seoul_cleaned.csv
삼성산주공아파트,,37.461345,126.925109,bus,bus,bus_station_seoul_cleaned.csv
산복터널.관악산휴먼시아2단지,,37.458697,126.922015,bus,bus,bus_station_seoul_cleaned.csv
산복터널.관악산휴먼시아2단지,,37.45908122,126.9225758,bus,bus,bus_station_seoul_cleaned.csv
삼성산주공아파트,,37.46110627,126.925091,bus,bus,bus_station_seoul_cleaned.csv
산장아파트,,37.45979614,126.9275003,bus,bus,bus_station_seoul_cleaned.csv
삼성산성지,,37.45861275,126.9298864,bus,bus,bus_station_seoul_cleaned.csv
신우초등학교,,37.46241072,126.9319561,bus,bus,bus_station_seoul_cleaned.csv
미림여고.미림마이스터고등학교,,37.46511295,126.9316212,bus,bus,bus_station_seoul_cleaned.csv
미림고개.고시촌입구,,37.46779222,126.9320993,bus,bus,bus_station_seoul_cleaned.csv
서울대벤처타운역,,37.47069295,126.9335915,bus,bus,bus_station_seoul_cleaned.csv
쑥고개,,37.47853539,126.9403975,bus,bus,bus_station_seoul_cleaned.csv
e편한세상서울대입구아파트,,37.47953218,126.942829,bus,bus,bus_station_seoul_cleaned.csv
영락고교.영락의료과학고,,37.47921263,126.9456223,bus,bus,bus_station_seoul_cleaned.csv
생모리츠타운,,37.47905017,126.9477587,bus,bus,bus_station_seoul_cleaned.csv
관악구청,,37.47872711,126.9507974,bus,bus,bus_station_seoul_cleaned.csv
생모리츠타운,,37.4792461,126.9476681,bus,bus,bus_station_seoul_cleaned.csv
영락고교.영락의료과학고,,37.47939646,126.9456414,bus,bus,bus_station_seoul_cleaned.csv
e편한세상서울대입구아파트,,37.47973045,126.9429334,bus,bus,bus_station_seoul_cleaned.csv
쑥고개,,37.47862692,126.9401212,bus,bus,bus_station_seoul_cleaned.csv
은천교,,37.48627418,126.9358192,bus,bus,bus_station_seoul_cleaned.csv
봉일시장,,37.48618479,126.9387053,bus,bus,bus_station_seoul_cleaned.csv
은천초등학교,,37.48608434,126.9424345,bus,bus,bus_station_seoul_cleaned.csv
두산.벽산아파트.서울관광고등학교,,37.48678625,126.9452561,bus,bus,bus_station_seoul_cleaned.csv
현대시장앞,,37.486735,126.947932,bus,bus,bus_station_seoul_cleaned.csv
관악동부센트레빌아파트앞,,37.48623951,126.9519972,bus,bus,bus_station_seoul_cleaned.csv
중앙동성당앞,,37.48580383,126.9546625,bus,bus,bus_station_seoul_cleaned.csv
중앙동성당앞,,37.48592342,126.9551938,bus,bus,bus_station_seoul_cleaned.csv
관악동부센트레빌아파트앞,,37.48647441,126.9513016,bus,bus,bus_station_seoul_cleaned.csv
벽산.두산아파트.서울관광고등학교,,37.48696463,126.9451745,bus,bus,bus_station_seoul_cleaned.csv
은천초등학교,,37.48632002,126.9424483,bus,bus,bus_station_seoul_cleaned.csv
봉일시장,,37.48626234,126.9389873,bus,bus,bus_station_seoul_cleaned.csv
은천교,,37.48648873,126.9355505,bus,bus,bus_station_seoul_cleaned.csv
신림청소년독서실.신림체육센터,,37.480922,126.914797,bus,bus,bus_station_seoul_cleaned.csv
난곡우체국사거리,,37.47718901,126.9156014,bus,bus,bus_station_seoul_cleaned.csv
신일교회앞.도깨비시장,,37.47545314,126.916765,bus,bus,bus_station_seoul_cleaned.csv
세이브마트앞,,37.47385703,126.918037,bus,bus,bus_station_seoul_cleaned.csv
남강중고등학교입구,,37.47225742,126.9195219,bus,bus,bus_station_seoul_cleaned.csv
우림시장.난곡보건분소,,37.47054713,126.9200007,bus,bus,bus_station_seoul_cleaned.csv
난우중학교입구,,37.46669197,126.9205408,bus,bus,bus_station_seoul_cleaned.csv
신림복지관앞,,37.46528249,126.9196774,bus,bus,bus_station_seoul_cleaned.csv
신림복지관앞,,37.465357,126.919495,bus,bus,bus_station_seoul_cleaned.csv
난우중학교입구,,37.467392,126.920348,bus,bus,bus_station_seoul_cleaned.csv
우림시장.난곡보건분소,,37.47066711,126.9197418,bus,bus,bus_station_seoul_cleaned.csv
남강중고등학교입구,,37.47255579,126.9191422,bus,bus,bus_station_seoul_cleaned.csv
세이브마트앞,,37.47395794,126.9174337,bus,bus,bus_station_seoul_cleaned.csv
신일교회앞.도깨비시장,,37.475399,126.916574,bus,bus,bus_station_seoul_cleaned.csv
난곡우체국사거리,,37.47698086,126.9154306,bus,bus,bus_station_seoul_cleaned.csv
신림청소년독서실.신림체육센터,,37.4803153,126.9146625,bus,bus,bus_station_seoul_cleaned.csv
KT구로지사,,37.48127456,126.9053999,bus,bus,bus_station_seoul_cleaned.csv
골목시장앞,,37.48150941,126.90538,bus,bus,bus_station_seoul_cleaned.csv
조원동주민센터,,37.48343588,126.9074142,bus,bus,bus_station_seoul_cleaned.csv
조원동주민센터,,37.48318442,126.9070563,bus,bus,bus_station_seoul_cleaned.csv
신대방역,,37.48657947,126.9130032,bus,bus,bus_station_seoul_cleaned.csv
신대방역,,37.48667002,126.9126962,bus,bus,bus_station_seoul_cleaned.csv
보라매공원입구,,37.4891229,126.9174897,bus,bus,bus_station_seoul_cleaned.csv
보라매공원입구,,37.48943527,126.9178011,bus,bus,bus_station_seoul_cleaned.csv
보라매파크뷰아파트,,37.48964863,126.9220386,bus,bus,bus_station_seoul_cleaned.csv
롯데관악점,,37.48972623,126.9251647,bus,bus,bus_station_seoul_cleaned.csv
롯데관악점,,37.49012978,126.9257071,bus,bus,bus_station_seoul_cleaned.csv
당곡역,,37.48929951,126.9270622,bus,bus,bus_station_seoul_cleaned.csv
당곡중학교,,37.48808499,126.9305421,bus,bus,bus_station_seoul_cleaned.csv
당곡중학교,,37.48794857,126.9319169,bus,bus,bus_station_seoul_cleaned.csv
봉현초등학교,,37.49071575,126.9554673,bus,bus,bus_station_seoul_cleaned.csv
동아아파트105동앞,,37.49052765,126.9554144,bus,bus,bus_station_seoul_cleaned.csv
관악드림타운115동,,37.49052213,126.9527939,bus,bus,bus_station_seoul_cleaned.csv
관악드림타운115동,,37.49014453,126.9530109,bus,bus,bus_station_seoul_cleaned.csv
관악드림타운북문,,37.49160078,126.9512768,bus,bus,bus_station_seoul_cleaned.csv
관악드림타운북문,,37.49154407,126.9510801,bus,bus,bus_station_seoul_cleaned.csv
구암중학교,,37.49246419,126.9483402,bus,bus,bus_station_seoul_cleaned.csv
구암중학교,,37.49228629,126.9484647,bus,bus,bus_station_seoul_cleaned.csv
벽산아파트.적십자남부봉사관,,37.492953,126.946532,bus,bus,bus_station_seoul_cleaned.csv
벽산아파트.적십자남부봉사관,,37.49305337,126.9461602,bus,bus,bus_station_seoul_cleaned.csv
벽산블루밍벽산아파트303동앞,,37.4919398,126.9443687,bus,bus,bus_station_seoul_cleaned.csv
구로디지털단지역,,37.48382402,126.9026876,bus,bus,bus_station_seoul_cleaned.csv
현대시장,,37.48688113,126.9478365,bus,bus,bus_station_seoul_cleaned.csv
서울대입구역2번출구,,37.48011095,126.9527298,bus,bus,bus_station_seoul_cleaned.csv
신봉초등학교입구,,37.48419001,126.9468252,bus,bus,bus_station_seoul_cleaned.csv
구암초등학교,,37.48918809,126.9461217,bus,bus,bus_station_seoul_cleaned.csv
은천동벽산블루밍아파트105동,,37.48936819,126.9458637,bus,bus,bus_station_seoul_cleaned.csv
은천동두산아파트3단지,,37.48435883,126.9465537,bus,bus,bus_station_seoul_cleaned.csv
봉일시장,,37.48507287,126.9372434,bus,bus,bus_station_seoul_cleaned.csv
봉천역,,37.48323621,126.9421197,bus,bus,bus_station_seoul_cleaned.csv
현대시장,,37.48767895,126.9465909,bus,bus,bus_station_seoul_cleaned.csv
현대시장,,37.48744026,126.9465204,bus,bus,bus_station_seoul_cleaned.csv
관악우체국.에이치플러스양지병원,,37.48484806,126.933157,bus,bus,bus_station_seoul_cleaned.csv
관악우체국.에이치플러스양지병원,,37.48445247,126.9331483,bus,bus,bus_station_seoul_cleaned.csv
보라매삼성아파트.모자원고개,,37.4945144,126.9273976,bus,bus,bus_station_seoul_cleaned.csv
조원힐스테이트뉴포레아파트,,37.48357472,126.9061605,bus,bus,bus_station_seoul_cleaned.csv
관악산휴먼시아.신림푸르지오2차,,37.46038114,126.9195227,bus,bus,bus_station_seoul_cleaned.csv
관악산휴먼시아아파트1단지입구,,37.46092763,126.9219633,bus,bus,bus_station_seoul_cleaned.csv
관악산휴먼시아아파트1단지입구,,37.46099299,126.9216301,bus,bus,bus_station_seoul_cleaned.csv
난향동주민센터,,37.461001,126.919167,bus,bus,bus_station_seoul_cleaned.csv
서울대정문,,37.46573471,126.9483889,bus,bus,bus_station_seoul_cleaned.csv
법대.사회대입구,,37.462798,126.948992,bus,bus,bus_station_seoul_cleaned.csv
자연대.행정관입구,,37.46027459,126.9488328,bus,bus,bus_station_seoul_cleaned.csv
농생대,,37.45716298,126.949167,bus,bus,bus_station_seoul_cleaned.csv
공대입구,,37.45493101,126.9498438,bus,bus,bus_station_seoul_cleaned.csv
신소재,,37.45349631,126.9502262,bus,bus,bus_station_seoul_cleaned.csv
제2공학관,,37.4487952,126.9520773,bus,bus,bus_station_seoul_cleaned.csv
유회진학술정보관.제1공학관,,37.451283,126.952595,bus,bus,bus_station_seoul_cleaned.csv
유전공학연구소.반도체공동연구소,,37.45401037,126.9539021,bus,bus,bus_station_seoul_cleaned.csv
교수회관입구,,37.45607086,126.9553488,bus,bus,bus_station_seoul_cleaned.csv
관악사삼거리,,37.46078806,126.9567263,bus,bus,bus_station_seoul_cleaned.csv
국제대학원,,37.46418,126.955263,bus,bus,bus_station_seoul_cleaned.csv
수의대입구.보건대학원앞,,37.466119,126.954632,bus,bus,bus_station_seoul_cleaned.csv
경영대.행정대학원,,37.466135,126.952053,bus,bus,bus_station_seoul_cleaned.csv
경영대.행정대학원,,37.465863,126.951012,bus,bus,bus_station_seoul_cleaned.csv
수의대입구.보건대학원앞,,37.465773,126.954672,bus,bus,bus_station_seoul_cleaned.csv
국제대학원,,37.46371,126.954927,bus,bus,bus_station_seoul_cleaned.csv
관악사삼거리,,37.460528,126.95666,bus,bus,bus_station_seoul_cleaned.csv
공동기기원,,37.45511895,126.9544666,bus,bus,bus_station_seoul_cleaned.csv
유전공학연구소.반도체공동연구소,,37.45374769,126.9535516,bus,bus,bus_station_seoul_cleaned.csv
에너지자원신기술연구소,,37.45359525,126.9522142,bus,bus,bus_station_seoul_cleaned.csv
공대입구,,37.455364,126.9498964,bus,bus,bus_station_seoul_cleaned.csv
농생대,,37.45711284,126.9493877,bus,bus,bus_station_seoul_cleaned.csv
자연대.행정관입구,,37.45998981,126.948956,bus,bus,bus_station_seoul_cleaned.csv
문화관입구,,37.46148685,126.9494504,bus,bus,bus_station_seoul_cleaned.csv
법대.사회대입구,,37.46326,126.949075,bus,bus,bus_station_seoul_cleaned.csv
서울대정문,,37.46537547,126.9486358,bus,bus,bus_station_seoul_cleaned.csv
우방아파트,,37.489233,126.919247,bus,bus,bus_station_seoul_cleaned.csv
은천성결교회,,37.48832724,126.9214263,bus,bus,bus_station_seoul_cleaned.csv
남부초교후문,,37.48671975,126.9226406,bus,bus,bus_station_seoul_cleaned.csv
봉림교,,37.48477707,126.9245167,bus,bus,bus_station_seoul_cleaned.csv
봉림교,,37.48497178,126.9246318,bus,bus,bus_station_seoul_cleaned.csv
남부초교후문,,37.48644918,126.9222367,bus,bus,bus_station_seoul_cleaned.csv
청담고시원,,37.47166122,126.9399509,bus,bus,bus_station_seoul_cleaned.csv
우리슈퍼,,37.47228457,126.9393707,bus,bus,bus_station_seoul_cleaned.csv
명호고시원,,37.47331944,126.9388609,bus,bus,bus_station_seoul_cleaned.csv
동작마트,,37.47428155,126.9383562,bus,bus,bus_station_seoul_cleaned.csv
제일성도교회,,37.47483346,126.9404393,bus,bus,bus_station_seoul_cleaned.csv
삼양슈퍼,,37.47510398,126.9420666,bus,bus,bus_station_seoul_cleaned.csv
금성마트용천사,,37.47502927,126.9428078,bus,bus,bus_station_seoul_cleaned.csv
삼양슈퍼,,37.47493431,126.9421136,bus,bus,bus_station_seoul_cleaned.csv
제일성도교회,,37.47465776,126.940479,bus,bus,bus_station_seoul_cleaned.csv
동작마트,,37.47493912,126.9380335,bus,bus,bus_station_seoul_cleaned.csv
고시촌입구,,37.47054894,126.9376643,bus,bus,bus_station_seoul_cleaned.csv
대학동치안센터,,37.4690418,126.9376455,bus,bus,bus_station_seoul_cleaned.csv
대학동노인정,,37.46735,126.93757,bus,bus,bus_station_seoul_cleaned.csv
금호타운아파트,,37.46573961,126.9376595,bus,bus,bus_station_seoul_cleaned.csv
금호타운아파트,,37.46571041,126.9378291,bus,bus,bus_station_seoul_cleaned.csv
대학동노인정,,37.46715911,126.9376869,bus,bus,bus_station_seoul_cleaned.csv
대학동치안센터,,37.46893795,126.9377736,bus,bus,bus_station_seoul_cleaned.csv
서울대입구역3번출구,,37.48070059,126.952444,bus,bus,bus_station_seoul_cleaned.csv
청림동현대아파트,,37.491334,126.957561,bus,bus,bus_station_seoul_cleaned.csv
청림동현대아파트,,37.491948,126.959384,bus,bus,bus_station_seoul_cleaned.csv
보성운수기종점,,37.46412676,126.9190213,bus,bus,bus_station_seoul_cleaned.csv
난곡공영차고지,,37.463938,126.918963,bus,bus,bus_station_seoul_cleaned.csv
한남운수대학동차고지,,37.47037897,126.9398176,bus,bus,bus_station_seoul_cleaned.csv
한남운수대학동차고지,,37.47019391,126.9396935,bus,bus,bus_station_seoul_cleaned.csv
제2공학관,,37.44808487,126.9521426,bus,bus,bus_station_seoul_cleaned.csv
건설환경종합연구소앞,,37.44720025,126.9496964,bus,bus,bus_station_seoul_cleaned.csv
봉일시장,,37.48553253,126.9372877,bus,bus,bus_station_seoul_cleaned.csv
보라매공영주차장,,37.48870449,126.9342323,bus,bus,bus_station_seoul_cleaned.csv
당곡중고교,,37.49112294,126.9340425,bus,bus,bus_station_seoul_cleaned.csv
연희빌라,,37.49258265,126.933808,bus,bus,bus_station_seoul_cleaned.csv
재넘이고개,,37.49282816,126.9353673,bus,bus,bus_station_seoul_cleaned.csv
연희빌라,,37.49252898,126.9337389,bus,bus,bus_station_seoul_cleaned.csv
당곡중고교,,37.49113759,126.9339322,bus,bus,bus_station_seoul_cleaned.csv
보라매공영주차장,,37.48872606,126.9341339,bus,bus,bus_station_seoul_cleaned.csv
신림사거리.신림역,,37.4841991,126.928276,bus,bus,bus_station_seoul_cleaned.csv
신사동주민센터.신사시장,,37.4855926,126.9178057,bus,bus,bus_station_seoul_cleaned.csv
건영유치원,,37.48504959,126.914592,bus,bus,bus_station_seoul_cleaned.csv
신대방역,,37.48644841,126.9136841,bus,bus,bus_station_seoul_cleaned.csv
난곡사거리,,37.483037,126.914462,bus,bus,bus_station_seoul_cleaned.csv
난곡사거리,,37.48276753,126.9142384,bus,bus,bus_station_seoul_cleaned.csv
신대방역,,37.48636536,126.9134841,bus,bus,bus_station_seoul_cleaned.csv
신사시장.평화교회,,37.48446792,126.9138803,bus,bus,bus_station_seoul_cleaned.csv
신사시장.선한이웃교회,,37.48452751,126.914038,bus,bus,bus_station_seoul_cleaned.csv
신림청소년독서실.신림체육센터,,37.48044339,126.9148714,bus,bus,bus_station_seoul_cleaned.csv
신사동진양빌딩앞,,37.48769406,126.9146116,bus,bus,bus_station_seoul_cleaned.csv
호림박물관,,37.48236721,126.9186189,bus,bus,bus_station_seoul_cleaned.csv
보성운수차고지맞은편,,37.46467082,126.9192632,bus,bus,bus_station_seoul_cleaned.csv
조원아파트,,37.484088,126.90782,bus,bus,bus_station_seoul_cleaned.csv
성원홈아파트,,37.49023106,126.9344142,bus,bus,bus_station_seoul_cleaned.csv
성원홈아파트,,37.49020396,126.9343,bus,bus,bus_station_seoul_cleaned.csv
신림빗물펌프장,,37.484979,126.9084,bus,bus,bus_station_seoul_cleaned.csv
봉천사거리.위버폴리스,,37.48279341,126.9535723,bus,bus,bus_station_seoul_cleaned.csv
서원동승리교앞,,37.48158628,126.9299073,bus,bus,bus_station_seoul_cleaned.csv
서울난향초등학교.난향동주민센터,,37.46273678,126.9188889,bus,bus,bus_station_seoul_cleaned.csv
은천길입구,,37.48664758,126.9336113,bus,bus,bus_station_seoul_cleaned.csv
대학동샘말공원,,37.46513827,126.9383465,bus,bus,bus_station_seoul_cleaned.csv
서울대학교.치과병원.동물병원,,37.46927442,126.9520816,bus,bus,bus_station_seoul_cleaned.csv
서울대학교.치과병원.동물병원,,37.470034,126.951937,bus,bus,bus_station_seoul_cleaned.csv
신림2교,,37.477526,126.93678,bus,bus,bus_station_seoul_cleaned.csv
서울대학교,,37.46766096,126.9496319,bus,bus,bus_station_seoul_cleaned.csv
신림역2번출구,,37.48332204,126.9298972,bus,bus,bus_station_seoul_cleaned.csv
벽산블루밍아파트종점,,37.492105,126.944636,bus,bus,bus_station_seoul_cleaned.csv
청림동현대아파트입구,,37.49107487,126.9574134,bus,bus,bus_station_seoul_cleaned.csv
아카시아마을.민방위교육장,,37.47207654,126.911063,bus,bus,bus_station_seoul_cleaned.csv
난향동공영차고지,,37.46347841,126.9189073,bus,bus,bus_station_seoul_cleaned.csv
청림동푸르지오아파트121동앞,,37.48558671,126.9606641,bus,bus,bus_station_seoul_cleaned.csv
보명사.법화사,,37.47607349,126.9248319,bus,bus,bus_station_seoul_cleaned.csv
현대아파트후문,,37.47525514,126.9304689,bus,bus,bus_station_seoul_cleaned.csv
GS편의점.소망유통,,37.46931873,126.9686577,bus,bus,bus_station_seoul_cleaned.csv
국사봉,,37.491065,126.941744,bus,bus,bus_station_seoul_cleaned.csv
봉천역,,37.48359028,126.940901,bus,bus,bus_station_seoul_cleaned.csv
뉴서울아파트,,37.47141702,126.9111256,bus,bus,bus_station_seoul_cleaned.csv
푸르지오122동,,37.4860982,126.9596642,bus,bus,bus_station_seoul_cleaned.csv
승산밝은빛교회.구무림비디오,,37.47572798,126.9242273,bus,bus,bus_station_seoul_cleaned.csv
코사마트,,37.47621916,126.9302023,bus,bus,bus_station_seoul_cleaned.csv
인수당약국,,37.47016743,126.9681362,bus,bus,bus_station_seoul_cleaned.csv
벽산아파트후문.만물슈퍼,,37.49078823,126.9418504,bus,bus,bus_station_seoul_cleaned.csv
신협,,37.48319505,126.9465738,bus,bus,bus_station_seoul_cleaned.csv
쌍용아파트후문,,37.47267719,126.9117542,bus,bus,bus_station_seoul_cleaned.csv
관악로입구,,37.48642653,126.9580221,bus,bus,bus_station_seoul_cleaned.csv
한마음슈퍼,,37.47531751,126.9234985,bus,bus,bus_station_seoul_cleaned.csv
미성빌라,,37.47707707,126.9302988,bus,bus,bus_station_seoul_cleaned.csv
우리현대마트,,37.47107829,126.9675399,bus,bus,bus_station_seoul_cleaned.csv
우리슈퍼,,37.49038376,126.9421119,bus,bus,bus_station_seoul_cleaned.csv
두산아파트입구,,37.484773,126.9468248,bus,bus,bus_station_seoul_cleaned.csv
벽산아파트501동.적십자센터,,37.49290535,126.9465804,bus,bus,bus_station_seoul_cleaned.csv
신라놀이터,,37.47324818,126.9125495,bus,bus,bus_station_seoul_cleaned.csv
충남슈퍼.생각대로통신,,37.47491876,126.9227888,bus,bus,bus_station_seoul_cleaned.csv
혜성세탁소,,37.47769609,126.9303877,bus,bus,bus_station_seoul_cleaned.csv
동인약국.인헌중고입구,,37.47197203,126.9669822,bus,bus,bus_station_seoul_cleaned.csv
수정슈퍼,,37.48980254,126.942101,bus,bus,bus_station_seoul_cleaned.csv
현대시장,,37.48707357,126.9469476,bus,bus,bus_station_seoul_cleaned.csv
벽산아파트,,37.49229316,126.9438939,bus,bus,bus_station_seoul_cleaned.csv
두영아파트,,37.47429887,126.913775,bus,bus,bus_station_seoul_cleaned.csv
삼성산주공정문,,37.480443,126.914873,bus,bus,bus_station_seoul_cleaned.csv
서울대입구역2호선,,37.48246641,126.953836,bus,bus,bus_station_seoul_cleaned.csv
제일교회입구,,37.47452632,126.9220871,bus,bus,bus_station_seoul_cleaned.csv
GS편의점,,37.47843794,126.930639,bus,bus,bus_station_seoul_cleaned.csv
오리사랑,,37.47374176,126.9668389,bus,bus,bus_station_seoul_cleaned.csv
서울관광고등학교,,37.48907524,126.9418664,bus,bus,bus_station_seoul_cleaned.csv
구암초등학교정문,,37.48816638,126.9464345,bus,bus,bus_station_seoul_cleaned.csv
현대홈타운아파트,,37.47934,126.963367,bus,bus,bus_station_seoul_cleaned.csv
미성중학교,,37.4755708,126.9131844,bus,bus,bus_station_seoul_cleaned.csv
삼성산주공307동앞,,37.46171592,126.9273355,bus,bus,bus_station_seoul_cleaned.csv
관악프라자,,37.48357602,126.9547331,bus,bus,bus_station_seoul_cleaned.csv
남강중고등학교입구,,37.47414559,126.9213944,bus,bus,bus_station_seoul_cleaned.csv
동산교회,,37.47900154,126.9297927,bus,bus,bus_station_seoul_cleaned.csv
인헌연세약국,,37.47506636,126.9667445,bus,bus,bus_station_seoul_cleaned.csv
산성교회,,37.48867229,126.9415478,bus,bus,bus_station_seoul_cleaned.csv
관악센트씨엘정문,,37.48997114,126.9460929,bus,bus,bus_station_seoul_cleaned.csv
낙성대역,,37.47779001,126.9624207,bus,bus,bus_station_seoul_cleaned.csv
라이프아파트,,37.47717334,126.9136959,bus,bus,bus_station_seoul_cleaned.csv
2단지종합상가,,37.46357741,126.9263183,bus,bus,bus_station_seoul_cleaned.csv
애동유치원,,37.47426917,126.9202354,bus,bus,bus_station_seoul_cleaned.csv
서강약국,,37.47947091,126.9281245,bus,bus,bus_station_seoul_cleaned.csv
인헌시장입구,,37.47542833,126.965772,bus,bus,bus_station_seoul_cleaned.csv
경천교회,,37.48802746,126.9404797,bus,bus,bus_station_seoul_cleaned.csv
대학원생활관,,37.46233612,126.9573923,bus,bus,bus_station_seoul_cleaned.csv
성현동주민센터,,37.489861,126.947285,bus,bus,bus_station_seoul_cleaned.csv
사랑의병원,,37.47962441,126.9564304,bus,bus,bus_station_seoul_cleaned.csv
신림고등학교,,37.47768059,126.9160901,bus,bus,bus_station_seoul_cleaned.csv
203동앞,,37.4644447,126.9264977,bus,bus,bus_station_seoul_cleaned.csv
관악로입구,,37.48627596,126.9577949,bus,bus,bus_station_seoul_cleaned.csv
세이브마트,,37.47417629,126.9188188,bus,bus,bus_station_seoul_cleaned.csv
동부아파트,,37.48130124,126.9284314,bus,bus,bus_station_seoul_cleaned.csv
파리바게트.낙성대지하철,,37.47614384,126.9643768,bus,bus,bus_station_seoul_cleaned.csv
국회단지입구,,37.48659952,126.9393195,bus,bus,bus_station_seoul_cleaned.csv
학부생활관,,37.46375062,126.9580725,bus,bus,bus_station_seoul_cleaned.csv
구암어린이집.관악센트씨엘108동,,37.49095584,126.9476358,bus,bus,bus_station_seoul_cleaned.csv
낙성대역,,37.47787569,126.9626593,bus,bus,bus_station_seoul_cleaned.csv
난곡터널,,37.47797956,126.9183862,bus,bus,bus_station_seoul_cleaned.csv
광신고등학교.주공1단지,,37.46602865,126.9271072,bus,bus,bus_station_seoul_cleaned.csv
우성아파트103동,,37.48609174,126.9592458,bus,bus,bus_station_seoul_cleaned.csv
난우초등학교,,37.47594711,126.9177304,bus,bus,bus_station_seoul_cleaned.csv
삼모타워앞.건강보험관악지사,,37.48240061,126.9284597,bus,bus,bus_station_seoul_cleaned.csv
인헌초등학교,,37.47698425,126.9621921,bus,bus,bus_station_seoul_cleaned.csv
은천교앞,,37.48640037,126.935882,bus,bus,bus_station_seoul_cleaned.csv
BK국제관,,37.4654239,126.9578693,bus,bus,bus_station_seoul_cleaned.csv
관악드림타운2단지,,37.49171495,126.947059,bus,bus,bus_station_seoul_cleaned.csv
현대홈타운아파트,,37.47912966,126.9634797,bus,bus,bus_station_seoul_cleaned.csv
갑을아파트,,37.4897535,126.9220552,bus,bus,bus_station_seoul_cleaned.csv
신원동치안센터,,37.47909088,126.9270326,bus,bus,bus_station_seoul_cleaned.csv
유완약국.성림교회,,37.46681692,126.9300505,bus,bus,bus_station_seoul_cleaned.csv
행운동우성아파트109동앞,,37.48529034,126.9612179,bus,bus,bus_station_seoul_cleaned.csv
신림고등학교,,37.47789664,126.9160755,bus,bus,bus_station_seoul_cleaned.csv
낙성대입구,,37.47780813,126.9599796,bus,bus,bus_station_seoul_cleaned.csv
신림성모성당앞,,37.48707441,126.9326665,bus,bus,bus_station_seoul_cleaned.csv
가족생활동,,37.46697675,126.9577738,bus,bus,bus_station_seoul_cleaned.csv
롯데백화점,,37.49042787,126.9244827,bus,bus,bus_station_seoul_cleaned.csv
삼성전자,,37.46769431,126.9310842,bus,bus,bus_station_seoul_cleaned.csv
신림청소년독서실.신림체육센터,,37.48049969,126.9148759,bus,bus,bus_station_seoul_cleaned.csv
샤로수길입구,,37.47875434,126.9575345,bus,bus,bus_station_seoul_cleaned.csv
관악우체국,,37.48514319,126.9341383,bus,bus,bus_station_seoul_cleaned.csv
신림고등학교,,37.47798108,126.9168167,bus,bus,bus_station_seoul_cleaned.csv
신림사거리.신원시장,,37.48370921,126.9273006,bus,bus,bus_station_seoul_cleaned.csv
삼성동시장,,37.46920398,126.9316311,bus,bus,bus_station_seoul_cleaned.csv
난곡사거리,,37.48230119,126.9144634,bus,bus,bus_station_seoul_cleaned.csv
신림역,,37.48548832,126.9296507,bus,bus,bus_station_seoul_cleaned.csv
인헌아파트,,37.46802075,126.9612872,bus,bus,bus_station_seoul_cleaned.csv
서울대벤처타운역.삼성동시장입구,,37.47185504,126.9332126,bus,bus,bus_station_seoul_cleaned.csv
동부아파트,,37.48132003,126.9282143,bus,bus,bus_station_seoul_cleaned.csv
낙성대역,,37.47632106,126.9648558,bus,bus,bus_station_seoul_cleaned.csv
당곡역.당곡사거리,,37.48873105,126.9287658,bus,bus,bus_station_seoul_cleaned.csv
서울융합과학교육원,,37.46872249,126.9579992,bus,bus,bus_station_seoul_cleaned.csv
은천교입구,,37.4868363,126.9342753,bus,bus,bus_station_seoul_cleaned.csv
은천교입구,,37.4869018,126.9341378,bus,bus,bus_station_seoul_cleaned.csv
삼성아파트,,37.49457729,126.9273819,bus,bus,bus_station_seoul_cleaned.csv
조원경로당,,37.48353917,126.90827,bus,bus,bus_station_seoul_cleaned.csv
서강약국,,37.47947352,126.9279662,bus,bus,bus_station_seoul_cleaned.csv
인헌연세약국,,37.47484832,126.9668226,bus,bus,bus_station_seoul_cleaned.csv
낙성대공원.다시가는캠퍼스,,37.4722001,126.9587715,bus,bus,bus_station_seoul_cleaned.csv
신도브래뉴.구펭귄아파트,,37.48421129,126.9110455,bus,bus,bus_station_seoul_cleaned.csv
동산교회,,37.47877903,126.929898,bus,bus,bus_station_seoul_cleaned.csv
오리사랑,,37.47368455,126.9666848,bus,bus,bus_station_seoul_cleaned.csv
봉일시장,,37.48618881,126.9386238,bus,bus,bus_station_seoul_cleaned.csv
낙성대입구,,37.47874515,126.9595879,bus,bus,bus_station_seoul_cleaned.csv
낙성대현대아파트,,37.47487295,126.9591501,bus,bus,bus_station_seoul_cleaned.csv
성지빌딩,,37.47861197,126.9308322,bus,bus,bus_station_seoul_cleaned.csv
펭귄시장,,37.4835748,126.9123578,bus,bus,bus_station_seoul_cleaned.csv
동인약국.인헌중고입구,,37.47191522,126.9668511,bus,bus,bus_station_seoul_cleaned.csv
국회단지입구,,37.4865356,126.9394213,bus,bus,bus_station_seoul_cleaned.csv
인헌초등학교,,37.47658776,126.9591594,bus,bus,bus_station_seoul_cleaned.csv
난곡사거리,,37.48251537,126.914064,bus,bus,bus_station_seoul_cleaned.csv
우리현대마트,,37.47112059,126.9673568,bus,bus,bus_station_seoul_cleaned.csv
경천교회,,37.4879473,126.9405544,bus,bus,bus_station_seoul_cleaned.csv
낙성대입구,,37.4775169,126.9594607,bus,bus,bus_station_seoul_cleaned.csv
신림체육센터,,37.48101308,126.9145994,bus,bus,bus_station_seoul_cleaned.csv
서림동주민센터,,37.47485311,126.9349783,bus,bus,bus_station_seoul_cleaned.csv
인수당약국,,37.47044307,126.9677946,bus,bus,bus_station_seoul_cleaned.csv
산성교회,,37.48859121,126.941601,bus,bus,bus_station_seoul_cleaned.csv
신원동치안센터,,37.47922564,126.9262097,bus,bus,bus_station_seoul_cleaned.csv
현대아파트109동,,37.47487348,126.9333136,bus,bus,bus_station_seoul_cleaned.csv
개미유통,,37.46998685,126.9668429,bus,bus,bus_station_seoul_cleaned.csv
서울관광고등학교,,37.48904105,126.941975,bus,bus,bus_station_seoul_cleaned.csv
낙성대역,,37.47707918,126.9619752,bus,bus,bus_station_seoul_cleaned.csv
서울대호암교수회관,,37.46772958,126.9583174,bus,bus,bus_station_seoul_cleaned.csv
관악세무서,,37.47910969,126.9245139,bus,bus,bus_station_seoul_cleaned.csv
난우초등학교,,37.47647388,126.9171837,bus,bus,bus_station_seoul_cleaned.csv
현대아파트106동,,37.47509774,126.9325314,bus,bus,bus_station_seoul_cleaned.csv
세진아파트,,37.46963157,126.9659804,bus,bus,bus_station_seoul_cleaned.csv
수정슈퍼,,37.48956378,126.9421499,bus,bus,bus_station_seoul_cleaned.csv
낙성대입구,,37.4775943,126.9591814,bus,bus,bus_station_seoul_cleaned.csv
구로디지털단지역,,37.48372257,126.9029064,bus,bus,bus_station_seoul_cleaned.csv
구로디지털단지역,,37.48436941,126.9058132,bus,bus,bus_station_seoul_cleaned.csv
난곡터널,,37.4783629,126.9192914,bus,bus,bus_station_seoul_cleaned.csv
난곡종점,,37.46411117,126.9192842,bus,bus,bus_station_seoul_cleaned.csv
세이브마트,,37.47424731,126.9185745,bus,bus,bus_station_seoul_cleaned.csv
봉천역,,37.4835909,126.9414274,bus,bus,bus_station_seoul_cleaned.csv
은천아파트,,37.46930423,126.9651699,bus,bus,bus_station_seoul_cleaned.csv
우리슈퍼,,37.49015138,126.9423213,bus,bus,bus_station_seoul_cleaned.csv
인헌초등학교,,37.47652501,126.9589641,bus,bus,bus_station_seoul_cleaned.csv
서울대벤처타운역.삼성동시장입구,,37.47168821,126.932981,bus,bus,bus_station_seoul_cleaned.csv
애동유치원,,37.47415561,126.9202107,bus,bus,bus_station_seoul_cleaned.csv
인헌아파트,,37.46825915,126.9616845,bus,bus,bus_station_seoul_cleaned.csv
롯데백화점관악점,,37.4897441,126.9249188,bus,bus,bus_station_seoul_cleaned.csv
롯데백화점관악점,,37.49009166,126.9259813,bus,bus,bus_station_seoul_cleaned.csv
신림역,,37.48449815,126.9329882,bus,bus,bus_station_seoul_cleaned.csv
신림역,,37.484581,126.930756,bus,bus,bus_station_seoul_cleaned.csv
봉천역,,37.48199482,126.9441415,bus,bus,bus_station_seoul_cleaned.csv
봉천역,,37.48271209,126.9415037,bus,bus,bus_station_seoul_cleaned.csv
서울대학교입구전철역,,37.48159318,126.951428,bus,bus,bus_station_seoul_cleaned.csv
신림2동차고지,,37.470982,126.938321,bus,bus,bus_station_seoul_cleaned.csv
신림2동차고지,,37.47092776,126.9387687,bus,bus,bus_station_seoul_cleaned.csv
벽산아파트후문.만물슈퍼,,37.49106912,126.9418591,bus,bus,bus_station_seoul_cleaned.csv
낙성대현대아파트,,37.47442505,126.9590657,bus,bus,bus_station_seoul_cleaned.csv
사당역4번출구A,,37.47500152,126.981484,bus,bus,bus_station_seoul_cleaned.csv
사당역4번출구B,,37.4748086,126.9815173,bus,bus,bus_station_seoul_cleaned.csv
봉천역,,37.48333412,126.941712,bus,bus,bus_station_seoul_cleaned.csv
관악센트씨엘후문,,37.491838,126.946872,bus,bus,bus_station_seoul_cleaned.csv
라이프아파트,,37.47716694,126.9135636,bus,bus,bus_station_seoul_cleaned.csv
삼성동시장,,37.46916001,126.9314563,bus,bus,bus_station_seoul_cleaned.csv
남강중고등학교입구,,37.47408436,126.9214522,bus,bus,bus_station_seoul_cleaned.csv
은천아파트,,37.46918348,126.9651417,bus,bus,bus_station_seoul_cleaned.csv
낙성대공원.다시가는캠퍼스,,37.472483,126.958598,bus,bus,bus_station_seoul_cleaned.csv
구암어린이집.관악센트씨엘108동,,37.49108529,126.947527,bus,bus,bus_station_seoul_cleaned.csv
미성중학교,,37.47560406,126.9130747,bus,bus,bus_station_seoul_cleaned.csv
삼성전자,,37.46790739,126.9310872,bus,bus,bus_station_seoul_cleaned.csv
제일교회입구,,37.4744768,126.9221437,bus,bus,bus_station_seoul_cleaned.csv
세진아파트,,37.46951623,126.9659793,bus,bus,bus_station_seoul_cleaned.csv
서울융합과학교육원,,37.46956436,126.9579845,bus,bus,bus_station_seoul_cleaned.csv
성현동주민센터,,37.49002045,126.947987,bus,bus,bus_station_seoul_cleaned.csv
두영아파트,,37.47434942,126.9136489,bus,bus,bus_station_seoul_cleaned.csv
유완약국.성림교회,,37.46690792,126.9300278,bus,bus,bus_station_seoul_cleaned.csv
충남슈퍼.생각대로통신,,37.47485933,126.9228522,bus,bus,bus_station_seoul_cleaned.csv
개미유통,,37.46987962,126.966852,bus,bus,bus_station_seoul_cleaned.csv
호암교수회관,,37.46845638,126.9583385,bus,bus,bus_station_seoul_cleaned.csv
현대시장,,37.48722392,126.9466523,bus,bus,bus_station_seoul_cleaned.csv
신라놀이터,,37.47331302,126.9124929,bus,bus,bus_station_seoul_cleaned.csv
광신고등학교.주공1단지,,37.46554169,126.9268061,bus,bus,bus_station_seoul_cleaned.csv
한마음슈퍼,,37.47525537,126.9235494,bus,bus,bus_station_seoul_cleaned.csv
소망유통,,37.46947004,126.968401,bus,bus,bus_station_seoul_cleaned.csv
두산아파트,,37.48473599,126.946679,bus,bus,bus_station_seoul_cleaned.csv
쌍용아파트후문,,37.4727366,126.9116693,bus,bus,bus_station_seoul_cleaned.csv
201동.동신교회,,37.46421557,126.9258566,bus,bus,bus_station_seoul_cleaned.csv
승산밝은빛교회.구무림비디오,,37.4756424,126.9242602,bus,bus,bus_station_seoul_cleaned.csv
군인아파트,,37.46896724,126.9686942,bus,bus,bus_station_seoul_cleaned.csv
호암교수회관,,37.46825784,126.9578128,bus,bus,bus_station_seoul_cleaned.csv
신협,,37.48321392,126.946455,bus,bus,bus_station_seoul_cleaned.csv
뉴서울아파트,,37.47151245,126.9110761,bus,bus,bus_station_seoul_cleaned.csv
3단지종합상가,,37.46324467,126.92665,bus,bus,bus_station_seoul_cleaned.csv
보명사.법화사,,37.4759816,126.9248625,bus,bus,bus_station_seoul_cleaned.csv
가족생활동,,37.46636116,126.9576895,bus,bus,bus_station_seoul_cleaned.csv
봉천역6번출구,,37.48321314,126.9435329,bus,bus,bus_station_seoul_cleaned.csv
아카시아마을.민방위교육장,,37.47209914,126.9111579,bus,bus,bus_station_seoul_cleaned.csv
삼성산주공307동앞,,37.46182493,126.9273071,bus,bus,bus_station_seoul_cleaned.csv
서울대후문.연구공원,,37.46510428,126.9577778,bus,bus,bus_station_seoul_cleaned.csv
봉천역4번출구,,37.48358608,126.9415257,bus,bus,bus_station_seoul_cleaned.csv
삼성산주공아파트정문,,37.46121839,126.9257025,bus,bus,bus_station_seoul_cleaned.csv
학부생활관,,37.46314183,126.9577174,bus,bus,bus_station_seoul_cleaned.csv
대학원생활관,,37.46197275,126.9567821,bus,bus,bus_station_seoul_cleaned.csv
기숙사삼거리,,37.46046371,126.956766,bus,bus,bus_station_seoul_cleaned.csv
제2파워플랜트,,37.449338,126.949695,bus,bus,bus_station_seoul_cleaned.csv
건설환경종합연구소,,37.44716916,126.9497987,bus,bus,bus_station_seoul_cleaned.csv
보라매노인복지회관,,37.49267792,126.9258907,bus,bus,bus_station_seoul_cleaned.csv
신한은행앞.롯데백화점,,37.49052084,126.92433,bus,bus,bus_station_seoul_cleaned.csv
벽산아파트,,37.49232242,126.9437182,bus,bus,bus_station_seoul_cleaned.csv
적십자센터,,37.49300898,126.9463609,bus,bus,bus_station_seoul_cleaned.csv
봉림교,,37.48368797,126.9269361,bus,bus,bus_station_seoul_cleaned.csv
서원치안센터.건강보험관악지사,,37.48199283,126.9291589,bus,bus,bus_station_seoul_cleaned.csv
노천강당,,37.4587949,126.955328,bus,bus,bus_station_seoul_cleaned.csv
신림역4번출구,,37.48391302,126.9290486,bus,bus,bus_station_seoul_cleaned.csv
행정관,,37.461591,126.95022,bus,bus,bus_station_seoul_cleaned.csv
서원역2번출구.서원동성당앞,,37.47783639,126.9344657,bus,bus,bus_station_seoul_cleaned.csv
신림복지관앞,,37.46530366,126.9197651,bus,bus,bus_station_seoul_cleaned.csv
말죽거리공원사거리,,37.47859,127.038482,bus,bus,bus_station_seoul_cleaned.csv
말죽거리공원사거리,,37.477657,127.038748,bus,bus,bus_station_seoul_cleaned.csv
양재역.서초문화예술회관,,37.48261,127.035902,bus,bus,bus_station_seoul_cleaned.csv
양재역.서초문화예술회관,,37.481927,127.036827,bus,bus,bus_station_seoul_cleaned.csv
뱅뱅사거리,,37.487667,127.032432,bus,bus,bus_station_seoul_cleaned.csv
뱅뱅사거리,,37.486653,127.033097,bus,bus,bus_station_seoul_cleaned.csv
래미안아파트.파이낸셜뉴스,,37.491895,127.030405,bus,bus,bus_station_seoul_cleaned.csv
래미안아파트.파이낸셜뉴스,,37.491087,127.030987,bus,bus,bus_station_seoul_cleaned.csv
신분당선강남역,,37.49584856,127.0285366,bus,bus,bus_station_seoul_cleaned.csv
신분당선강남역,,37.494993,127.029112,bus,bus,bus_station_seoul_cleaned.csv
지하철2호선강남역,,37.50179584,127.0257426,bus,bus,bus_station_seoul_cleaned.csv
지하철2호선강남역,,37.500785,127.02637,bus,bus,bus_station_seoul_cleaned.csv
논현역,,37.5072265,127.0230319,bus,bus,bus_station_seoul_cleaned.csv
논현역,,37.506367,127.023728,bus,bus,bus_station_seoul_cleaned.csv
신사역.푸른저축은행,,37.51411252,127.020057,bus,bus,bus_station_seoul_cleaned.csv
신사역,,37.512972,127.020607,bus,bus,bus_station_seoul_cleaned.csv
반포역,,37.50841143,127.0118927,bus,bus,bus_station_seoul_cleaned.csv
반포역,,37.50799929,127.0111518,bus,bus,bus_station_seoul_cleaned.csv
고속터미널,,37.50629005,127.005129,bus,bus,bus_station_seoul_cleaned.csv
고속터미널,,37.50584635,127.0039245,bus,bus,bus_station_seoul_cleaned.csv
신반포역.세화여중고,,37.50341813,126.9957194,bus,bus,bus_station_seoul_cleaned.csv
신반포역.세화여중고,,37.50305093,126.9946931,bus,bus,bus_station_seoul_cleaned.csv
구반포역.세화고등학교,,37.50194516,126.9900265,bus,bus,bus_station_seoul_cleaned.csv
구반포역.세화고등학교,,37.50173507,126.9890696,bus,bus,bus_station_seoul_cleaned.csv
아리랑TV.국립국악원,,37.47883642,127.0090806,bus,bus,bus_station_seoul_cleaned.csv
남태령역,,37.46569518,126.9880882,bus,bus,bus_station_seoul_cleaned.csv
이수역,,37.4823317,126.9820742,bus,bus,bus_station_seoul_cleaned.csv
사당역,,37.47423546,126.9821182,bus,bus,bus_station_seoul_cleaned.csv
총신대입구역.남성사계시장입구앞,,37.4875479,126.9823185,bus,bus,bus_station_seoul_cleaned.csv
경문고등학교,,37.49043723,126.9827418,bus,bus,bus_station_seoul_cleaned.csv
정금마을,,37.49330314,126.9827186,bus,bus,bus_station_seoul_cleaned.csv
염곡마을.서초50플러스센터,,37.46112519,127.0508103,bus,bus,bus_station_seoul_cleaned.csv
염곡마을.서초50플러스센터,,37.46156275,127.049474,bus,bus,bus_station_seoul_cleaned.csv
탑성마을.서초포레스타입구,,37.45775851,127.0586887,bus,bus,bus_station_seoul_cleaned.csv
탑성마을.서초포레스타입구,,37.45757153,127.0587253,bus,bus,bus_station_seoul_cleaned.csv
안골마을.서울언남초등학교,,37.45574912,127.0633098,bus,bus,bus_station_seoul_cleaned.csv
안골마을.서울언남초등학교,,37.45571092,127.0631289,bus,bus,bus_station_seoul_cleaned.csv
샘마을.서울특별시어린이병원,,37.45717742,127.0709091,bus,bus,bus_station_seoul_cleaned.csv
샘마을.서울특별시어린이병원,,37.45680172,127.0701063,bus,bus,bus_station_seoul_cleaned.csv
매헌시민의숲사거리,,37.472148,127.038769,bus,bus,bus_station_seoul_cleaned.csv
매헌시민의숲사거리,,37.472854,127.038548,bus,bus,bus_station_seoul_cleaned.csv
매헌시민의숲,,37.469286,127.039534,bus,bus,bus_station_seoul_cleaned.csv
매헌시민의숲,,37.470364,127.03875,bus,bus,bus_station_seoul_cleaned.csv
서초포레스타5단지정문,,37.45177819,127.0583817,bus,bus,bus_station_seoul_cleaned.csv
서초종합체육관,,37.45851035,127.0421755,bus,bus,bus_station_seoul_cleaned.csv
서울추모공원,,37.45415582,127.042698,bus,bus,bus_station_seoul_cleaned.csv
양재동화물터미널,,37.46012576,127.036777,bus,bus,bus_station_seoul_cleaned.csv
양재동화물터미널,,37.46020085,127.0370767,bus,bus,bus_station_seoul_cleaned.csv
서울추모공원,,37.45426839,127.0428812,bus,bus,bus_station_seoul_cleaned.csv
한국소비자원,,37.4660903,127.0438335,bus,bus,bus_station_seoul_cleaned.csv
교대역13번출구,,37.49178209,127.0141904,bus,bus,bus_station_seoul_cleaned.csv
서울교대사거리,,37.48732872,127.0150603,bus,bus,bus_station_seoul_cleaned.csv
교대역2번출구,,37.49402421,127.0153818,bus,bus,bus_station_seoul_cleaned.csv
서초동유원아파트,,37.49545694,127.020216,bus,bus,bus_station_seoul_cleaned.csv
창신교회앞.서리풀노리학교,,37.49046802,127.0212302,bus,bus,bus_station_seoul_cleaned.csv
창신교회.서리풀노리학교,,37.49029988,127.0212807,bus,bus,bus_station_seoul_cleaned.csv
서울교대정문앞,,37.48893434,127.0162096,bus,bus,bus_station_seoul_cleaned.csv
서울교대정문앞,,37.488798,127.016373,bus,bus,bus_station_seoul_cleaned.csv
남부터미널,,37.48334911,127.0174997,bus,bus,bus_station_seoul_cleaned.csv
서울시인재개발원입구,,37.48310741,127.0222228,bus,bus,bus_station_seoul_cleaned.csv
서울시인재개발원.한우리문화센터,,37.48265249,127.0217449,bus,bus,bus_station_seoul_cleaned.csv
서일초등학교,,37.48650685,127.0213147,bus,bus,bus_station_seoul_cleaned.csv
서일초등학교,,37.48614105,127.021085,bus,bus,bus_station_seoul_cleaned.csv
롯데칠성,,37.49665727,127.0240036,bus,bus,bus_station_seoul_cleaned.csv
롯데칠성,,37.49507739,127.02522,bus,bus,bus_station_seoul_cleaned.csv
서초포레스타2단지앞,,37.455488,127.063037,bus,bus,bus_station_seoul_cleaned.csv
래미안에스티지에스,,37.49253559,127.0264688,bus,bus,bus_station_seoul_cleaned.csv
래미안에스티지,,37.49311911,127.0259404,bus,bus,bus_station_seoul_cleaned.csv
서초청소년도서관,,37.49267338,127.0285678,bus,bus,bus_station_seoul_cleaned.csv
서초청소년도서관,,37.49262287,127.0288802,bus,bus,bus_station_seoul_cleaned.csv
서초동신동아아파트,,37.49174969,127.0253915,bus,bus,bus_station_seoul_cleaned.csv
서초2동주민센터.서이초등학교,,37.49159424,127.0255384,bus,bus,bus_station_seoul_cleaned.csv
래미안리더스원아파트,,37.49021755,127.0275566,bus,bus,bus_station_seoul_cleaned.csv
서초AICT우수기업센터,,37.4583208,127.0389123,bus,bus,bus_station_seoul_cleaned.csv
서초문화예술정보학교후문,,37.48902322,127.0293962,bus,bus,bus_station_seoul_cleaned.csv
서초문화예술정보학교후문,,37.48881543,127.0298928,bus,bus,bus_station_seoul_cleaned.csv
서초그랑자이아파트,,37.48800136,127.0260375,bus,bus,bus_station_seoul_cleaned.csv
서초그랑자이아파트,,37.48762958,127.0260532,bus,bus,bus_station_seoul_cleaned.csv
서초구청,,37.48427456,127.0307483,bus,bus,bus_station_seoul_cleaned.csv
서초구청,,37.48385789,127.030587,bus,bus,bus_station_seoul_cleaned.csv
수협서초지점,,37.493517,127.029385,bus,bus,bus_station_seoul_cleaned.csv
서초문화예술정보학교,,37.488021,127.0320162,bus,bus,bus_station_seoul_cleaned.csv
법조단지,,37.49638328,127.0129975,bus,bus,bus_station_seoul_cleaned.csv
교대역10번출구,,37.49355375,127.0127809,bus,bus,bus_station_seoul_cleaned.csv
서초역.서울중앙지법등기국,,37.4930992,127.0073275,bus,bus,bus_station_seoul_cleaned.csv
서초역1번출구,,37.49201563,127.0089105,bus,bus,bus_station_seoul_cleaned.csv
서울중앙지방검찰청,,37.494768,127.006543,bus,bus,bus_station_seoul_cleaned.csv
서울중앙지방검찰청.대검찰청,,37.494383,127.006115,bus,bus,bus_station_seoul_cleaned.csv
서초아트자이아파트,,37.48585933,127.0108433,bus,bus,bus_station_seoul_cleaned.csv
서초동삼성아파트,,37.48892064,127.0093426,bus,bus,bus_station_seoul_cleaned.csv
서초유스센터.서초아트자이,,37.48548015,127.0105006,bus,bus,bus_station_seoul_cleaned.csv
서초동삼성아파트,,37.48851159,127.0089653,bus,bus,bus_station_seoul_cleaned.csv
서초3동주민센터,,37.48312906,127.0116355,bus,bus,bus_station_seoul_cleaned.csv
서초3동주민센터,,37.48322183,127.0120799,bus,bus,bus_station_seoul_cleaned.csv
서초동예술의전당,,37.48168573,127.012886,bus,bus,bus_station_seoul_cleaned.csv
서초중학교,,37.48360511,127.0085384,bus,bus,bus_station_seoul_cleaned.csv
서초중학교,,37.48338792,127.0088053,bus,bus,bus_station_seoul_cleaned.csv
서울고등학교,,37.48293038,127.0050002,bus,bus,bus_station_seoul_cleaned.csv
서울고등학교,,37.48274743,127.0055791,bus,bus,bus_station_seoul_cleaned.csv
상문고교,,37.48190494,127.0047242,bus,bus,bus_station_seoul_cleaned.csv
서초동예술의전당,,37.47943285,127.0112295,bus,bus,bus_station_seoul_cleaned.csv
서초동예술의전당,,37.47969863,127.0108028,bus,bus,bus_station_seoul_cleaned.csv
남부터미널.기쁨병원,,37.48195789,127.0168662,bus,bus,bus_station_seoul_cleaned.csv
남부터미널.기쁨병원,,37.48173611,127.0176022,bus,bus,bus_station_seoul_cleaned.csv
남부터미널.한일시멘트,,37.48473184,127.0142185,bus,bus,bus_station_seoul_cleaned.csv
남부터미널,,37.48475281,127.0156032,bus,bus,bus_station_seoul_cleaned.csv
서울교대사거리,,37.48738464,127.0146476,bus,bus,bus_station_seoul_cleaned.csv
서울교대사거리,,37.48805071,127.0133427,bus,bus,bus_station_seoul_cleaned.csv
서울교대사거리,,37.48783681,127.0131389,bus,bus,bus_station_seoul_cleaned.csv
교대역14번출구,,37.491176,127.013952,bus,bus,bus_station_seoul_cleaned.csv
KCC사옥,,37.50303405,127.0202807,bus,bus,bus_station_seoul_cleaned.csv
서초푸르지오써밋,,37.501368,127.021952,bus,bus,bus_station_seoul_cleaned.csv
서초푸르지오써밋.롯데캐슬클래식,,37.50147583,127.0221683,bus,bus,bus_station_seoul_cleaned.csv
진흥아파트,,37.49772334,127.0237031,bus,bus,bus_station_seoul_cleaned.csv
진흥아파트,,37.49788812,127.0239008,bus,bus,bus_station_seoul_cleaned.csv
강남역9번출구,,37.497784,127.0266041,bus,bus,bus_station_seoul_cleaned.csv
서초동진흥아파트,,37.49657912,127.0227753,bus,bus,bus_station_seoul_cleaned.csv
서초동유원아파트,,37.495758,127.0197669,bus,bus,bus_station_seoul_cleaned.csv
지하철2호선교대역4번출구,,37.49447257,127.0158387,bus,bus,bus_station_seoul_cleaned.csv
법조단지,,37.49628501,127.0132447,bus,bus,bus_station_seoul_cleaned.csv
신논현역.구교보타워사거리,,37.5026204,127.0251068,bus,bus,bus_station_seoul_cleaned.csv
강남역10번출구,,37.5001,127.026307,bus,bus,bus_station_seoul_cleaned.csv
잠원한신아파트,,37.51650064,127.0100875,bus,bus,bus_station_seoul_cleaned.csv
래미안신반포리오센트아파트,,37.51962871,127.013908,bus,bus,bus_station_seoul_cleaned.csv
신반포18차아파트,,37.52015801,127.0141966,bus,bus,bus_station_seoul_cleaned.csv
롯데캐슬아파트,,37.519672,127.015485,bus,bus,bus_station_seoul_cleaned.csv
롯데캐슬아파트,,37.51996389,127.0154198,bus,bus,bus_station_seoul_cleaned.csv
신반포르엘아파트,,37.516687,127.01438,bus,bus,bus_station_seoul_cleaned.csv
신반포르엘아파트,,37.517676,127.01457,bus,bus,bus_station_seoul_cleaned.csv
신동중학교,,37.51559202,127.0132334,bus,bus,bus_station_seoul_cleaned.csv
신동중학교,,37.51549996,127.0130193,bus,bus,bus_station_seoul_cleaned.csv
논현역7번출구,,37.51066295,127.019358,bus,bus,bus_station_seoul_cleaned.csv
신사역4번출구,,37.515081,127.019565,bus,bus,bus_station_seoul_cleaned.csv
신사역5번출구,,37.51697853,127.0189942,bus,bus,bus_station_seoul_cleaned.csv
논현역6번출구,,37.51029082,127.019213,bus,bus,bus_station_seoul_cleaned.csv
논현역4번출구,,37.5091091,127.0219545,bus,bus,bus_station_seoul_cleaned.csv
신논현역2번출구,,37.505962,127.023498,bus,bus,bus_station_seoul_cleaned.csv
신논현역1번출구,,37.504227,127.023023,bus,bus,bus_station_seoul_cleaned.csv
제일약품사옥,,37.50338719,127.0202524,bus,bus,bus_station_seoul_cleaned.csv
사평역,,37.50491756,127.0138855,bus,bus,bus_station_seoul_cleaned.csv
사평역,,37.50381584,127.0158023,bus,bus,bus_station_seoul_cleaned.csv
디에이치반포라클라스,,37.49966282,127.0124492,bus,bus,bus_station_seoul_cleaned.csv
삼호가든사거리.반포도서관,,37.50279745,127.0116013,bus,bus,bus_station_seoul_cleaned.csv
신반포역4번.래미안퍼스티지,,37.50285272,126.9951596,bus,bus,bus_station_seoul_cleaned.csv
서초구민체육센터.심산문화센터,,37.49839021,126.9905148,bus,bus,bus_station_seoul_cleaned.csv
잠원한신아파트,,37.51679546,127.009841,bus,bus,bus_station_seoul_cleaned.csv
잠원성당.아크로리버뷰아파트,,37.51368046,127.0066452,bus,bus,bus_station_seoul_cleaned.csv
잠원성당,,37.51347046,127.0069649,bus,bus,bus_station_seoul_cleaned.csv
뉴코아아울렛,,37.50920911,127.0077586,bus,bus,bus_station_seoul_cleaned.csv
신반포자이아파트,,37.50947582,127.0080007,bus,bus,bus_station_seoul_cleaned.csv
반포자이아파트,,37.5061556,127.0094829,bus,bus,bus_station_seoul_cleaned.csv
서울지방조달청.서울성모병원,,37.49926225,127.0039327,bus,bus,bus_station_seoul_cleaned.csv
고속터미널역3번출구,,37.50355544,127.0063361,bus,bus,bus_station_seoul_cleaned.csv
서울지방조달청.서울성모병원,,37.50067457,127.0040911,bus,bus,bus_station_seoul_cleaned.csv
서울성모병원,,37.502759,127.005482,bus,bus,bus_station_seoul_cleaned.csv
서초구민체육센터.심산문화센터,,37.49796057,126.9910969,bus,bus,bus_station_seoul_cleaned.csv
반포미도아파트앞,,37.50170172,127.011583,bus,bus,bus_station_seoul_cleaned.csv
고속터미널호남선,,37.50535171,127.0030788,bus,bus,bus_station_seoul_cleaned.csv
삼호아파트,,37.496634,126.987806,bus,bus,bus_station_seoul_cleaned.csv
방배사이길,,37.49332879,126.990278,bus,bus,bus_station_seoul_cleaned.csv
방배동삼호아파트,,37.49653168,126.9882534,bus,bus,bus_station_seoul_cleaned.csv
가야메디컬센터,,37.49339188,126.9898749,bus,bus,bus_station_seoul_cleaned.csv
이수교,,37.496977,126.983412,bus,bus,bus_station_seoul_cleaned.csv
롯데캐슬헤론아파트,,37.49727424,126.9852046,bus,bus,bus_station_seoul_cleaned.csv
한국제약바이오협회,,37.48230781,127.0016995,bus,bus,bus_station_seoul_cleaned.csv
방배역.방배서리풀이편한세상,,37.48358924,126.9964724,bus,bus,bus_station_seoul_cleaned.csv
내방역2번출구,,37.48677537,126.9943844,bus,bus,bus_station_seoul_cleaned.csv
내방역,,37.48662307,126.9940949,bus,bus,bus_station_seoul_cleaned.csv
방배1동주민센터.방배아크로타워,,37.48344946,126.9961464,bus,bus,bus_station_seoul_cleaned.csv
지하철2호선방배역,,37.48135024,126.9967156,bus,bus,bus_station_seoul_cleaned.csv
서울교통공사사당별관,,37.47671115,126.9861652,bus,bus,bus_station_seoul_cleaned.csv
종로교회,,37.47864162,126.9890956,bus,bus,bus_station_seoul_cleaned.csv
대우효령아파트,,37.48020356,126.9933661,bus,bus,bus_station_seoul_cleaned.csv
이수중학교,,37.48091001,126.9930506,bus,bus,bus_station_seoul_cleaned.csv
방배브라운가아파트,,37.48406284,126.9910194,bus,bus,bus_station_seoul_cleaned.csv
사당역,,37.4790018,126.9820916,bus,bus,bus_station_seoul_cleaned.csv
사당역3번출구,,37.47507949,126.9820179,bus,bus,bus_station_seoul_cleaned.csv
경남임광아파트,,37.47720162,127.0006313,bus,bus,bus_station_seoul_cleaned.csv
방배그랑자이아파트,,37.47725294,127.0002798,bus,bus,bus_station_seoul_cleaned.csv
서울지방법무사회,,37.48003973,126.9987551,bus,bus,bus_station_seoul_cleaned.csv
현대멤피스2차아파트,,37.47981445,126.9984453,bus,bus,bus_station_seoul_cleaned.csv
한국제약바이오협회,,37.482269,127.002689,bus,bus,bus_station_seoul_cleaned.csv
방배역.백석예술대학교,,37.48103714,126.9967608,bus,bus,bus_station_seoul_cleaned.csv
방배동대우효령아파트앞,,37.48016676,126.9940943,bus,bus,bus_station_seoul_cleaned.csv
종로교회앞,,37.47809462,126.9887158,bus,bus,bus_station_seoul_cleaned.csv
서울교통공사,,37.4763264,126.986414,bus,bus,bus_station_seoul_cleaned.csv
방배동래미안아트힐.국립국악원,,37.47750281,127.0063,bus,bus,bus_station_seoul_cleaned.csv
방배그랑자이아파트,,37.47481873,127.0008921,bus,bus,bus_station_seoul_cleaned.csv
성뒤마을.교육연수원,,37.4737472,126.994633,bus,bus,bus_station_seoul_cleaned.csv
방배동래미안타워,,37.47467418,126.9905863,bus,bus,bus_station_seoul_cleaned.csv
대항병원,,37.47564164,126.9871072,bus,bus,bus_station_seoul_cleaned.csv
대항병원,,37.47538659,126.9867647,bus,bus,bus_station_seoul_cleaned.csv
방배동래미안타워.동덕여중고,,37.47428761,126.9906565,bus,bus,bus_station_seoul_cleaned.csv
성뒤마을.교육연수원,,37.47339208,126.9971427,bus,bus,bus_station_seoul_cleaned.csv
방배그랑자이아파트,,37.47477367,127.0016643,bus,bus,bus_station_seoul_cleaned.csv
방배동래미안아트힐.국립국악원,,37.47727527,127.0068455,bus,bus,bus_station_seoul_cleaned.csv
뒷벌어린이공원.래미안원페를라,,37.490238,126.987153,bus,bus,bus_station_seoul_cleaned.csv
방배동고개,,37.4867536,126.9893093,bus,bus,bus_station_seoul_cleaned.csv
예술의전당,,37.48041473,127.0133439,bus,bus,bus_station_seoul_cleaned.csv
방배열린문화센터(방배4동주민센터),,37.49050491,126.9920624,bus,bus,bus_station_seoul_cleaned.csv
방배열린문화센터(방배4동주민센터),,37.49061841,126.9916055,bus,bus,bus_station_seoul_cleaned.csv
양재역.양재1동민원분소,,37.48476913,127.0374188,bus,bus,bus_station_seoul_cleaned.csv
양재노인종합복지관,,37.48332398,127.0421051,bus,bus,bus_station_seoul_cleaned.csv
블랙야크양재사옥,,37.4801407,127.0411739,bus,bus,bus_station_seoul_cleaned.csv
현대빌라.에코나우,,37.47613979,127.0356383,bus,bus,bus_station_seoul_cleaned.csv
현대빌라.에코나우,,37.47630362,127.0360925,bus,bus,bus_station_seoul_cleaned.csv
우성아파트.양재초등학교,,37.47458617,127.0318296,bus,bus,bus_station_seoul_cleaned.csv
우성아파트.양재초등학교,,37.47466476,127.0327538,bus,bus,bus_station_seoul_cleaned.csv
코오롱아파트.양재1동주민센터,,37.47235525,127.0281898,bus,bus,bus_station_seoul_cleaned.csv
우면코오롱아파트,,37.47203728,127.0280952,bus,bus,bus_station_seoul_cleaned.csv
우면주공아파트.우면한라아파트,,37.4707123,127.0256889,bus,bus,bus_station_seoul_cleaned.csv
우면주공아파트.양재1동주민센터,,37.47078305,127.0261418,bus,bus,bus_station_seoul_cleaned.csv
서울AI허브.한국교원단체총연합회,,37.4670267,127.0276019,bus,bus,bus_station_seoul_cleaned.csv
서울AI허브.한국교원단체총연합회,,37.46691599,127.0278541,bus,bus,bus_station_seoul_cleaned.csv
네이처힐3.4단지,,37.4653477,127.0261569,bus,bus,bus_station_seoul_cleaned.csv
성촌마을입구,,37.46535697,127.0249643,bus,bus,bus_station_seoul_cleaned.csv
송동마을.서초힐스아파트,,37.45902997,127.0179066,bus,bus,bus_station_seoul_cleaned.csv
송동마을.서초힐스아파트,,37.45850283,127.0178421,bus,bus,bus_station_seoul_cleaned.csv
식유촌우면성당.서초호반써밋,,37.45750114,127.0127195,bus,bus,bus_station_seoul_cleaned.csv
식유촌우면성당.서초호반써밋,,37.45723906,127.0142947,bus,bus,bus_station_seoul_cleaned.csv
양재역10번출구,,37.48368556,127.034711,bus,bus,bus_station_seoul_cleaned.csv
양재역,,37.48343529,127.0355023,bus,bus,bus_station_seoul_cleaned.csv
말죽거리공원사거리,,37.47893162,127.0383012,bus,bus,bus_station_seoul_cleaned.csv
말죽거리공원사거리,,37.47956449,127.0385955,bus,bus,bus_station_seoul_cleaned.csv
양재2동주민센터.양재꽃시장,,37.46958572,127.0394643,bus,bus,bus_station_seoul_cleaned.csv
매헌시민의숲,,37.473135,127.038353,bus,bus,bus_station_seoul_cleaned.csv
언남고교,,37.47327954,127.0389281,bus,bus,bus_station_seoul_cleaned.csv
매헌시민의숲.양재꽃시장,,37.470867,127.03836,bus,bus,bus_station_seoul_cleaned.csv
매헌시민의숲.양재꽃시장,,37.471255,127.039043,bus,bus,bus_station_seoul_cleaned.csv
AT센터.양재꽃시장,,37.468707,127.039655,bus,bus,bus_station_seoul_cleaned.csv
양곡도매시장,,37.46034699,127.0351947,bus,bus,bus_station_seoul_cleaned.csv
양곡도매시장,,37.46002261,127.035251,bus,bus,bus_station_seoul_cleaned.csv
하나로마트.코트라,,37.46384119,127.0444478,bus,bus,bus_station_seoul_cleaned.csv
코트라,,37.46486702,127.0442708,bus,bus,bus_station_seoul_cleaned.csv
구룡사앞,,37.47021,127.048848,bus,bus,bus_station_seoul_cleaned.csv
구룡사,,37.474022,127.048132,bus,bus,bus_station_seoul_cleaned.csv
구룡사입구,,37.472103,127.050237,bus,bus,bus_station_seoul_cleaned.csv
동원산업앞,,37.47664737,127.0453961,bus,bus,bus_station_seoul_cleaned.csv
언남고.포이성당앞,,37.47203264,127.0458263,bus,bus,bus_station_seoul_cleaned.csv
양재119안전센터앞,,37.4694948,127.0412468,bus,bus,bus_station_seoul_cleaned.csv
양재119안전센터앞,,37.47004645,127.0418943,bus,bus,bus_station_seoul_cleaned.csv
꽃마을,,37.46063371,127.0463679,bus,bus,bus_station_seoul_cleaned.csv
꽃마을,,37.46043058,127.0465823,bus,bus,bus_station_seoul_cleaned.csv
개나리골입구,,37.45744118,127.0476272,bus,bus,bus_station_seoul_cleaned.csv
개나리골입구,,37.45728353,127.0480329,bus,bus,bus_station_seoul_cleaned.csv
새원마을,,37.45429143,127.0507076,bus,bus,bus_station_seoul_cleaned.csv
새원마을,,37.45447612,127.0507925,bus,bus,bus_station_seoul_cleaned.csv
본마을,,37.45326305,127.051185,bus,bus,bus_station_seoul_cleaned.csv
본마을,,37.45345509,127.0513419,bus,bus,bus_station_seoul_cleaned.csv
청계산.원터골,,37.4444526,127.0577012,bus,bus,bus_station_seoul_cleaned.csv
청계산.원터골,,37.44489506,127.0576688,bus,bus,bus_station_seoul_cleaned.csv
관현사입구,,37.43732107,127.0632388,bus,bus,bus_station_seoul_cleaned.csv
관현사입구,,37.43715423,127.0637037,bus,bus,bus_station_seoul_cleaned.csv
새쟁이마을,,37.43451289,127.0661788,bus,bus,bus_station_seoul_cleaned.csv
새쟁이마을,,37.43479642,127.0660516,bus,bus,bus_station_seoul_cleaned.csv
옛골,,37.43094691,127.0704381,bus,bus,bus_station_seoul_cleaned.csv
염곡마을.서초50플러스센터,,37.46159005,127.0488128,bus,bus,bus_station_seoul_cleaned.csv
염곡마을.서초50플러스센터,,37.46200197,127.0491561,bus,bus,bus_station_seoul_cleaned.csv
탑성마을,,37.45837672,127.056618,bus,bus,bus_station_seoul_cleaned.csv
탑성마을,,37.45947227,127.0548669,bus,bus,bus_station_seoul_cleaned.csv
안골마을,,37.4562836,127.0623889,bus,bus,bus_station_seoul_cleaned.csv
서울특별시어린이병원.강동송파과학화예비군훈련장,,37.45664624,127.0702107,bus,bus,bus_station_seoul_cleaned.csv
서울특별시어린이병원.강동송파과학화예비군훈련장,,37.45758665,127.0718263,bus,bus,bus_station_seoul_cleaned.csv
헌인릉.강남서초과학화예비군훈련장,,37.459744,127.079544,bus,bus,bus_station_seoul_cleaned.csv
헌인릉.강남서초과학화예비군훈련장,,37.4611155,127.082683,bus,bus,bus_station_seoul_cleaned.csv
헌인농장,,37.46142131,127.0847576,bus,bus,bus_station_seoul_cleaned.csv
헌인마을.서울농업기술센터,,37.46364025,127.0914525,bus,bus,bus_station_seoul_cleaned.csv
헌인마을.서울농업기술센터,,37.46334342,127.089591,bus,bus,bus_station_seoul_cleaned.csv
서초소방서,,37.49835057,126.992552,bus,bus,bus_station_seoul_cleaned.csv
강남역8번출구,,37.49750099,127.0268505,bus,bus,bus_station_seoul_cleaned.csv
방배동래미안타워.동덕여중고,,37.47471833,126.9905513,bus,bus,bus_station_seoul_cleaned.csv
옛골,,37.43051994,127.0708457,bus,bus,bus_station_seoul_cleaned.csv
헌인가구단지,,37.459688,127.086699,bus,bus,bus_station_seoul_cleaned.csv
내방역8번출구,,37.4881287,126.9946949,bus,bus,bus_station_seoul_cleaned.csv
교대역5번출구,,37.49379959,127.014737,bus,bus,bus_station_seoul_cleaned.csv
서초힐스아파트,,37.4577875,127.0168336,bus,bus,bus_station_seoul_cleaned.csv
강남역7번출구,,37.49695831,127.027797,bus,bus,bus_station_seoul_cleaned.csv
사당역1번출구,,37.47617453,126.982701,bus,bus,bus_station_seoul_cleaned.csv
남부시장,,37.49507652,126.9858169,bus,bus,bus_station_seoul_cleaned.csv
강남의림한방병원,,37.49080971,126.9834174,bus,bus,bus_station_seoul_cleaned.csv
염곡동구룡사,,37.468475,127.047211,bus,bus,bus_station_seoul_cleaned.csv
국제전자센터,,37.485159,127.017723,bus,bus,bus_station_seoul_cleaned.csv
염곡동구룡사,,37.46832811,127.0471332,bus,bus,bus_station_seoul_cleaned.csv
형촌마을입구(서초네이처힐1.2단지),,37.46368854,127.0214455,bus,bus,bus_station_seoul_cleaned.csv
국제전자센터,,37.48543513,127.017758,bus,bus,bus_station_seoul_cleaned.csv
한국도로교통공단서울지부.코트라,,37.46624087,127.0443893,bus,bus,bus_station_seoul_cleaned.csv
서초역3번출구,,37.49112563,127.007736,bus,bus,bus_station_seoul_cleaned.csv
서초구민체육센터,,37.49838118,126.9903056,bus,bus,bus_station_seoul_cleaned.csv
반포대교남단.한강시민공원입구,,37.5078106,126.9994684,bus,bus,bus_station_seoul_cleaned.csv
반포대교남단.한강시민공원입구,,37.50694399,127.0003902,bus,bus,bus_station_seoul_cleaned.csv
헌인마을,,37.46153988,127.0901409,bus,bus,bus_station_seoul_cleaned.csv
하이브랜드,,37.46209117,127.036788,bus,bus,bus_station_seoul_cleaned.csv
이수역5번출구,,37.48548936,126.9842073,bus,bus,bus_station_seoul_cleaned.csv
방배초등학교,,37.4856848,126.9863829,bus,bus,bus_station_seoul_cleaned.csv
방배고개,,37.48649463,126.9901828,bus,bus,bus_station_seoul_cleaned.csv
방배역,,37.48144598,126.9984233,bus,bus,bus_station_seoul_cleaned.csv
내방역3번출구,,37.48677625,126.9939999,bus,bus,bus_station_seoul_cleaned.csv
방일초교,,37.48595208,126.9949487,bus,bus,bus_station_seoul_cleaned.csv
내방역,,37.48753323,126.9927493,bus,bus,bus_station_seoul_cleaned.csv
방배고개.방배초등학교,,37.48638864,126.9888062,bus,bus,bus_station_seoul_cleaned.csv
이수역,,37.48586559,126.9846453,bus,bus,bus_station_seoul_cleaned.csv
방배역,,37.48144488,126.99842,bus,bus,bus_station_seoul_cleaned.csv
방배역,,37.48232334,126.9972384,bus,bus,bus_station_seoul_cleaned.csv
동작대교전망카페,,37.50576281,126.9802792,bus,bus,bus_station_seoul_cleaned.csv
동작대교전망카페,,37.50585837,126.9808128,bus,bus,bus_station_seoul_cleaned.csv
삼성래미안아파트,,37.49496599,127.0184931,bus,bus,bus_station_seoul_cleaned.csv
청계산입구역,,37.44845082,127.0544463,bus,bus,bus_station_seoul_cleaned.csv
청계산입구역,,37.44947608,127.0536842,bus,bus,bus_station_seoul_cleaned.csv
서초포레스타7단지,,37.44757181,127.055573,bus,bus,bus_station_seoul_cleaned.csv
반포한강공원.세빛섬,,37.51266699,126.9972656,bus,bus,bus_station_seoul_cleaned.csv
반포한강공원.세빛섬,,37.51224803,126.9977548,bus,bus,bus_station_seoul_cleaned.csv
신논현역.주류성빌딩,,37.50105879,127.0257864,bus,bus,bus_station_seoul_cleaned.csv
신논현역.BSX빌딩,,37.50128318,127.0256745,bus,bus,bus_station_seoul_cleaned.csv
신논현역.유화빌딩,,37.50153192,127.025549,bus,bus,bus_station_seoul_cleaned.csv
신논현역.금강빌딩,,37.50173116,127.0255227,bus,bus,bus_station_seoul_cleaned.csv
신논현역.우신빌딩,,37.50199513,127.0253196,bus,bus,bus_station_seoul_cleaned.csv
신논현역.인터파크,,37.50217176,127.0252427,bus,bus,bus_station_seoul_cleaned.csv
신논현역.씨티은행,,37.50276835,127.0249636,bus,bus,bus_station_seoul_cleaned.csv
내방역1번출구,,37.48798387,126.9953443,bus,bus,bus_station_seoul_cleaned.csv
매헌시민의숲,,37.4730822,127.0389144,bus,bus,bus_station_seoul_cleaned.csv
동덕여중고,,37.4741688,126.9924723,bus,bus,bus_station_seoul_cleaned.csv
삼호교회,,37.49366544,126.9862028,bus,bus,bus_station_seoul_cleaned.csv
남부터미널,,37.48468392,127.0155438,bus,bus,bus_station_seoul_cleaned.csv
동부센트레빌2,,37.49803239,126.9880579,bus,bus,bus_station_seoul_cleaned.csv
헌인마을.서울농업기술센터,,37.4633817,127.0896109,bus,bus,bus_station_seoul_cleaned.csv
잔디마을,,37.46352711,127.0352321,bus,bus,bus_station_seoul_cleaned.csv
방일초등학교,,37.48522189,126.9950042,bus,bus,bus_station_seoul_cleaned.csv
네이처힐5단지,,37.46331189,127.0238955,bus,bus,bus_station_seoul_cleaned.csv
대법원앞,,37.4916689,127.0065302,bus,bus,bus_station_seoul_cleaned.csv
말죽거리공원사거리,,37.47956304,127.0386623,bus,bus,bus_station_seoul_cleaned.csv
방배래미안타워,,37.47463365,126.9908068,bus,bus,bus_station_seoul_cleaned.csv
이수중앙시장,,37.49211403,126.9889557,bus,bus,bus_station_seoul_cleaned.csv
국제전자센터,,37.48508282,127.0176222,bus,bus,bus_station_seoul_cleaned.csv
방배신삼호아파트,,37.4979489,126.9916918,bus,bus,bus_station_seoul_cleaned.csv
헌인릉.꽃시장,,37.461503,127.08362,bus,bus,bus_station_seoul_cleaned.csv
더케이호텔후문,,37.465335,127.0343342,bus,bus,bus_station_seoul_cleaned.csv
방배1동주민센터.방배아크로타워,,37.48349012,126.9962576,bus,bus,bus_station_seoul_cleaned.csv
삼성레포츠,,37.49220643,127.0208164,bus,bus,bus_station_seoul_cleaned.csv
원불교,,37.48333107,127.0424409,bus,bus,bus_station_seoul_cleaned.csv
양재역7번출구.프라자약국,,37.48382,127.035091,bus,bus,bus_station_seoul_cleaned.csv
서울교통공사사당별관,,37.47627774,126.986388,bus,bus,bus_station_seoul_cleaned.csv
방배초등학교,,37.48573516,126.986364,bus,bus,bus_station_seoul_cleaned.csv
함지박사거리,,37.49302884,126.9912671,bus,bus,bus_station_seoul_cleaned.csv
서일초등학교,,37.48611313,127.0209866,bus,bus,bus_station_seoul_cleaned.csv
이수화학,,37.4980301,126.9933543,bus,bus,bus_station_seoul_cleaned.csv
예비군훈련장,,37.45554347,127.0807711,bus,bus,bus_station_seoul_cleaned.csv
더케이호텔정문,,37.46830151,127.0341151,bus,bus,bus_station_seoul_cleaned.csv
방배역1번출구,,37.48140941,126.9984656,bus,bus,bus_station_seoul_cleaned.csv
대림약국,,37.49044598,127.0208116,bus,bus,bus_station_seoul_cleaned.csv
반포래미안아이파크아파트,,37.50096275,127.0121586,bus,bus,bus_station_seoul_cleaned.csv
방배고개,,37.48621184,126.9894179,bus,bus,bus_station_seoul_cleaned.csv
함지박사거리,,37.49226556,126.9905853,bus,bus,bus_station_seoul_cleaned.csv
서래초교,,37.49529673,126.9889993,bus,bus,bus_station_seoul_cleaned.csv
방배성당앞,,37.49363634,126.9936239,bus,bus,bus_station_seoul_cleaned.csv
현대아파트.한국상담대학원대학교,,37.48689031,127.0235052,bus,bus,bus_station_seoul_cleaned.csv
한국회관.ROTC중앙회,,37.49870423,126.995407,bus,bus,bus_station_seoul_cleaned.csv
신흥마을입구,,37.45861021,127.0816843,bus,bus,bus_station_seoul_cleaned.csv
예술공원,,37.46998883,127.0325353,bus,bus,bus_station_seoul_cleaned.csv
사당역13번출구,,37.47711201,126.9826432,bus,bus,bus_station_seoul_cleaned.csv
서초구립반포도서관.반포리체,,37.50262075,127.012497,bus,bus,bus_station_seoul_cleaned.csv
서초문화예술정보학교후문,,37.48671423,127.0291942,bus,bus,bus_station_seoul_cleaned.csv
장자터빌딩,,37.48510626,126.9903544,bus,bus,bus_station_seoul_cleaned.csv
동부센트레빌1,,37.49765297,126.9874959,bus,bus,bus_station_seoul_cleaned.csv
필리핀대사관,,37.49394912,126.9958665,bus,bus,bus_station_seoul_cleaned.csv
서초그랑자이아파트,,37.48774486,127.0263472,bus,bus,bus_station_seoul_cleaned.csv
신반포역4번.래미안퍼스티지,,37.50269506,126.9954197,bus,bus,bus_station_seoul_cleaned.csv
kt연구소,,37.47170857,127.0309239,bus,bus,bus_station_seoul_cleaned.csv
상문고등학교,,37.48214554,127.0046089,bus,bus,bus_station_seoul_cleaned.csv
백산빌딩,,37.47913739,126.9910358,bus,bus,bus_station_seoul_cleaned.csv
방배브라운가아파트,,37.48410879,126.9909866,bus,bus,bus_station_seoul_cleaned.csv
방배열린문화센터.가야치과병원,,37.48935782,126.992378,bus,bus,bus_station_seoul_cleaned.csv
방배중학교,,37.49538734,126.9981113,bus,bus,bus_station_seoul_cleaned.csv
반포래미안,,37.50458401,127.000397,bus,bus,bus_station_seoul_cleaned.csv
우성아파트,,37.47466278,127.0328539,bus,bus,bus_station_seoul_cleaned.csv
삼환아파트,,37.4800297,127.0056276,bus,bus,bus_station_seoul_cleaned.csv
반포래미안아이파크아파트후문,,37.50209787,127.0145622,bus,bus,bus_station_seoul_cleaned.csv
반포고교,,37.50170302,127.0158855,bus,bus,bus_station_seoul_cleaned.csv
서초문화예술정보학교,,37.48806292,127.032166,bus,bus,bus_station_seoul_cleaned.csv
교총회관,,37.46682408,127.0277463,bus,bus,bus_station_seoul_cleaned.csv
대우효령아파트,,37.47993864,126.9935074,bus,bus,bus_station_seoul_cleaned.csv
동문빌라,,37.48298083,126.9918255,bus,bus,bus_station_seoul_cleaned.csv
효성빌라,,37.49667191,126.998332,bus,bus,bus_station_seoul_cleaned.csv
서초포레스타3단지정문,,37.45542821,127.0593385,bus,bus,bus_station_seoul_cleaned.csv
호남고속터미널,,37.50543641,127.0032236,bus,bus,bus_station_seoul_cleaned.csv
서초포레스타3단지정문,,37.45532628,127.0595498,bus,bus,bus_station_seoul_cleaned.csv
현대빌라,,37.47629329,127.0360835,bus,bus,bus_station_seoul_cleaned.csv
방배빌딩.방배아트힐아파트정문,,37.47828061,127.0064743,bus,bus,bus_station_seoul_cleaned.csv
반포고교,,37.50128577,127.016141,bus,bus,bus_station_seoul_cleaned.csv
반포리체,,37.50252414,127.014206,bus,bus,bus_station_seoul_cleaned.csv
언남초등학교,,37.45430797,127.0614219,bus,bus,bus_station_seoul_cleaned.csv
서초2동주민센터,,37.49171354,127.025341,bus,bus,bus_station_seoul_cleaned.csv
삽준네마을,,37.46926938,127.0268099,bus,bus,bus_station_seoul_cleaned.csv
방배역.백석예술대학교,,37.48097865,126.9967265,bus,bus,bus_station_seoul_cleaned.csv
이수중학교,,37.48185613,126.9924466,bus,bus,bus_station_seoul_cleaned.csv
서래마을.서래글로벌빌리지센터,,37.49789692,126.9984381,bus,bus,bus_station_seoul_cleaned.csv
언남초등학교,,37.4545735,127.0616323,bus,bus,bus_station_seoul_cleaned.csv
경부고속터미널,,37.50653379,127.0068478,bus,bus,bus_station_seoul_cleaned.csv
서초더샵포레,,37.45449898,127.0643011,bus,bus,bus_station_seoul_cleaned.csv
반포써밋아파트,,37.50092161,127.0169971,bus,bus,bus_station_seoul_cleaned.csv
서초더샵포레,,37.45471003,127.0636983,bus,bus,bus_station_seoul_cleaned.csv
서초AICT우수기업센터,,37.458924,127.038748,bus,bus,bus_station_seoul_cleaned.csv
양재시민의숲매헌역입구,,37.46916943,127.037519,bus,bus,bus_station_seoul_cleaned.csv
대우효령아파트,,37.48015765,126.9942333,bus,bus,bus_station_seoul_cleaned.csv
서래마을입구,,37.49918099,126.9984336,bus,bus,bus_station_seoul_cleaned.csv
강남역9번출구,,37.49772724,127.0265475,bus,bus,bus_station_seoul_cleaned.csv
반포자이아파트,,37.50622589,127.0094604,bus,bus,bus_station_seoul_cleaned.csv
임광아파트후문,,37.47581892,127.0030268,bus,bus,bus_station_seoul_cleaned.csv
방현초교,,37.47583331,126.9887116,bus,bus,bus_station_seoul_cleaned.csv
세탁소,,37.48254866,126.9874848,bus,bus,bus_station_seoul_cleaned.csv
현대4차아파트,,37.50057003,127.0179935,bus,bus,bus_station_seoul_cleaned.csv
반포자이아파트,,37.50563336,127.0101482,bus,bus,bus_station_seoul_cleaned.csv
서초1동주민센터,,37.48959452,127.0184669,bus,bus,bus_station_seoul_cleaned.csv
매헌시민의숲,,37.47295799,127.0383859,bus,bus,bus_station_seoul_cleaned.csv
서래마을입구,,37.49990367,126.9984709,bus,bus,bus_station_seoul_cleaned.csv
반포4동주민센터입구,,37.50054166,127.000069,bus,bus,bus_station_seoul_cleaned.csv
반포미도아파트앞,,37.50184319,127.0116068,bus,bus,bus_station_seoul_cleaned.csv
여의3교,,37.45253404,127.0557999,bus,bus,bus_station_seoul_cleaned.csv
임광아파트정문,,37.47656687,127.0010131,bus,bus,bus_station_seoul_cleaned.csv
대성유니드아파트,,37.48348665,126.986917,bus,bus,bus_station_seoul_cleaned.csv
서초래미안아파트정문,,37.50028517,127.0187319,bus,bus,bus_station_seoul_cleaned.csv
뉴코아백화점,,37.50930911,127.0080753,bus,bus,bus_station_seoul_cleaned.csv
서울교대정문,,37.48895774,127.0163713,bus,bus,bus_station_seoul_cleaned.csv
일동제약,,37.47735116,127.0376175,bus,bus,bus_station_seoul_cleaned.csv
롯데캐슬클래식.사랑의교회,,37.49973745,127.0229573,bus,bus,bus_station_seoul_cleaned.csv
반포래미안아이파크아파트,,37.50035183,127.0120275,bus,bus,bus_station_seoul_cleaned.csv
언남중고교,,37.47187946,127.0457968,bus,bus,bus_station_seoul_cleaned.csv
방배3동주민센터,,37.47844903,126.9998163,bus,bus,bus_station_seoul_cleaned.csv
우리수퍼,,37.48467062,126.9861977,bus,bus,bus_station_seoul_cleaned.csv
서초래미안아파트남문,,37.4974383,127.0204175,bus,bus,bus_station_seoul_cleaned.csv
경원중학교,,37.51187332,127.0095535,bus,bus,bus_station_seoul_cleaned.csv
청호나이스,,37.48795883,127.0130611,bus,bus,bus_station_seoul_cleaned.csv
구름다리,,37.4799007,126.9921362,bus,bus,bus_station_seoul_cleaned.csv
서울지방조달청.서울성모병원,,37.49952354,127.0039609,bus,bus,bus_station_seoul_cleaned.csv
아크로비스타.미도아파트,,37.49804585,127.0124974,bus,bus,bus_station_seoul_cleaned.csv
방배(백석예술대)역1번출구,,37.48097868,126.9980947,bus,bus,bus_station_seoul_cleaned.csv
잠원역,,37.5128516,127.0115252,bus,bus,bus_station_seoul_cleaned.csv
도구로입구,,37.47868038,126.9891702,bus,bus,bus_station_seoul_cleaned.csv
국립중앙도서관,,37.49792207,127.0044199,bus,bus,bus_station_seoul_cleaned.csv
반포1동성당,,37.50411683,127.0207028,bus,bus,bus_station_seoul_cleaned.csv
여의3교,,37.45228241,127.0558843,bus,bus,bus_station_seoul_cleaned.csv
방배(백석예술대)역.서초프라자약국,,37.4822348,126.9973009,bus,bus,bus_station_seoul_cleaned.csv
동덕여고,,37.47453557,126.9929347,bus,bus,bus_station_seoul_cleaned.csv
이수역4번출구,,37.4855776,126.9828786,bus,bus,bus_station_seoul_cleaned.csv
신사역4번출구,,37.51534138,127.0195855,bus,bus,bus_station_seoul_cleaned.csv
유원아파트,,37.49550958,127.0178667,bus,bus,bus_station_seoul_cleaned.csv
서초역2번출구,,37.49129877,127.0081469,bus,bus,bus_station_seoul_cleaned.csv
국립국악원,,37.47817053,127.0087097,bus,bus,bus_station_seoul_cleaned.csv
종로교회,,37.47811168,126.9881108,bus,bus,bus_station_seoul_cleaned.csv
서초푸르지오써밋,,37.50196612,127.0216821,bus,bus,bus_station_seoul_cleaned.csv
원불교,,37.48099108,127.0419263,bus,bus,bus_station_seoul_cleaned.csv
일동제약,,37.47718824,127.0370543,bus,bus,bus_station_seoul_cleaned.csv
방일초등학교,,37.48584365,126.9949736,bus,bus,bus_station_seoul_cleaned.csv
논현역5번출구,,37.51028967,127.021493,bus,bus,bus_station_seoul_cleaned.csv
청계산입구역,,37.44895725,127.0553028,bus,bus,bus_station_seoul_cleaned.csv
예술의전당,,37.48058323,127.0135449,bus,bus,bus_station_seoul_cleaned.csv
서울교통공사,,37.47744653,126.9868536,bus,bus,bus_station_seoul_cleaned.csv
경원중학교,,37.51149706,127.0068991,bus,bus,bus_station_seoul_cleaned.csv
대법원,,37.49160705,127.0064913,bus,bus,bus_station_seoul_cleaned.csv
롯데캐슬클래식,,37.500431,127.022435,bus,bus,bus_station_seoul_cleaned.csv
청계산입구역,,37.44913083,127.0550119,bus,bus,bus_station_seoul_cleaned.csv
내방역2번출구,,37.48684926,126.9943312,bus,bus,bus_station_seoul_cleaned.csv
강남역도시에빛,,37.49482982,127.0288628,bus,bus,bus_station_seoul_cleaned.csv
KT삼거리,,37.472187,127.03021,bus,bus,bus_station_seoul_cleaned.csv
KT연구개발센터정문,,37.47043524,127.0300163,bus,bus,bus_station_seoul_cleaned.csv
형촌마을입구,,37.46232848,127.022193,bus,bus,bus_station_seoul_cleaned.csv
서초호반써밋,,37.45764166,127.0146668,bus,bus,bus_station_seoul_cleaned.csv
호반써밋서초파크.파크뷰,,37.46004311,127.0256209,bus,bus,bus_station_seoul_cleaned.csv
서리풀문화광장,,37.49100221,127.0054983,bus,bus,bus_station_seoul_cleaned.csv
서초포레스타5단지정문,,37.45176464,127.058458,bus,bus,bus_station_seoul_cleaned.csv
서초호반써밋,,37.45634492,127.0151306,bus,bus,bus_station_seoul_cleaned.csv
서초포레스타3단지후문,,37.453804,127.059588,bus,bus,bus_station_seoul_cleaned.csv
서초힐스아파트,,37.45646274,127.0195786,bus,bus,bus_station_seoul_cleaned.csv
LH3.호반써밋서초파크,,37.45795457,127.0229573,bus,bus,bus_station_seoul_cleaned.csv
신논현역2번출구,,37.50605355,127.0235528,bus,bus,bus_station_seoul_cleaned.csv
강남역서초현대타워앞,,37.49646881,127.0280085,bus,bus,bus_station_seoul_cleaned.csv
강남역우리은행,,37.49562094,127.0283766,bus,bus,bus_station_seoul_cleaned.csv
강남역티월드,,37.49469744,127.0288669,bus,bus,bus_station_seoul_cleaned.csv
호반써밋서초파크뷰,,37.45950105,127.024081,bus,bus,bus_station_seoul_cleaned.csv
LH3.호반써밋서초파크,,37.45798656,127.0227162,bus,bus,bus_station_seoul_cleaned.csv
서초힐스아파트,,37.456142,127.01736,bus,bus,bus_station_seoul_cleaned.csv
성촌마을입구,,37.46429708,127.0246983,bus,bus,bus_station_seoul_cleaned.csv
2호선교대역7번출구,,37.49407986,127.0145663,bus,bus,bus_station_seoul_cleaned.csv
교대역,,37.49403212,127.0143808,bus,bus,bus_station_seoul_cleaned.csv
서초경찰서,,37.49568276,127.005994,bus,bus,bus_station_seoul_cleaned.csv
원불교,,37.48341411,127.0420565,bus,bus,bus_station_seoul_cleaned.csv
남부터미널.기쁨병원,,37.48183701,127.0178114,bus,bus,bus_station_seoul_cleaned.csv
이수교(방배본동),,37.4969375,126.9833037,bus,bus,bus_station_seoul_cleaned.csv
사당역,,37.47886604,126.9820773,bus,bus,bus_station_seoul_cleaned.csv
서울교통공사,,37.47662142,126.9861169,bus,bus,bus_station_seoul_cleaned.csv
임광아파트,,37.47673989,127.0009712,bus,bus,bus_station_seoul_cleaned.csv
방배동래미안아파트,,37.47571171,126.9852744,bus,bus,bus_station_seoul_cleaned.csv
삼성전자서울R&D,,37.46584698,127.0233096,bus,bus,bus_station_seoul_cleaned.csv
사당역13번출구,,37.47708201,126.983118,bus,bus,bus_station_seoul_cleaned.csv
KT연구개발센터,,37.47063109,127.030494,bus,bus,bus_station_seoul_cleaned.csv
네이처힐.호반써밋서초파크.파크뷰,,37.4604669,127.0241545,bus,bus,bus_station_seoul_cleaned.csv
서초호반써밋,,37.45642792,127.015374,bus,bus,bus_station_seoul_cleaned.csv
강남고속버스터미널,,37.50606806,127.0039283,bus,bus,bus_station_seoul_cleaned.csv
내방역.제일병원,,37.48802441,126.995316,bus,bus,bus_station_seoul_cleaned.csv
대우효령아파트,,37.4801666,126.993244,bus,bus,bus_station_seoul_cleaned.csv
한신2차후문,,37.51216234,127.0052284,bus,bus,bus_station_seoul_cleaned.csv
방배역,,37.4811877,126.9964065,bus,bus,bus_station_seoul_cleaned.csv
서울고교,,37.4827141,127.0054039,bus,bus,bus_station_seoul_cleaned.csv
서울고교,,37.48300353,127.0049918,bus,bus,bus_station_seoul_cleaned.csv
서초아트자이아파트,,37.48515569,127.0111869,bus,bus,bus_station_seoul_cleaned.csv
서울교육대앞,,37.487895,127.014509,bus,bus,bus_station_seoul_cleaned.csv
남부터미널,,37.48474445,127.0143056,bus,bus,bus_station_seoul_cleaned.csv
신사동.더리버사이드호텔,,37.51779298,127.0186555,bus,bus,bus_station_seoul_cleaned.csv
반포미도아파트앞,,37.50182961,127.011657,bus,bus,bus_station_seoul_cleaned.csv
삼풍아파트,,37.49633101,127.0128918,bus,bus,bus_station_seoul_cleaned.csv
교대역,,37.49408331,127.0157244,bus,bus,bus_station_seoul_cleaned.csv
프로비스타호텔.서초동유원아파트,,37.49543135,127.0199874,bus,bus,bus_station_seoul_cleaned.csv
서초아르누보호텔.유원아파트,,37.49570739,127.0197747,bus,bus,bus_station_seoul_cleaned.csv
삼풍아파트,,37.49713972,127.0130953,bus,bus,bus_station_seoul_cleaned.csv
반포래미안아이파크아파트,,37.50145746,127.0120987,bus,bus,bus_station_seoul_cleaned.csv
서초고후문,,37.48911464,127.0044805,bus,bus,bus_station_seoul_cleaned.csv
우성아파트,,37.47453879,127.0318142,bus,bus,bus_station_seoul_cleaned.csv
내방역1번출구,,37.48779237,126.9945811,bus,bus,bus_station_seoul_cleaned.csv
내방역8번출구,,37.48833075,126.9951096,bus,bus,bus_station_seoul_cleaned.csv
교보타워앞,,37.50327662,127.0248806,bus,bus,bus_station_seoul_cleaned.csv
잠원역,,37.51300424,127.0114648,bus,bus,bus_station_seoul_cleaned.csv
동원산업,,37.47659509,127.0454402,bus,bus,bus_station_seoul_cleaned.csv
서울시인재개발원,,37.4826059,127.021689,bus,bus,bus_station_seoul_cleaned.csv
한신2차정문,,37.50865075,127.0030849,bus,bus,bus_station_seoul_cleaned.csv
더미켈란아파트,,37.48620323,127.0040325,bus,bus,bus_station_seoul_cleaned.csv
롯데칠성,,37.49540277,127.024805,bus,bus,bus_station_seoul_cleaned.csv
kt연구소,,37.47170504,127.0306514,bus,bus,bus_station_seoul_cleaned.csv
서리풀터널입구,,37.48848848,126.9969386,bus,bus,bus_station_seoul_cleaned.csv
사당역14번출구,,37.47659626,126.9827574,bus,bus,bus_station_seoul_cleaned.csv
강남역.서초초교앞,,37.49982698,127.0264997,bus,bus,bus_station_seoul_cleaned.csv
사당역14번출구,,37.47666333,126.9829132,bus,bus,bus_station_seoul_cleaned.csv
경원중학교,,37.51197087,127.0092996,bus,bus,bus_station_seoul_cleaned.csv
국립외교원,,37.4837943,127.0305444,bus,bus,bus_station_seoul_cleaned.csv
호남고속.신세계,,37.5058392,127.0032972,bus,bus,bus_station_seoul_cleaned.csv
서울고사거리,,37.48305387,127.0041759,bus,bus,bus_station_seoul_cleaned.csv
문화예술공원,,37.47014303,127.0321148,bus,bus,bus_station_seoul_cleaned.csv
강남역.삼성전자,,37.49705156,127.0278698,bus,bus,bus_station_seoul_cleaned.csv
반포종합운동장,,37.50051016,126.9965027,bus,bus,bus_station_seoul_cleaned.csv
반포종합운동장,,37.49947625,126.9962737,bus,bus,bus_station_seoul_cleaned.csv
언남중고교,,37.47198673,127.0456986,bus,bus,bus_station_seoul_cleaned.csv
서초구청,,37.48406144,127.0324035,bus,bus,bus_station_seoul_cleaned.csv
반포우체국,,37.50469034,126.9998269,bus,bus,bus_station_seoul_cleaned.csv
제약회관,,37.48232854,127.0017934,bus,bus,bus_station_seoul_cleaned.csv
진흥아파트,,37.4965521,127.0226916,bus,bus,bus_station_seoul_cleaned.csv
더케이호텔정문,,37.46772923,127.0343726,bus,bus,bus_station_seoul_cleaned.csv
황실자이아파트,,37.48927464,126.9986375,bus,bus,bus_station_seoul_cleaned.csv
우성아파트사거리,,37.49370619,127.0294489,bus,bus,bus_station_seoul_cleaned.csv
서초역4번출구,,37.49138445,127.006826,bus,bus,bus_station_seoul_cleaned.csv
매헌초교,,37.47046876,127.0422087,bus,bus,bus_station_seoul_cleaned.csv
반포2동주민센터,,37.50385318,126.9970536,bus,bus,bus_station_seoul_cleaned.csv
방배(백석예술대)역2번출구,,37.48072407,126.9980582,bus,bus,bus_station_seoul_cleaned.csv
서초그랑자이후문,,37.48978276,127.0275421,bus,bus,bus_station_seoul_cleaned.csv
유원아파트,,37.49565219,127.0194333,bus,bus,bus_station_seoul_cleaned.csv
더케이호텔후문,,37.46599384,127.0341879,bus,bus,bus_station_seoul_cleaned.csv
서리풀터널입구,,37.4888151,126.9968,bus,bus,bus_station_seoul_cleaned.csv
현대렉시온오피스텔.파이낸셜뉴스,,37.49100059,127.0307256,bus,bus,bus_station_seoul_cleaned.csv
서초역3번출구,,37.49108433,127.0077861,bus,bus,bus_station_seoul_cleaned.csv
양재근린공원,,37.47240909,127.0415088,bus,bus,bus_station_seoul_cleaned.csv
방배유스센터,,37.47888542,126.9991554,bus,bus,bus_station_seoul_cleaned.csv
서초그랑자이정문,,37.48800362,127.0260375,bus,bus,bus_station_seoul_cleaned.csv
강남역10번출구,,37.49920958,127.0264406,bus,bus,bus_station_seoul_cleaned.csv
뱅뱅사거리,,37.48923163,127.0303046,bus,bus,bus_station_seoul_cleaned.csv
언남고,,37.47359429,127.0433501,bus,bus,bus_station_seoul_cleaned.csv
남부터미널.기쁨병원,,37.48197951,127.0169521,bus,bus,bus_station_seoul_cleaned.csv
방배그랑자이아파트,,37.47719213,127.0004098,bus,bus,bus_station_seoul_cleaned.csv
풍림아이원,,37.48724798,127.0238377,bus,bus,bus_station_seoul_cleaned.csv
하이브랜드.코스트코.이마트,,37.462368,127.0361834,bus,bus,bus_station_seoul_cleaned.csv
서초유스센터,,37.48617223,127.0101626,bus,bus,bus_station_seoul_cleaned.csv
예술의전당,,37.48111032,127.0140414,bus,bus,bus_station_seoul_cleaned.csv
교대역6번출구,,37.49417187,127.0137374,bus,bus,bus_station_seoul_cleaned.csv
신중초등학교,,37.47964638,127.0106965,bus,bus,bus_station_seoul_cleaned.csv
동덕여고,,37.47403997,126.9929415,bus,bus,bus_station_seoul_cleaned.csv
국제전자센터,,37.48545132,127.0179152,bus,bus,bus_station_seoul_cleaned.csv
양재역9번출구,,37.48266382,127.0355509,bus,bus,bus_station_seoul_cleaned.csv
국립국악원,,37.47794354,127.0073811,bus,bus,bus_station_seoul_cleaned.csv
래미안아파트.파이낸셜뉴스,,37.492482,127.029934,bus,bus,bus_station_seoul_cleaned.csv
삼호아파트,,37.49742741,126.9873076,bus,bus,bus_station_seoul_cleaned.csv
방배배수지체육공원,,37.47386612,126.9924125,bus,bus,bus_station_seoul_cleaned.csv
남부터미널.한일시멘트,,37.48475525,127.014396,bus,bus,bus_station_seoul_cleaned.csv
양재역엘타워빌딩,,37.48256107,127.03563,bus,bus,bus_station_seoul_cleaned.csv
서초1동사무소,,37.49035575,127.0196817,bus,bus,bus_station_seoul_cleaned.csv
양재시민의숲매헌역입구,,37.46929562,127.037375,bus,bus,bus_station_seoul_cleaned.csv
방배빌딩,,37.4782799,127.0067665,bus,bus,bus_station_seoul_cleaned.csv
서래초등학교,,37.49573641,126.9883727,bus,bus,bus_station_seoul_cleaned.csv
서초구립중앙노인종합복지관,,37.49167896,127.0165819,bus,bus,bus_station_seoul_cleaned.csv
삼환아파트,,37.48001076,127.0058933,bus,bus,bus_station_seoul_cleaned.csv
양재역커피빈앞,,37.48283689,127.0353406,bus,bus,bus_station_seoul_cleaned.csv
말죽거리공원사거리,,37.47821021,127.0394643,bus,bus,bus_station_seoul_cleaned.csv
서초고후문,,37.4893769,127.0047485,bus,bus,bus_station_seoul_cleaned.csv
상문고등학교.수표교교회,,37.48185626,127.0050035,bus,bus,bus_station_seoul_cleaned.csv
빛교회.이수중앙시장,,37.49229336,126.9890269,bus,bus,bus_station_seoul_cleaned.csv
현대캐피탈,,37.47971901,127.0410922,bus,bus,bus_station_seoul_cleaned.csv
본마을노인복지센터,,37.45442445,127.0529607,bus,bus,bus_station_seoul_cleaned.csv
본마을노인복지센터,,37.45453943,127.0530385,bus,bus,bus_station_seoul_cleaned.csv
방배열린문화센터.가야치과병원,,37.4891551,126.9928643,bus,bus,bus_station_seoul_cleaned.csv
카페골목입구,,37.49161375,126.9873182,bus,bus,bus_station_seoul_cleaned.csv
원불교,,37.48143055,127.0426751,bus,bus,bus_station_seoul_cleaned.csv
방배열린문화센터(방배4동주민센터),,37.49039408,126.9921144,bus,bus,bus_station_seoul_cleaned.csv
방배4동경로당,,37.48939252,126.9872326,bus,bus,bus_station_seoul_cleaned.csv
뉴코아백화점,,37.50728253,127.0080547,bus,bus,bus_station_seoul_cleaned.csv
함지박사거리,,37.491597,126.99136,bus,bus,bus_station_seoul_cleaned.csv
청호나이스,,37.48771645,127.0129084,bus,bus,bus_station_seoul_cleaned.csv
코오롱아파트,,37.47231031,127.028118,bus,bus,bus_station_seoul_cleaned.csv
이수역2번출구,,37.48720778,126.9824232,bus,bus,bus_station_seoul_cleaned.csv
HCN서초방송,,37.4822973,127.0120493,bus,bus,bus_station_seoul_cleaned.csv
서초포레스타3단지후문,,37.45388374,127.0595221,bus,bus,bus_station_seoul_cleaned.csv
서울교대,,37.48872528,127.0162208,bus,bus,bus_station_seoul_cleaned.csv
삼호교회,,37.49363392,126.9863781,bus,bus,bus_station_seoul_cleaned.csv
서초1동주민센터,,37.48963675,127.0192223,bus,bus,bus_station_seoul_cleaned.csv
삽준네마을,,37.4691973,127.0267443,bus,bus,bus_station_seoul_cleaned.csv
남부시장,,37.49539012,126.9858858,bus,bus,bus_station_seoul_cleaned.csv
교총회관,,37.46695607,127.0275612,bus,bus,bus_station_seoul_cleaned.csv
롯데캐슬헤론아파트,,37.49733013,126.9853505,bus,bus,bus_station_seoul_cleaned.csv
서래마을입구,,37.49921725,126.9983461,bus,bus,bus_station_seoul_cleaned.csv
서래마을.서래글로벌빌리지센터,,37.49792485,126.9982345,bus,bus,bus_station_seoul_cleaned.csv
서초문화예술정보학교후문,,37.48668184,127.0289839,bus,bus,bus_station_seoul_cleaned.csv
송동마을.서초힐스아파트,,37.4589669,127.0178478,bus,bus,bus_station_seoul_cleaned.csv
효성빌라,,37.49628664,126.9981271,bus,bus,bus_station_seoul_cleaned.csv
방배중학교,,37.49494038,126.9974475,bus,bus,bus_station_seoul_cleaned.csv
필리핀대사관,,37.49406896,126.9957647,bus,bus,bus_station_seoul_cleaned.csv
서초고후문,,37.48892218,127.004662,bus,bus,bus_station_seoul_cleaned.csv
방배4동성당,,37.49374627,126.9935357,bus,bus,bus_station_seoul_cleaned.csv
함지박사거리,,37.49312435,126.9911416,bus,bus,bus_station_seoul_cleaned.csv
구룡사입구,,37.47205245,127.0502298,bus,bus,bus_station_seoul_cleaned.csv
서문여고,,37.48745367,126.985021,bus,bus,bus_station_seoul_cleaned.csv
카페골목입구.래미안원페를라,,37.49147048,126.9873115,bus,bus,bus_station_seoul_cleaned.csv
반포종합운동장,,37.50021733,126.9966723,bus,bus,bus_station_seoul_cleaned.csv
서울교통공사,,37.47747629,126.9873539,bus,bus,bus_station_seoul_cleaned.csv
서초구청맞은편,,37.48418897,127.0306011,bus,bus,bus_station_seoul_cleaned.csv
방배(백석예술대)역3번출구,,37.48121113,126.9964879,bus,bus,bus_station_seoul_cleaned.csv
서초롯데캐슬프레지던트아파트,,37.49613736,127.0196986,bus,bus,bus_station_seoul_cleaned.csv
대검찰청.서초경찰서,,37.49451364,127.0062447,bus,bus,bus_station_seoul_cleaned.csv
불교TV.서초어린이집,,37.47450064,127.0002024,bus,bus,bus_station_seoul_cleaned.csv
구룡사거리,,37.47399432,127.0481442,bus,bus,bus_station_seoul_cleaned.csv
서이초등학교,,37.49116354,127.0268381,bus,bus,bus_station_seoul_cleaned.csv
서울고사거리,,37.48321696,127.0043331,bus,bus,bus_station_seoul_cleaned.csv
사당역12번출구,,37.47783426,126.9819883,bus,bus,bus_station_seoul_cleaned.csv
삼성래미안.이수역방향,,37.50380112,127.0019509,bus,bus,bus_station_seoul_cleaned.csv
더미켈란아파트,,37.48555804,127.0041602,bus,bus,bus_station_seoul_cleaned.csv
서울성모병원.서울지방조달청,,37.50034966,127.0041237,bus,bus,bus_station_seoul_cleaned.csv
아크로비스타,,37.49802148,127.0128254,bus,bus,bus_station_seoul_cleaned.csv
서초성당,,37.49319662,127.0212844,bus,bus,bus_station_seoul_cleaned.csv
강남역나라빌딩앞,,37.49581459,127.028331,bus,bus,bus_station_seoul_cleaned.csv
양재역신한은행앞,,37.48290901,127.0352378,bus,bus,bus_station_seoul_cleaned.csv
신사중학교,,37.52292774,127.0204991,bus,bus,bus_station_seoul_cleaned.csv
신사중학교,,37.523733,127.021302,bus,bus,bus_station_seoul_cleaned.csv
광림교회.현대고등학교,,37.52538681,127.0252664,bus,bus,bus_station_seoul_cleaned.csv
광림교회.현대고등학교,,37.52527795,127.0244393,bus,bus,bus_station_seoul_cleaned.csv
압구정역4번출구,,37.52573496,127.0281888,bus,bus,bus_station_seoul_cleaned.csv
국민은행압구정종합금융센터,,37.52309828,127.0281189,bus,bus,bus_station_seoul_cleaned.csv
신사동고개,,37.51889691,127.0257542,bus,bus,bus_station_seoul_cleaned.csv
신사역8번출구.가로수길,,37.51743974,127.0221753,bus,bus,bus_station_seoul_cleaned.csv
신사역6번출구,,37.517422,127.019435,bus,bus,bus_station_seoul_cleaned.csv
신사역3번출구,,37.51522892,127.0200788,bus,bus,bus_station_seoul_cleaned.csv
신사역1번출구,,37.51685743,127.0217344,bus,bus,bus_station_seoul_cleaned.csv
신사동고개,,37.51855451,127.0260153,bus,bus,bus_station_seoul_cleaned.csv
강남을지병원,,37.51822049,127.0286299,bus,bus,bus_station_seoul_cleaned.csv
학동역,,37.51478423,127.0301679,bus,bus,bus_station_seoul_cleaned.csv
학동역6번출구,,37.51378055,127.0296321,bus,bus,bus_station_seoul_cleaned.csv
영동시장,,37.51185086,127.0234689,bus,bus,bus_station_seoul_cleaned.csv
영동시장.논현역1번출구,,37.51133678,127.0224536,bus,bus,bus_station_seoul_cleaned.csv
학동역5번출구,,37.51357315,127.0301493,bus,bus,bus_station_seoul_cleaned.csv
논현동고개,,37.51025653,127.0323028,bus,bus,bus_station_seoul_cleaned.csv
삼정호텔,,37.50678565,127.0316905,bus,bus,bus_station_seoul_cleaned.csv
신논현역3번출구,,37.50507548,127.0258484,bus,bus,bus_station_seoul_cleaned.csv
신논현역3번출구.교보타워사거리,,37.5057773,127.0241456,bus,bus,bus_station_seoul_cleaned.csv
영동시장.논현역3번출구,,37.50934621,127.0223963,bus,bus,bus_station_seoul_cleaned.csv
언북중학교입구,,37.52029789,127.0308206,bus,bus,bus_station_seoul_cleaned.csv
도산공원사거리.호림아트센터,,37.52157901,127.0349369,bus,bus,bus_station_seoul_cleaned.csv
영동119안전센터,,37.52255572,127.0381007,bus,bus,bus_station_seoul_cleaned.csv
강남구청역,,37.51851786,127.0406416,bus,bus,bus_station_seoul_cleaned.csv
강남구청역3번출구,,37.51695806,127.039941,bus,bus,bus_station_seoul_cleaned.csv
세관앞,,37.51575936,127.0360666,bus,bus,bus_station_seoul_cleaned.csv
서울세관,,37.51702735,127.0356283,bus,bus,bus_station_seoul_cleaned.csv
서울세관,,37.51732448,127.0351677,bus,bus,bus_station_seoul_cleaned.csv
학동역,,37.51515813,127.030375,bus,bus,bus_station_seoul_cleaned.csv
강남을지병원,,37.51856649,127.0287813,bus,bus,bus_station_seoul_cleaned.csv
세관앞,,37.51560093,127.0364196,bus,bus,bus_station_seoul_cleaned.csv
강남구청역2번출구,,37.51677102,127.0401699,bus,bus,bus_station_seoul_cleaned.csv
한국토지주택공사앞,,37.51319091,127.0426621,bus,bus,bus_station_seoul_cleaned.csv
선정릉역1번출구.시니어플라자,,37.51023545,127.0431015,bus,bus,bus_station_seoul_cleaned.csv
아크로힐스논현,,37.50922287,127.0396749,bus,bus,bus_station_seoul_cleaned.csv
논현아이파크,,37.51122205,127.0364373,bus,bus,bus_station_seoul_cleaned.csv
임피리얼팰리스호텔.펜트힐루논현,,37.51432856,127.035601,bus,bus,bus_station_seoul_cleaned.csv
펜트힐루논현.임피리얼팰리스호텔,,37.51354654,127.0351526,bus,bus,bus_station_seoul_cleaned.csv
논현아이파크,,37.51114337,127.0359198,bus,bus,bus_station_seoul_cleaned.csv
국민은행논현동지점,,37.5085728,127.0373832,bus,bus,bus_station_seoul_cleaned.csv
언주역4번출구.차병원사거리,,37.50783691,127.0351434,bus,bus,bus_station_seoul_cleaned.csv
언주역3번출구,,37.50847832,127.0335056,bus,bus,bus_station_seoul_cleaned.csv
논현고개,,37.51144604,127.0321076,bus,bus,bus_station_seoul_cleaned.csv
서울세관사거리,,37.51531541,127.0346068,bus,bus,bus_station_seoul_cleaned.csv
현대아파트,,37.52843848,127.0305807,bus,bus,bus_station_seoul_cleaned.csv
현대아파트,,37.52829867,127.0311226,bus,bus,bus_station_seoul_cleaned.csv
고속철도수서역,,37.48479738,127.1041791,bus,bus,bus_station_seoul_cleaned.csv
신사동교회,,37.52069983,127.030625,bus,bus,bus_station_seoul_cleaned.csv
도산공원,,37.52211382,127.0333295,bus,bus,bus_station_seoul_cleaned.csv
신구중학교,,37.52673198,127.0332343,bus,bus,bus_station_seoul_cleaned.csv
압구정중고등학교.현대아파트,,37.52975875,127.033683,bus,bus,bus_station_seoul_cleaned.csv
도산공원사거리,,37.52203014,127.0345958,bus,bus,bus_station_seoul_cleaned.csv
압구정파출소,,37.52911151,127.0362763,bus,bus,bus_station_seoul_cleaned.csv
압구정파출소,,37.528789,127.036267,bus,bus,bus_station_seoul_cleaned.csv
한양아파트.압구정로데오역,,37.52827,127.039579,bus,bus,bus_station_seoul_cleaned.csv
한양아파트.압구정로데오역,,37.5279295,127.0392574,bus,bus,bus_station_seoul_cleaned.csv
일지아트홀,,37.52491181,127.0395012,bus,bus,bus_station_seoul_cleaned.csv
씨네시티앞,,37.52289704,127.0375997,bus,bus,bus_station_seoul_cleaned.csv
도산공원,,37.52281302,127.0335301,bus,bus,bus_station_seoul_cleaned.csv
신구중학교,,37.52564607,127.0335404,bus,bus,bus_station_seoul_cleaned.csv
성수대교남단.현대아파트,,37.52991981,127.0341409,bus,bus,bus_station_seoul_cleaned.csv
청담초등학교,,37.52680283,127.0451221,bus,bus,bus_station_seoul_cleaned.csv
청담동주민센터,,37.52461528,127.0493318,bus,bus,bus_station_seoul_cleaned.csv
청담동주민센터,,37.52451982,127.051351,bus,bus,bus_station_seoul_cleaned.csv
영동교입구.청담자이아파트,,37.522598,127.056049,bus,bus,bus_station_seoul_cleaned.csv
영동교입구,,37.522801,127.05519,bus,bus,bus_station_seoul_cleaned.csv
청담역.경기고교,,37.52098119,127.0561675,bus,bus,bus_station_seoul_cleaned.csv
우리은행청담지점.청담삼익아파트,,37.5210777,127.0568972,bus,bus,bus_station_seoul_cleaned.csv
청담역.경기고교,,37.52002841,127.0561103,bus,bus,bus_station_seoul_cleaned.csv
진흥아파트,,37.5192911,127.0520899,bus,bus,bus_station_seoul_cleaned.csv
청담동성당,,37.5204992,127.0495735,bus,bus,bus_station_seoul_cleaned.csv
청담2치안센터,,37.52302548,127.0482136,bus,bus,bus_station_seoul_cleaned.csv
강남구청.강남세무서,,37.51843073,127.0472972,bus,bus,bus_station_seoul_cleaned.csv
청담동래미안아파트,,37.5176598,127.042905,bus,bus,bus_station_seoul_cleaned.csv
강남구청역,,37.51851194,127.0409429,bus,bus,bus_station_seoul_cleaned.csv
프라마호텔,,37.524927,127.051344,bus,bus,bus_station_seoul_cleaned.csv
농협앞,,37.5240778,127.0443867,bus,bus,bus_station_seoul_cleaned.csv
일지아트홀.압구정노인복지관,,37.52431596,127.0396346,bus,bus,bus_station_seoul_cleaned.csv
청담초등학교앞,,37.52646133,127.0450857,bus,bus,bus_station_seoul_cleaned.csv
청담2치안센터,,37.52293516,127.0477909,bus,bus,bus_station_seoul_cleaned.csv
청담동성당,,37.52025832,127.0492045,bus,bus,bus_station_seoul_cleaned.csv
차병원차움,,37.52366667,127.0441711,bus,bus,bus_station_seoul_cleaned.csv
진흥아파트.청담역,,37.51904588,127.0521306,bus,bus,bus_station_seoul_cleaned.csv
청담역.경기고교,,37.51981876,127.056458,bus,bus,bus_station_seoul_cleaned.csv
청담역.경기고교,,37.51930901,127.0578574,bus,bus,bus_station_seoul_cleaned.csv
봉은사.삼성1파출소앞,,37.51496776,127.0594354,bus,bus,bus_station_seoul_cleaned.csv
봉은사.코엑스북문,,37.51417056,127.058829,bus,bus,bus_station_seoul_cleaned.csv
봉은사.코엑스북문,,37.51354672,127.057639,bus,bus,bus_station_seoul_cleaned.csv
봉은사역3번출구.삼성1파출소,,37.51510797,127.0601629,bus,bus,bus_station_seoul_cleaned.csv
봉은사역5번출구.광동병원,,37.51445716,127.0622,bus,bus,bus_station_seoul_cleaned.csv
노블발렌티웨딩홀,,37.5148307,127.0647589,bus,bus,bus_station_seoul_cleaned.csv
새마을금고중앙회,,37.512568,127.065604,bus,bus,bus_station_seoul_cleaned.csv
강남경찰서.강남운전면허시험장,,37.50989832,127.0659088,bus,bus,bus_station_seoul_cleaned.csv
삼성역7번출구,,37.51039894,127.0626912,bus,bus,bus_station_seoul_cleaned.csv
무역센터,,37.51202794,127.0610583,bus,bus,bus_station_seoul_cleaned.csv
무역센터,,37.51030138,127.0619901,bus,bus,bus_station_seoul_cleaned.csv
강남구보건소,,37.51547752,127.0417754,bus,bus,bus_station_seoul_cleaned.csv
한국무역센터.삼성역,,37.508448,127.060899,bus,bus,bus_station_seoul_cleaned.csv
포스코사거리,,37.50782266,127.056318,bus,bus,bus_station_seoul_cleaned.csv
한별구립어린이집,,37.51041039,127.0549014,bus,bus,bus_station_seoul_cleaned.csv
센트럴아이파크.강남구도시관리공단,,37.51577954,127.0520467,bus,bus,bus_station_seoul_cleaned.csv
삼성동서광아파트,,37.51732334,127.0424518,bus,bus,bus_station_seoul_cleaned.csv
강남구청.강남세무서,,37.51824137,127.0476647,bus,bus,bus_station_seoul_cleaned.csv
청담역7번출구,,37.51763565,127.0506188,bus,bus,bus_station_seoul_cleaned.csv
센트럴아이파크.강남구도시관리공단,,37.5153174,127.0518696,bus,bus,bus_station_seoul_cleaned.csv
한별구립어린이집,,37.5102276,127.0546027,bus,bus,bus_station_seoul_cleaned.csv
삼성중앙역.플래티넘아파트,,37.51266376,127.0515287,bus,bus,bus_station_seoul_cleaned.csv
삼성중앙역.플래티넘아파트,,37.51237798,127.0518271,bus,bus,bus_station_seoul_cleaned.csv
삼성2문화센터,,37.51109176,127.0461375,bus,bus,bus_station_seoul_cleaned.csv
삼성2문화센터,,37.51081047,127.0465129,bus,bus,bus_station_seoul_cleaned.csv
선릉역8번출구.선정릉,,37.50620143,127.0483328,bus,bus,bus_station_seoul_cleaned.csv
선정릉역.국가무형유산전수교육관,,37.50976426,127.0441955,bus,bus,bus_station_seoul_cleaned.csv
한국토지주택공사앞,,37.51263643,127.0432055,bus,bus,bus_station_seoul_cleaned.csv
포스코건너편,,37.50668319,127.0554269,bus,bus,bus_station_seoul_cleaned.csv
선릉역,,37.505143,127.050205,bus,bus,bus_station_seoul_cleaned.csv
도곡역2번출구.동부센트레빌,,37.49158559,127.0565229,bus,bus,bus_station_seoul_cleaned.csv
중대부고,,37.49188724,127.0550937,bus,bus,bus_station_seoul_cleaned.csv
단대부고.대치아이파크아파트,,37.49467496,127.0537771,bus,bus,bus_station_seoul_cleaned.csv
한티역3번출구.서울강남고용노동지청,,37.49644636,127.0541425,bus,bus,bus_station_seoul_cleaned.csv
삼성아파트입구,,37.4981982,127.0595601,bus,bus,bus_station_seoul_cleaned.csv
농협대치지점,,37.49793697,127.0611545,bus,bus,bus_station_seoul_cleaned.csv
대치SKVIEW아파트.서울교회,,37.49626135,127.0620557,bus,bus,bus_station_seoul_cleaned.csv
대치역1번출구,,37.4938593,127.0614984,bus,bus,bus_station_seoul_cleaned.csv
래미안대치팰리스,,37.49255959,127.0585796,bus,bus,bus_station_seoul_cleaned.csv
도곡역3번출구,,37.49118189,127.0565475,bus,bus,bus_station_seoul_cleaned.csv
대치동우성아파트,,37.49257709,127.059611,bus,bus,bus_station_seoul_cleaned.csv
대치역8번출구,,37.49386241,127.0622309,bus,bus,bus_station_seoul_cleaned.csv
대치역7번출구.선경아파트,,37.492458,127.06408,bus,bus,bus_station_seoul_cleaned.csv
대청중학교,,37.49025786,127.0557033,bus,bus,bus_station_seoul_cleaned.csv
은마아파트,,37.49559591,127.0628615,bus,bus,bus_station_seoul_cleaned.csv
은마치안센터,,37.49809897,127.0615234,bus,bus,bus_station_seoul_cleaned.csv
은마아파트,,37.49948196,127.0631318,bus,bus,bus_station_seoul_cleaned.csv
대치동은마아파트,,37.49890235,127.068455,bus,bus,bus_station_seoul_cleaned.csv
은마아파트,,37.49576666,127.0669738,bus,bus,bus_station_seoul_cleaned.csv
대치동미도아파트,,37.49560494,127.0677076,bus,bus,bus_station_seoul_cleaned.csv
대치역6번출구.강남구민회관,,37.492785,127.064278,bus,bus,bus_station_seoul_cleaned.csv
쌍용아파트,,37.49808418,127.0693335,bus,bus,bus_station_seoul_cleaned.csv
선릉역,,37.505447,127.051217,bus,bus,bus_station_seoul_cleaned.csv
삼성역2번출구,,37.507253,127.06441,bus,bus,bus_station_seoul_cleaned.csv
강남경찰서.강남운전면허시험장,,37.50979858,127.0670285,bus,bus,bus_station_seoul_cleaned.csv
삼성역,,37.50712895,127.0636868,bus,bus,bus_station_seoul_cleaned.csv
휘문고교사거리,,37.504394,127.065214,bus,bus,bus_station_seoul_cleaned.csv
래미안하이스턴.대치순복음교회,,37.49994499,127.0638661,bus,bus,bus_station_seoul_cleaned.csv
대치현대아파트,,37.50082381,127.0600626,bus,bus,bus_station_seoul_cleaned.csv
휘문중고등학교,,37.50396586,127.0618981,bus,bus,bus_station_seoul_cleaned.csv
휘문중고등학교,,37.5040742,127.0614966,bus,bus,bus_station_seoul_cleaned.csv
대치사거리,,37.50366047,127.0585776,bus,bus,bus_station_seoul_cleaned.csv
한국무역센터.삼성역,,37.50784014,127.0605489,bus,bus,bus_station_seoul_cleaned.csv
한티역,,37.4981161,127.0521475,bus,bus,bus_station_seoul_cleaned.csv
도성초등학교,,37.50012236,127.0512136,bus,bus,bus_station_seoul_cleaned.csv
도성초교사거리,,37.50082089,127.0519568,bus,bus,bus_station_seoul_cleaned.csv
영동농협.풍림아이원아파트,,37.50219797,127.0563511,bus,bus,bus_station_seoul_cleaned.csv
영동농협.풍림아이원아파트,,37.50261838,127.0568832,bus,bus,bus_station_seoul_cleaned.csv
도성초교사거리,,37.50088186,127.0516119,bus,bus,bus_station_seoul_cleaned.csv
진선여자중고등학교,,37.5027442,127.0499655,bus,bus,bus_station_seoul_cleaned.csv
선릉역,,37.5047612,127.0504623,bus,bus,bus_station_seoul_cleaned.csv
포스코빌딩,,37.50604938,127.0548888,bus,bus,bus_station_seoul_cleaned.csv
대치사거리,,37.503405,127.058292,bus,bus,bus_station_seoul_cleaned.csv
대치동현대아파트,,37.50164601,127.0591749,bus,bus,bus_station_seoul_cleaned.csv
은마아파트입구사거리,,37.49872738,127.0600675,bus,bus,bus_station_seoul_cleaned.csv
도곡초등학교,,37.49768961,127.0566485,bus,bus,bus_station_seoul_cleaned.csv
한티역2번출구.서울강남고용노동지청,,37.49677356,127.053929,bus,bus,bus_station_seoul_cleaned.csv
신논현역4번출구,,37.504682,127.025813,bus,bus,bus_station_seoul_cleaned.csv
삼정호텔앞,,37.50624203,127.0311108,bus,bus,bus_station_seoul_cleaned.csv
차병원,,37.50553234,127.0344861,bus,bus,bus_station_seoul_cleaned.csv
차병원,,37.50635719,127.034549,bus,bus,bus_station_seoul_cleaned.csv
언주역5번출구.차병원사거리,,37.50755772,127.0353225,bus,bus,bus_station_seoul_cleaned.csv
시티프라디움더강남.라움아트센터,,37.50786276,127.0389267,bus,bus,bus_station_seoul_cleaned.csv
라움아트센터.시티프라디움더강남,,37.50774496,127.0396489,bus,bus,bus_station_seoul_cleaned.csv
아크로힐스논현,,37.50910775,127.040648,bus,bus,bus_station_seoul_cleaned.csv
선정릉역4번출구.시니어플라자,,37.50984134,127.042892,bus,bus,bus_station_seoul_cleaned.csv
선정릉역.국가무형유산전수교육관,,37.50923357,127.0440935,bus,bus,bus_station_seoul_cleaned.csv
선릉역7번출구,,37.50588439,127.048176,bus,bus,bus_station_seoul_cleaned.csv
서울상록회관.한국기술센터,,37.503232,127.044057,bus,bus,bus_station_seoul_cleaned.csv
KT강남지사,,37.50475497,127.0419791,bus,bus,bus_station_seoul_cleaned.csv
KT강남지사,,37.50475785,127.0414645,bus,bus,bus_station_seoul_cleaned.csv
아가방빌딩.하나은행,,37.50164082,127.0387713,bus,bus,bus_station_seoul_cleaned.csv
역삼역7번출구.GS타워,,37.5015046,127.0367662,bus,bus,bus_station_seoul_cleaned.csv
역삼역6번출구,,37.50154076,127.0363873,bus,bus,bus_station_seoul_cleaned.csv
역삼역4번출구,,37.50042852,127.0347357,bus,bus,bus_station_seoul_cleaned.csv
강남역12번출구,,37.49881037,127.0295583,bus,bus,bus_station_seoul_cleaned.csv
강남역11번출구,,37.499338,127.027257,bus,bus,bus_station_seoul_cleaned.csv
신논현역6번출구,,37.50235998,127.0257902,bus,bus,bus_station_seoul_cleaned.csv
강남역1번출구.역삼세무서,,37.49829745,127.0290968,bus,bus,bus_station_seoul_cleaned.csv
역삼역.포스코타워역삼,,37.49948955,127.0335959,bus,bus,bus_station_seoul_cleaned.csv
영동중앙교회,,37.49815395,127.0379751,bus,bus,bus_station_seoul_cleaned.csv
강남구보건소,,37.51533323,127.0421515,bus,bus,bus_station_seoul_cleaned.csv
역삼럭키아파트.역삼월드메르디앙아파트,,37.49183877,127.0387195,bus,bus,bus_station_seoul_cleaned.csv
역삼초등학교,,37.49421849,127.0341844,bus,bus,bus_station_seoul_cleaned.csv
역삼초등학교,,37.49433084,127.0341054,bus,bus,bus_station_seoul_cleaned.csv
뱅뱅사거리.역삼동,,37.49026251,127.0335981,bus,bus,bus_station_seoul_cleaned.csv
역삼초등학교,,37.49219527,127.030653,bus,bus,bus_station_seoul_cleaned.csv
역삼2동주민센터.대림역삼아파트,,37.49624526,127.0459927,bus,bus,bus_station_seoul_cleaned.csv
래미안그레이튼아파트,,37.49604364,127.0457084,bus,bus,bus_station_seoul_cleaned.csv
역삼자이아파트,,37.49981037,127.0443197,bus,bus,bus_station_seoul_cleaned.csv
역삼동성당.역삼자이아파트,,37.49987934,127.0437951,bus,bus,bus_station_seoul_cleaned.csv
역삼동개나리아파트,,37.49937887,127.0475962,bus,bus,bus_station_seoul_cleaned.csv
역삼동개나리아파트,,37.499583,127.047567,bus,bus,bus_station_seoul_cleaned.csv
총지사,,37.49632261,127.0404502,bus,bus,bus_station_seoul_cleaned.csv
총지사,,37.4966905,127.0408425,bus,bus,bus_station_seoul_cleaned.csv
영동중앙교회,,37.49771852,127.0385755,bus,bus,bus_station_seoul_cleaned.csv
대한사회복지회,,37.501137,127.038818,bus,bus,bus_station_seoul_cleaned.csv
한국자산신탁.센터필드,,37.502783,127.044247,bus,bus,bus_station_seoul_cleaned.csv
진선여자중고등학교,,37.50226486,127.0498725,bus,bus,bus_station_seoul_cleaned.csv
역삼e-편한세상아파트,,37.49925456,127.0512978,bus,bus,bus_station_seoul_cleaned.csv
한티역,,37.49720234,127.0522475,bus,bus,bus_station_seoul_cleaned.csv
한티역7번출구,,37.49600522,127.0514785,bus,bus,bus_station_seoul_cleaned.csv
역삼중학교.강남세브란스병원,,37.49471181,127.0476983,bus,bus,bus_station_seoul_cleaned.csv
도곡1차아이파크.역삼청소년센터,,37.49280822,127.0417859,bus,bus,bus_station_seoul_cleaned.csv
총지사,,37.49494269,127.0398633,bus,bus,bus_station_seoul_cleaned.csv
도곡1동주민센터.역삼럭키아파트,,37.49158005,127.0390292,bus,bus,bus_station_seoul_cleaned.csv
도곡1차아이파크.도곡중학교,,37.49263498,127.0424021,bus,bus,bus_station_seoul_cleaned.csv
매봉삼성아파트.SK리더스뷰,,37.48814495,127.0489607,bus,bus,bus_station_seoul_cleaned.csv
매봉역.양재최의원,,37.48616426,127.0445617,bus,bus,bus_station_seoul_cleaned.csv
양재역말죽거리.강남베드로병원,,37.48525104,127.0379686,bus,bus,bus_station_seoul_cleaned.csv
뱅뱅사거리.은광여고,,37.48772432,127.0328076,bus,bus,bus_station_seoul_cleaned.csv
고속철도수서역,,37.48450107,127.1037383,bus,bus,bus_station_seoul_cleaned.csv
뱅뱅사거리.뱅뱅프라자,,37.48974728,127.0328764,bus,bus,bus_station_seoul_cleaned.csv
원불교앞,,37.48355818,127.0423551,bus,bus,bus_station_seoul_cleaned.csv
매봉역,,37.48591664,127.0448542,bus,bus,bus_station_seoul_cleaned.csv
도곡개포한신아파트,,37.48791,127.049239,bus,bus,bus_station_seoul_cleaned.csv
개포한신.우성4차아파트,,37.48708516,127.050373,bus,bus,bus_station_seoul_cleaned.csv
우성캐릭터빌아파트,,37.48700968,127.0508009,bus,bus,bus_station_seoul_cleaned.csv
군인공제회관,,37.48921139,127.052025,bus,bus,bus_station_seoul_cleaned.csv
선정릉역.라마다서울호텔,,37.510642,127.045647,bus,bus,bus_station_seoul_cleaned.csv
숙명여고,,37.48972707,127.0523675,bus,bus,bus_station_seoul_cleaned.csv
도곡렉슬아파트.강남세브란스병원,,37.49443678,127.0481867,bus,bus,bus_station_seoul_cleaned.csv
한티역6번출구,,37.495722,127.05194,bus,bus,bus_station_seoul_cleaned.csv
도곡렉슬아파트정문,,37.49475081,127.0534356,bus,bus,bus_station_seoul_cleaned.csv
중대부고앞,,37.492538,127.054525,bus,bus,bus_station_seoul_cleaned.csv
구룡중학교앞,,37.485803,127.057243,bus,bus,bus_station_seoul_cleaned.csv
개포1동주민센터.개포고등학교,,37.483066,127.059951,bus,bus,bus_station_seoul_cleaned.csv
개현초등학교,,37.481319,127.062072,bus,bus,bus_station_seoul_cleaned.csv
개포파크빌리지,,37.477328,127.057772,bus,bus,bus_station_seoul_cleaned.csv
구룡초교사거리,,37.48090349,127.0542007,bus,bus,bus_station_seoul_cleaned.csv
현대아파트경남아파트,,37.48287456,127.0531174,bus,bus,bus_station_seoul_cleaned.csv
현대1차.우성3차아파트,,37.482973,127.056549,bus,bus,bus_station_seoul_cleaned.csv
개일초등학교앞,,37.48617316,127.057212,bus,bus,bus_station_seoul_cleaned.csv
개포고등학교,,37.484213,127.058944,bus,bus,bus_station_seoul_cleaned.csv
개포1동주민센터,,37.48250136,127.0609694,bus,bus,bus_station_seoul_cleaned.csv
래미안블레스티지아파트,,37.480651,127.063217,bus,bus,bus_station_seoul_cleaned.csv
개포도서관,,37.4836959,127.0638959,bus,bus,bus_station_seoul_cleaned.csv
수도전기공고후문,,37.48478206,127.065624,bus,bus,bus_station_seoul_cleaned.csv
수도전기공고후문,,37.485273,127.065984,bus,bus,bus_station_seoul_cleaned.csv
디에이치아너힐즈,,37.48373,127.068697,bus,bus,bus_station_seoul_cleaned.csv
개포자이프레지던스,,37.483766,127.069256,bus,bus,bus_station_seoul_cleaned.csv
경기여고,,37.48653,127.067244,bus,bus,bus_station_seoul_cleaned.csv
개포동역7번출구.개포시장,,37.4886502,127.0661615,bus,bus,bus_station_seoul_cleaned.csv
개포주공5단지경기여고,,37.48670758,127.0674712,bus,bus,bus_station_seoul_cleaned.csv
개포동역6번출구.개포시장,,37.4885441,127.0665798,bus,bus,bus_station_seoul_cleaned.csv
개포시장.개포5단지상가,,37.48952309,127.0680733,bus,bus,bus_station_seoul_cleaned.csv
개포시장.개포5단지상가,,37.489411,127.068631,bus,bus,bus_station_seoul_cleaned.csv
양전초등학교,,37.490243,127.070593,bus,bus,bus_station_seoul_cleaned.csv
개포6단지앞,,37.489962,127.07042,bus,bus,bus_station_seoul_cleaned.csv
디에이치자이개포아파트,,37.49230038,127.075569,bus,bus,bus_station_seoul_cleaned.csv
개원중학교.대모산입구역2번출구,,37.492262,127.072156,bus,bus,bus_station_seoul_cleaned.csv
개포주공7단지앞,,37.48915924,127.0738086,bus,bus,bus_station_seoul_cleaned.csv
일원초등학교,,37.48833877,127.0746897,bus,bus,bus_station_seoul_cleaned.csv
현대아파트,,37.48226538,127.0528285,bus,bus,bus_station_seoul_cleaned.csv
개포래미안포레스트,,37.47994114,127.0546103,bus,bus,bus_station_seoul_cleaned.csv
능인선원앞,,37.47255272,127.0523679,bus,bus,bus_station_seoul_cleaned.csv
구룡산입구,,37.47729987,127.0617735,bus,bus,bus_station_seoul_cleaned.csv
능인선원앞,,37.47206098,127.0523277,bus,bus,bus_station_seoul_cleaned.csv
구룡사입구,,37.47192069,127.0507511,bus,bus,bus_station_seoul_cleaned.csv
국악고교사거리,,37.47452692,127.048045,bus,bus,bus_station_seoul_cleaned.csv
삼호물산,,37.47724305,127.0452517,bus,bus,bus_station_seoul_cleaned.csv
구룡초등학교,,37.480828,127.05311,bus,bus,bus_station_seoul_cleaned.csv
광수빌딩,,37.47906075,127.0493324,bus,bus,bus_station_seoul_cleaned.csv
국민은행.포이근린공원,,37.47876982,127.0468255,bus,bus,bus_station_seoul_cleaned.csv
포이사거리.삼호물산,,37.478451,127.045145,bus,bus,bus_station_seoul_cleaned.csv
포이사거리.삼호물산,,37.478296,127.045191,bus,bus,bus_station_seoul_cleaned.csv
국민은행.포이근린공원,,37.4785642,127.0472426,bus,bus,bus_station_seoul_cleaned.csv
광수빌딩,,37.47890499,127.049378,bus,bus,bus_station_seoul_cleaned.csv
개포지구대,,37.47942401,127.0512017,bus,bus,bus_station_seoul_cleaned.csv
구룡초등학교,,37.480467,127.052903,bus,bus,bus_station_seoul_cleaned.csv
수서삼성아파트앞,,37.4843994,127.0909893,bus,bus,bus_station_seoul_cleaned.csv
일원본동주민센터,,37.48348852,127.0847498,bus,bus,bus_station_seoul_cleaned.csv
푸른마을아파트앞,,37.48291292,127.0805834,bus,bus,bus_station_seoul_cleaned.csv
상록수아파트앞,,37.48280463,127.0821222,bus,bus,bus_station_seoul_cleaned.csv
일원본동주민센터,,37.4833831,127.0859754,bus,bus,bus_station_seoul_cleaned.csv
수서119안전센터앞,,37.48424129,127.0938503,bus,bus,bus_station_seoul_cleaned.csv
삼성서울병원정문,,37.48654451,127.0829903,bus,bus,bus_station_seoul_cleaned.csv
삼성서울병원정문건너편,,37.48702518,127.0824492,bus,bus,bus_station_seoul_cleaned.csv
일원역7번출구,,37.48491143,127.0833077,bus,bus,bus_station_seoul_cleaned.csv
삼성서울병원후문,,37.49019972,127.0875201,bus,bus,bus_station_seoul_cleaned.csv
글래드라이브강남호텔,,37.48373,127.068697,bus,bus,bus_station_seoul_cleaned.csv
을지병원.포포인츠강남&호텔선샤인,,37.5201297,127.0288548,bus,bus,bus_station_seoul_cleaned.csv
삼성서울병원사거리,,37.48911749,127.0824473,bus,bus,bus_station_seoul_cleaned.csv
강남한양수자인아파트,,37.47815743,127.1133506,bus,bus,bus_station_seoul_cleaned.csv
강남한양수자인아파트,,37.477818,127.113478,bus,bus,bus_station_seoul_cleaned.csv
대치아파트.대모산입구역3번출구,,37.492414,127.0724873,bus,bus,bus_station_seoul_cleaned.csv
삼성서초역삼세무서,,37.49841237,127.0297942,bus,bus,bus_station_seoul_cleaned.csv
대청역,,37.49323997,127.0786043,bus,bus,bus_station_seoul_cleaned.csv
마루공원,,37.49482026,127.083313,bus,bus,bus_station_seoul_cleaned.csv
대청초등학교,,37.49387062,127.0865721,bus,bus,bus_station_seoul_cleaned.csv
서울일원동우체국,,37.49199699,127.0876266,bus,bus,bus_station_seoul_cleaned.csv
수서역.현대벤쳐빌,,37.48768078,127.1021201,bus,bus,bus_station_seoul_cleaned.csv
수서역2번출구,,37.48830768,127.1007453,bus,bus,bus_station_seoul_cleaned.csv
수서역.KT수서지점,,37.48854768,127.0998655,bus,bus,bus_station_seoul_cleaned.csv
수서역1번출구,,37.48718852,127.1007358,bus,bus,bus_station_seoul_cleaned.csv
세곡동주민센터,,37.46963952,127.1080982,bus,bus,bus_station_seoul_cleaned.csv
궁마을,,37.4854278,127.0973286,bus,bus,bus_station_seoul_cleaned.csv
궁마을,,37.4852808,127.0976066,bus,bus,bus_station_seoul_cleaned.csv
수서역6번출구,,37.48679111,127.1020426,bus,bus,bus_station_seoul_cleaned.csv
수서역5번출구,,37.48686027,127.1025969,bus,bus,bus_station_seoul_cleaned.csv
수서역.로즈데일빌딩,,37.48739844,127.1028677,bus,bus,bus_station_seoul_cleaned.csv
세곡동주민센터,,37.46946196,127.107674,bus,bus,bus_station_seoul_cleaned.csv
은곡마을.LH이편한세상,,37.4653477,127.1025352,bus,bus,bus_station_seoul_cleaned.csv
강남신동아파밀리에1단지,,37.46543393,127.0999208,bus,bus,bus_station_seoul_cleaned.csv
대왕초등학교,,37.46467083,127.1068385,bus,bus,bus_station_seoul_cleaned.csv
세곡동사거리,,37.46357779,127.1078295,bus,bus,bus_station_seoul_cleaned.csv
세곡동,,37.46461058,127.1095067,bus,bus,bus_station_seoul_cleaned.csv
광연자동차학원앞,,37.4656909,127.116361,bus,bus,bus_station_seoul_cleaned.csv
삼일자동차학원.강남자동차검사소,,37.4679154,127.1211805,bus,bus,bus_station_seoul_cleaned.csv
삼일자동차학원.강남자동차검사소,,37.46799872,127.120768,bus,bus,bus_station_seoul_cleaned.csv
광연자동차학원앞,,37.46702297,127.1188445,bus,bus,bus_station_seoul_cleaned.csv
세곡동,,37.4649373,127.109397,bus,bus,bus_station_seoul_cleaned.csv
세곡동사거리,,37.46579628,127.1085618,bus,bus,bus_station_seoul_cleaned.csv
방죽마을,,37.47238378,127.1073504,bus,bus,bus_station_seoul_cleaned.csv
래미안포레아파트,,37.47454897,127.1067826,bus,bus,bus_station_seoul_cleaned.csv
쟁골마을,,37.48188696,127.1050773,bus,bus,bus_station_seoul_cleaned.csv
쟁골마을,,37.48265458,127.104399,bus,bus,bus_station_seoul_cleaned.csv
래미안포레아파트,,37.47513509,127.1062605,bus,bus,bus_station_seoul_cleaned.csv
방죽마을,,37.47222473,127.1069205,bus,bus,bus_station_seoul_cleaned.csv
압구정역3번출구,,37.52600147,127.028714,bus,bus,bus_station_seoul_cleaned.csv
국민은행압구정종합금융센터,,37.52327289,127.0285131,bus,bus,bus_station_seoul_cleaned.csv
언주역2번출구.차병원사거리,,37.50795302,127.0333617,bus,bus,bus_station_seoul_cleaned.csv
영동고교앞,,37.52150355,127.0398933,bus,bus,bus_station_seoul_cleaned.csv
개포우성6차아파트,,37.47573633,127.0578803,bus,bus,bus_station_seoul_cleaned.csv
은곡마을진입로,,37.46575763,127.098702,bus,bus,bus_station_seoul_cleaned.csv
대치유수지체육공원,,37.501358,127.068123,bus,bus,bus_station_seoul_cleaned.csv
우성아파트,,37.50114363,127.0684146,bus,bus,bus_station_seoul_cleaned.csv
세곡푸르지오.은곡삼거리,,37.46497027,127.0946994,bus,bus,bus_station_seoul_cleaned.csv
삼성역3번출구,,37.50716272,127.0637123,bus,bus,bus_station_seoul_cleaned.csv
세곡푸르지오.은곡삼거리,,37.465062,127.096478,bus,bus,bus_station_seoul_cleaned.csv
LH수서아파트,,37.479078,127.105708,bus,bus,bus_station_seoul_cleaned.csv
LH수서아파트,,37.47860705,127.1053468,bus,bus,bus_station_seoul_cleaned.csv
세곡2지구3.4단지,,37.47692913,127.1100617,bus,bus,bus_station_seoul_cleaned.csv
수서역6번출구,,37.48636158,127.1025265,bus,bus,bus_station_seoul_cleaned.csv
역삼1동주민센터,,37.496548,127.032341,bus,bus,bus_station_seoul_cleaned.csv
개포우성아파트,,37.47656443,127.0578639,bus,bus,bus_station_seoul_cleaned.csv
래미안강남힐즈,,37.47234832,127.0973807,bus,bus,bus_station_seoul_cleaned.csv
세곡중학교.세명초등학교,,37.47024797,127.091798,bus,bus,bus_station_seoul_cleaned.csv
세곡중학교.세명초등학교,,37.47041221,127.0920469,bus,bus,bus_station_seoul_cleaned.csv
일원동한솔아파트,,37.48254453,127.0793139,bus,bus,bus_station_seoul_cleaned.csv
시립수서청소년센터,,37.483863,127.089107,bus,bus,bus_station_seoul_cleaned.csv
한강버스압구정선착장A,,37.527273,127.019564,bus,bus,bus_station_seoul_cleaned.csv
포스코사거리,,37.50807911,127.0557366,bus,bus,bus_station_seoul_cleaned.csv
대왕초등학교,,37.46507054,127.1065571,bus,bus,bus_station_seoul_cleaned.csv
도곡역4번출구,,37.48997336,127.05561,bus,bus,bus_station_seoul_cleaned.csv
개포중학교,,37.480019,127.063631,bus,bus,bus_station_seoul_cleaned.csv
구룡마을,,37.478975,127.064041,bus,bus,bus_station_seoul_cleaned.csv
디에이치퍼스티어아이파크,,37.478381,127.056741,bus,bus,bus_station_seoul_cleaned.csv
싸리고개공원교차로,,37.491091,127.036127,bus,bus,bus_station_seoul_cleaned.csv
영희초등학교,,37.49119143,127.0804871,bus,bus,bus_station_seoul_cleaned.csv
못골마을.강남자곡아이파크,,37.47326499,127.1017218,bus,bus,bus_station_seoul_cleaned.csv
못골마을,,37.47310235,127.1018882,bus,bus,bus_station_seoul_cleaned.csv
태화기독교사회복지관,,37.48452821,127.0933528,bus,bus,bus_station_seoul_cleaned.csv
개포도서관,,37.483553,127.063564,bus,bus,bus_station_seoul_cleaned.csv
강남세곡체육공원,,37.465565,127.112862,bus,bus,bus_station_seoul_cleaned.csv
도곡교회.인바디빌딩,,37.47443356,127.0554585,bus,bus,bus_station_seoul_cleaned.csv
강남세브란스병원,,37.49334893,127.0474623,bus,bus,bus_station_seoul_cleaned.csv
도곡교회.인바디빌딩.건너,,37.47427535,127.0559941,bus,bus,bus_station_seoul_cleaned.csv
래미안강남힐즈,,37.47229054,127.0952485,bus,bus,bus_station_seoul_cleaned.csv
도곡중학교.강남세브란스병원,,37.49360204,127.0467216,bus,bus,bus_station_seoul_cleaned.csv
강남경찰서.강남운전면허시험장,,37.5095036,127.0660087,bus,bus,bus_station_seoul_cleaned.csv
수도공고앞,,37.487234,127.061926,bus,bus,bus_station_seoul_cleaned.csv
개포4단지5단지,,37.486365,127.068309,bus,bus,bus_station_seoul_cleaned.csv
개포4단지6단지,,37.48685148,127.0720735,bus,bus,bus_station_seoul_cleaned.csv
개포4단지7단지,,37.48791825,127.0735756,bus,bus,bus_station_seoul_cleaned.csv
마루공원,,37.49485,127.082818,bus,bus,bus_station_seoul_cleaned.csv
개포동역1번출구,,37.4889678,127.0654139,bus,bus,bus_station_seoul_cleaned.csv
세곡푸르지오,,37.46753884,127.0938351,bus,bus,bus_station_seoul_cleaned.csv
도곡1동주민센터.경남아파트,,37.48897598,127.0413201,bus,bus,bus_station_seoul_cleaned.csv
강남효성해링턴코트,,37.46768843,127.0939127,bus,bus,bus_station_seoul_cleaned.csv
구룡역5번출구,,37.48610629,127.0591999,bus,bus,bus_station_seoul_cleaned.csv
구룡역1번출구,,37.48616967,127.0589614,bus,bus,bus_station_seoul_cleaned.csv
역삼럭키아파트,,37.49163715,127.0411233,bus,bus,bus_station_seoul_cleaned.csv
래미안개포루체하임아파트,,37.48930287,127.0814751,bus,bus,bus_station_seoul_cleaned.csv
수도공고,,37.48755,127.062351,bus,bus,bus_station_seoul_cleaned.csv
개포4단지6단지,,37.48699289,127.071967,bus,bus,bus_station_seoul_cleaned.csv
개포4단지5단지,,37.486497,127.068237,bus,bus,bus_station_seoul_cleaned.csv
강남역12번출구A,,37.49873765,127.0294749,bus,bus,bus_station_seoul_cleaned.csv
학여울역,,37.497144,127.071451,bus,bus,bus_station_seoul_cleaned.csv
학여울역,,37.49667869,127.0713978,bus,bus,bus_station_seoul_cleaned.csv
도곡한신아파트,,37.48687583,127.0411576,bus,bus,bus_station_seoul_cleaned.csv
현대1차아파트,,37.482287,127.05525,bus,bus,bus_station_seoul_cleaned.csv
영동고등학교.현대아파트,,37.52135499,127.03953,bus,bus,bus_station_seoul_cleaned.csv
개포4단지7단지,,37.48765266,127.0729326,bus,bus,bus_station_seoul_cleaned.csv
총회회관.휘문고입구,,37.504156,127.066098,bus,bus,bus_station_seoul_cleaned.csv
예림당아트홀.신한은행전산센터,,37.49822236,127.0442962,bus,bus,bus_station_seoul_cleaned.csv
새마을운동중앙회,,37.50201667,127.0673748,bus,bus,bus_station_seoul_cleaned.csv
총지사,,37.4947101,127.0395899,bus,bus,bus_station_seoul_cleaned.csv
신한은행데이터센터,,37.498146,127.0436967,bus,bus,bus_station_seoul_cleaned.csv
포스코사거리,,37.50731926,127.0575279,bus,bus,bus_station_seoul_cleaned.csv
우성3차아파트,,37.48381873,127.0571827,bus,bus,bus_station_seoul_cleaned.csv
우성6차아파트,,37.47754865,127.0551995,bus,bus,bus_station_seoul_cleaned.csv
포이초교,,37.47522068,127.0526852,bus,bus,bus_station_seoul_cleaned.csv
국악중고교,,37.47565181,127.0506449,bus,bus,bus_station_seoul_cleaned.csv
풍양빌딩,,37.47738927,127.0488174,bus,bus,bus_station_seoul_cleaned.csv
코원에너지서비스,,37.49806976,127.0760972,bus,bus,bus_station_seoul_cleaned.csv
코원에너지서비스,,37.49848963,127.0761621,bus,bus,bus_station_seoul_cleaned.csv
포스코사거리교차로,,37.50703217,127.0579067,bus,bus,bus_station_seoul_cleaned.csv
국민은행개포남지점,,37.47878619,127.0479647,bus,bus,bus_station_seoul_cleaned.csv
삼익아파트앞,,37.48989124,127.0417075,bus,bus,bus_station_seoul_cleaned.csv
래미안포레아파트,,37.47565851,127.1072951,bus,bus,bus_station_seoul_cleaned.csv
디아크리온강남아파트,,37.4760979,127.1076847,bus,bus,bus_station_seoul_cleaned.csv
세곡2지구3.4단지,,37.476668,127.110393,bus,bus,bus_station_seoul_cleaned.csv
도곡한신아파트,,37.48654618,127.0414336,bus,bus,bus_station_seoul_cleaned.csv
강남더샵라르고오피스텔,,37.47522745,127.1048166,bus,bus,bus_station_seoul_cleaned.csv
한남대교전망카페,,37.52455246,127.0156822,bus,bus,bus_station_seoul_cleaned.csv
서울의료원후문,,37.51285422,127.0670298,bus,bus,bus_station_seoul_cleaned.csv
구룡마을,,37.4772886,127.0617735,bus,bus,bus_station_seoul_cleaned.csv
학동역,,37.51537523,127.0299919,bus,bus,bus_station_seoul_cleaned.csv
은곡마을.강남신동아파밀리에,,37.465026,127.102457,bus,bus,bus_station_seoul_cleaned.csv
강남현대힐스테이트에코,,37.47501091,127.1049628,bus,bus,bus_station_seoul_cleaned.csv
대왕초등학교,,37.46473368,127.1060868,bus,bus,bus_station_seoul_cleaned.csv
수서역5번출구.이마트앞,,37.48678908,127.1026711,bus,bus,bus_station_seoul_cleaned.csv
개포4복합문화센터.달터공원,,37.47655014,127.0496564,bus,bus,bus_station_seoul_cleaned.csv
일원역,,37.48427409,127.0837488,bus,bus,bus_station_seoul_cleaned.csv
수서역.로즈데일빌딩,,37.487511,127.102806,bus,bus,bus_station_seoul_cleaned.csv
수서역,,37.488469,127.100588,bus,bus,bus_station_seoul_cleaned.csv
삼성서울병원정문,,37.48622092,127.0831279,bus,bus,bus_station_seoul_cleaned.csv
국민은행,,37.4783966,127.047727,bus,bus,bus_station_seoul_cleaned.csv
삼성서울병원본관,,37.48808713,127.0843626,bus,bus,bus_station_seoul_cleaned.csv
한아름아파트.사이룩스오피스텔,,37.48828832,127.1043696,bus,bus,bus_station_seoul_cleaned.csv
암센터후문.장례식장,,37.48990617,127.0877033,bus,bus,bus_station_seoul_cleaned.csv
암센터정문,,37.48872808,127.0877106,bus,bus,bus_station_seoul_cleaned.csv
신분당선.강남역4번출구,,37.49453959,127.0295651,bus,bus,bus_station_seoul_cleaned.csv
영동2교,,37.48241061,127.0436209,bus,bus,bus_station_seoul_cleaned.csv
강남서초교육지원청,,37.51145259,127.0474431,bus,bus,bus_station_seoul_cleaned.csv
래미안루체하임.일원동맛의거리,,37.4895038,127.0816026,bus,bus,bus_station_seoul_cleaned.csv
신논현역,,37.50195985,127.0259767,bus,bus,bus_station_seoul_cleaned.csv
영희초등학교후문,,37.49135165,127.0807474,bus,bus,bus_station_seoul_cleaned.csv
개포동역8번출구,,37.488672,127.064961,bus,bus,bus_station_seoul_cleaned.csv
강남우체국,,37.493332,127.07827,bus,bus,bus_station_seoul_cleaned.csv
도성초등학교앞,,37.50046426,127.0503203,bus,bus,bus_station_seoul_cleaned.csv
개포3일원1동통합주민센터,,37.49238876,127.0753813,bus,bus,bus_station_seoul_cleaned.csv
LH이-편한세상,,37.46740607,127.1018354,bus,bus,bus_station_seoul_cleaned.csv
신논현역,,37.50075725,127.026582,bus,bus,bus_station_seoul_cleaned.csv
동영문화센터,,37.49801718,127.0448219,bus,bus,bus_station_seoul_cleaned.csv
도곡2동주민센터.대치중학교,,37.48425407,127.0454044,bus,bus,bus_station_seoul_cleaned.csv
도곡2동주민센터.대치중학교,,37.48448611,127.0453311,bus,bus,bus_station_seoul_cleaned.csv
대청역,,37.49329333,127.0796504,bus,bus,bus_station_seoul_cleaned.csv
영동2교,,37.48277483,127.0436397,bus,bus,bus_station_seoul_cleaned.csv
강남세브란스병원,,37.49410242,127.0460355,bus,bus,bus_station_seoul_cleaned.csv
매봉역입구,,37.485055,127.046452,bus,bus,bus_station_seoul_cleaned.csv
역삼청소년센터.도곡1차아이파크,,37.49310435,127.0427156,bus,bus,bus_station_seoul_cleaned.csv
ST송은빌딩,,37.52405227,127.0440702,bus,bus,bus_station_seoul_cleaned.csv
삼성역,,37.51097711,127.0626529,bus,bus,bus_station_seoul_cleaned.csv
코엑스도심공항,,37.50927357,127.0588874,bus,bus,bus_station_seoul_cleaned.csv
삼성역.그랜드인터컨티넨탈,,37.508435,127.060905,bus,bus,bus_station_seoul_cleaned.csv
포스코사거리,,37.50662833,127.0551984,bus,bus,bus_station_seoul_cleaned.csv
역삼역,,37.50037703,127.0348445,bus,bus,bus_station_seoul_cleaned.csv
강남역,,37.49850371,127.0300922,bus,bus,bus_station_seoul_cleaned.csv
강남역12번출구,,37.49871237,127.0293968,bus,bus,bus_station_seoul_cleaned.csv
영희초등학교정문,,37.49177024,127.0826658,bus,bus,bus_station_seoul_cleaned.csv
봉은사역.코엑스인터컨티넨탈,,37.51361262,127.057443,bus,bus,bus_station_seoul_cleaned.csv
코엑스동문,,37.51220759,127.0608776,bus,bus,bus_station_seoul_cleaned.csv
일원지구대,,37.49250248,127.0844467,bus,bus,bus_station_seoul_cleaned.csv
대청초교삼거리,,37.49330698,127.0862704,bus,bus,bus_station_seoul_cleaned.csv
대청초교삼거리,,37.49316699,127.0863915,bus,bus,bus_station_seoul_cleaned.csv
양재역,,37.48499985,127.0384965,bus,bus,bus_station_seoul_cleaned.csv
도곡동,,37.48794924,127.0491445,bus,bus,bus_station_seoul_cleaned.csv
타워펠리스,,37.48921139,127.052025,bus,bus,bus_station_seoul_cleaned.csv
대치동,,37.49357667,127.0616003,bus,bus,bus_station_seoul_cleaned.csv
학여울역,,37.49563668,127.0676293,bus,bus,bus_station_seoul_cleaned.csv
개포동,,37.48885926,127.0737651,bus,bus,bus_station_seoul_cleaned.csv
학여울역,,37.49585931,127.0672657,bus,bus,bus_station_seoul_cleaned.csv
대치동,,37.49388764,127.0613687,bus,bus,bus_station_seoul_cleaned.csv
타워펠리스,,37.489825,127.052447,bus,bus,bus_station_seoul_cleaned.csv
양재역,,37.4854142,127.0388557,bus,bus,bus_station_seoul_cleaned.csv
신사동,,37.51765474,127.0193598,bus,bus,bus_station_seoul_cleaned.csv
미성아파트,,37.52352215,127.0215334,bus,bus,bus_station_seoul_cleaned.csv
리베라호텔,,37.52376922,127.0546317,bus,bus,bus_station_seoul_cleaned.csv
압구정역,,37.52860172,127.0309164,bus,bus,bus_station_seoul_cleaned.csv
청담자이아파트,,37.522073,127.056339,bus,bus,bus_station_seoul_cleaned.csv
노블발렌티웨딩홀,,37.51513435,127.0648044,bus,bus,bus_station_seoul_cleaned.csv
양재전화국,,37.48564556,127.0407893,bus,bus,bus_station_seoul_cleaned.csv
대치2동주민센터.래미안하이스턴,,37.501732,127.066677,bus,bus,bus_station_seoul_cleaned.csv
봉은사역.삼성래미안아파트,,37.51471615,127.0622907,bus,bus,bus_station_seoul_cleaned.csv
디에이치퍼스티어아이파크,,37.47995,127.058296,bus,bus,bus_station_seoul_cleaned.csv
개포중학교,,37.481031,127.060267,bus,bus,bus_station_seoul_cleaned.csv
강남구민체육관,,37.47599,127.053878,bus,bus,bus_station_seoul_cleaned.csv
LPG가스충전소,,37.490756,127.035844,bus,bus,bus_station_seoul_cleaned.csv
수서역,,37.48870316,127.0998007,bus,bus,bus_station_seoul_cleaned.csv
서울일원동우체국,,37.492279,127.087654,bus,bus,bus_station_seoul_cleaned.csv
일원지구대,,37.49256036,127.084155,bus,bus,bus_station_seoul_cleaned.csv
동영문화센터,,37.49821633,127.0450699,bus,bus,bus_station_seoul_cleaned.csv
영희초등학교정문,,37.49181728,127.0824081,bus,bus,bus_station_seoul_cleaned.csv
삼성서울병원정문건너편,,37.48644558,127.0827109,bus,bus,bus_station_seoul_cleaned.csv
일원역,,37.48402825,127.0835865,bus,bus,bus_station_seoul_cleaned.csv
강남더드림병원.도성초등학교,,37.50101373,127.0507991,bus,bus,bus_station_seoul_cleaned.csv
대왕파출소,,37.46520256,127.1077414,bus,bus,bus_station_seoul_cleaned.csv
언주역.삼정&베스트웨스턴강남,,37.50634066,127.0311436,bus,bus,bus_station_seoul_cleaned.csv
강남신동아파밀리에2단지,,37.46460178,127.1017129,bus,bus,bus_station_seoul_cleaned.csv
한신휴플러스6단지,,37.46897554,127.1039562,bus,bus,bus_station_seoul_cleaned.csv
강남관광정보센터,,37.52662649,127.0270046,bus,bus,bus_station_seoul_cleaned.csv
중동고등학교,,37.49288671,127.0800445,bus,bus,bus_station_seoul_cleaned.csv
역삼아르누보&조선팰리스강남,,37.50327145,127.042679,bus,bus,bus_station_seoul_cleaned.csv
영희초등학교후문,,37.49152003,127.0804796,bus,bus,bus_station_seoul_cleaned.csv
양재역4번출구,,37.48506487,127.03684,bus,bus,bus_station_seoul_cleaned.csv
양재역.종합복지관,,37.48471001,127.0361954,bus,bus,bus_station_seoul_cleaned.csv
양재역5번출구,,37.48467026,127.0366159,bus,bus,bus_station_seoul_cleaned.csv
삼성역7번출구,,37.510187,127.0628058,bus,bus,bus_station_seoul_cleaned.csv
삼성역7번출구,,37.51029949,127.0627365,bus,bus,bus_station_seoul_cleaned.csv
도곡중학교.강남세브란스병원,,37.493474,127.044794,bus,bus,bus_station_seoul_cleaned.csv
역삼2동주민센터.래미안그레이튼아파트,,37.49482692,127.0466349,bus,bus,bus_station_seoul_cleaned.csv
노보텔앰배서더호텔,,37.50551134,127.0287672,bus,bus,bus_station_seoul_cleaned.csv
방죽마을입구,,37.47122002,127.1064669,bus,bus,bus_station_seoul_cleaned.csv
방죽마을입구,,37.471284,127.106377,bus,bus,bus_station_seoul_cleaned.csv
한신휴플러스6단지,,37.469051,127.103892,bus,bus,bus_station_seoul_cleaned.csv
LH이-편한세상,,37.46752103,127.1017451,bus,bus,bus_station_seoul_cleaned.csv
은곡마을,,37.46698614,127.0976382,bus,bus,bus_station_seoul_cleaned.csv
상업지역,,37.46698339,127.1009107,bus,bus,bus_station_seoul_cleaned.csv
강남신동아파밀리에,,37.46549863,127.10131,bus,bus,bus_station_seoul_cleaned.csv
세종고등학교,,37.48786397,127.1029015,bus,bus,bus_station_seoul_cleaned.csv
세곡푸르지오,,37.46683775,127.0945266,bus,bus,bus_station_seoul_cleaned.csv
세곡푸르지오,,37.46678381,127.0943739,bus,bus,bus_station_seoul_cleaned.csv
상업지역,,37.46717697,127.0999592,bus,bus,bus_station_seoul_cleaned.csv
은곡마을,,37.46723232,127.0967996,bus,bus,bus_station_seoul_cleaned.csv
강남스포츠문화센터,,37.48857758,127.1050565,bus,bus,bus_station_seoul_cleaned.csv
삼정호텔,,37.50623704,127.0310908,bus,bus,bus_station_seoul_cleaned.csv
리엔파크3단지,,37.46303894,127.1038273,bus,bus,bus_station_seoul_cleaned.csv
포스코사거리,,37.50866929,127.055508,bus,bus,bus_station_seoul_cleaned.csv
서울요양원.강남구립행복요양병원,,37.46070111,127.1034878,bus,bus,bus_station_seoul_cleaned.csv
LH이편한세상,,37.46663251,127.1018279,bus,bus,bus_station_seoul_cleaned.csv
강남데시앙포레정문,,37.48140682,127.0890614,bus,bus,bus_station_seoul_cleaned.csv
강남데시앙포레상가앞,,37.48136201,127.0918529,bus,bus,bus_station_seoul_cleaned.csv
강남더샵포레스트아파트,,37.48212796,127.0944328,bus,bus,bus_station_seoul_cleaned.csv
강남신동아파밀리에1단지,,37.46339528,127.1013912,bus,bus,bus_station_seoul_cleaned.csv
강남더샵포레스트아파트,,37.4820891,127.0942668,bus,bus,bus_station_seoul_cleaned.csv
강남데시앙포레상가앞,,37.48142709,127.0927451,bus,bus,bus_station_seoul_cleaned.csv
강남데시앙포레정문,,37.48184764,127.0895875,bus,bus,bus_station_seoul_cleaned.csv
수서교회.수서동성당앞,,37.48348612,127.0945645,bus,bus,bus_station_seoul_cleaned.csv
수서교회.수서동성당앞,,37.48347027,127.0946662,bus,bus,bus_station_seoul_cleaned.csv
삼성서울병원사거리,,37.48884026,127.0826986,bus,bus,bus_station_seoul_cleaned.csv
강남신동아파밀리에2단지,,37.46347104,127.1022597,bus,bus,bus_station_seoul_cleaned.csv
일원주유소.삼성서울병원후문,,37.49065376,127.0876823,bus,bus,bus_station_seoul_cleaned.csv
리엔파크4단지.강남데시앙파크,,37.46122735,127.101875,bus,bus,bus_station_seoul_cleaned.csv
잠실역.잠실대교남단,,37.51553839,127.0985639,bus,bus,bus_station_seoul_cleaned.csv
잠실역.잠실대교남단,,37.51378728,127.0996446,bus,bus,bus_station_seoul_cleaned.csv
석촌호수.한솔병원,,37.50680017,127.1058262,bus,bus,bus_station_seoul_cleaned.csv
석촌호수.한솔병원,,37.50710526,127.105252,bus,bus,bus_station_seoul_cleaned.csv
석촌역,,37.503242,127.109062,bus,bus,bus_station_seoul_cleaned.csv
석촌역,,37.503857,127.108318,bus,bus,bus_station_seoul_cleaned.csv
송파역,,37.50020848,127.1118384,bus,bus,bus_station_seoul_cleaned.csv
송파역,,37.50059923,127.1112328,bus,bus,bus_station_seoul_cleaned.csv
가락시장.가락시장역,,37.4943822,127.1171609,bus,bus,bus_station_seoul_cleaned.csv
가락시장.가락시장역,,37.49493147,127.1164834,bus,bus,bus_station_seoul_cleaned.csv
문정로데오거리입구,,37.48821208,127.121416,bus,bus,bus_station_seoul_cleaned.csv
문정로데오거리입구,,37.48913982,127.1208233,bus,bus,bus_station_seoul_cleaned.csv
문정법조단지.건영아파트,,37.482125,127.124748,bus,bus,bus_station_seoul_cleaned.csv
문정법조단지.건영아파트,,37.48309,127.123873,bus,bus,bus_station_seoul_cleaned.csv
장지역.가든파이브,,37.47903943,127.1261445,bus,bus,bus_station_seoul_cleaned.csv
장지역.가든파이브,,37.479907,127.125472,bus,bus,bus_station_seoul_cleaned.csv
잠실역.롯데월드몰,,37.51271655,127.1005792,bus,bus,bus_station_seoul_cleaned.csv
잠실광역환승센터,,37.51234296,127.1007211,bus,bus,bus_station_seoul_cleaned.csv
천호역.풍납시장,,37.53704084,127.1225734,bus,bus,bus_station_seoul_cleaned.csv
풍납1치안센터입구,,37.53427804,127.1215873,bus,bus,bus_station_seoul_cleaned.csv
파크데일아파트2단지앞,,37.49794506,127.1584215,bus,bus,bus_station_seoul_cleaned.csv
파크데일아파트1단지앞,,37.4981357,127.1584261,bus,bus,bus_station_seoul_cleaned.csv
풍납1동동아한가람아파트,,37.53701747,127.114441,bus,bus,bus_station_seoul_cleaned.csv
풍납동신성노바빌,,37.53814628,127.115876,bus,bus,bus_station_seoul_cleaned.csv
풍납동씨티극동아파트,,37.53928761,127.1171233,bus,bus,bus_station_seoul_cleaned.csv
풍납토성.천호역10번출구,,37.53893583,127.1219626,bus,bus,bus_station_seoul_cleaned.csv
영파여고.강동구청역,,37.53125404,127.1205105,bus,bus,bus_station_seoul_cleaned.csv
풍납동극동.쌍용아파트,,37.52656325,127.1180236,bus,bus,bus_station_seoul_cleaned.csv
풍납중학교,,37.52463794,127.1149376,bus,bus,bus_station_seoul_cleaned.csv
풍성중학교.잠실올림픽아이파크,,37.52481093,127.113565,bus,bus,bus_station_seoul_cleaned.csv
아산생명과학연구원,,37.52483342,127.1099765,bus,bus,bus_station_seoul_cleaned.csv
서울아산병원동관,,37.52688807,127.1071795,bus,bus,bus_station_seoul_cleaned.csv
서울아산병원동관,,37.52702557,127.1075881,bus,bus,bus_station_seoul_cleaned.csv
풍납토성서성벽,,37.53145507,127.1107357,bus,bus,bus_station_seoul_cleaned.csv
송파두산위브.송파소방서,,37.50012662,127.1416514,bus,bus,bus_station_seoul_cleaned.csv
송파두산위브.송파소방서,,37.50003166,127.1418762,bus,bus,bus_station_seoul_cleaned.csv
토성초등학교.현대리버빌아파트,,37.53007066,127.1145435,bus,bus,bus_station_seoul_cleaned.csv
한강극동아파트후문,,37.53110678,127.1122258,bus,bus,bus_station_seoul_cleaned.csv
올림픽대교남단,,37.52674423,127.1154307,bus,bus,bus_station_seoul_cleaned.csv
마천역.송파파크센트럴,,37.494369,127.151301,bus,bus,bus_station_seoul_cleaned.csv
잠실파크리오아파트상가.올림픽회관,,37.52102392,127.1146492,bus,bus,bus_station_seoul_cleaned.csv
잠실파크리오아파트앞,,37.51960766,127.1099151,bus,bus,bus_station_seoul_cleaned.csv
잠실나루역,,37.519021,127.106058,bus,bus,bus_station_seoul_cleaned.csv
잠실진주아파트,,37.5196,127.11125,bus,bus,bus_station_seoul_cleaned.csv
몽촌토성역,,37.518515,127.113109,bus,bus,bus_station_seoul_cleaned.csv
신천동진주아파트,,37.516665,127.109397,bus,bus,bus_station_seoul_cleaned.csv
잠실나루역,,37.518236,127.104243,bus,bus,bus_station_seoul_cleaned.csv
잠실중학교.장미종합상가,,37.51715,127.10066,bus,bus,bus_station_seoul_cleaned.csv
잠실중학교,,37.516785,127.100445,bus,bus,bus_station_seoul_cleaned.csv
잠실역8번출구,,37.51401318,127.1015367,bus,bus,bus_station_seoul_cleaned.csv
잠실역7번출구,,37.51460655,127.0994435,bus,bus,bus_station_seoul_cleaned.csv
잠실역1번.11번출구,,37.51406351,127.1032419,bus,bus,bus_station_seoul_cleaned.csv
잠실역9번출구,,37.5149141,127.1042158,bus,bus,bus_station_seoul_cleaned.csv
송파구청.방이맛골,,37.51399689,127.1072177,bus,bus,bus_station_seoul_cleaned.csv
잠실역6번출구,,37.51439262,127.0988018,bus,bus,bus_station_seoul_cleaned.csv
잠실역.롯데월드,,37.51295092,127.0977631,bus,bus,bus_station_seoul_cleaned.csv
잠실5단지,,37.51221325,127.0939144,bus,bus,bus_station_seoul_cleaned.csv
잠실리센츠아파트앞,,37.51191521,127.0913236,bus,bus,bus_station_seoul_cleaned.csv
잠실새내역.잠실2동주민센터,,37.51177229,127.0872805,bus,bus,bus_station_seoul_cleaned.csv
잠실엘스아파트앞,,37.51187062,127.0833905,bus,bus,bus_station_seoul_cleaned.csv
종합운동장사거리,,37.51205899,127.0796844,bus,bus,bus_station_seoul_cleaned.csv
잠실종합운동장,,37.51111753,127.0720733,bus,bus,bus_station_seoul_cleaned.csv
잠실트리지움아파트앞,,37.5115214,127.091102,bus,bus,bus_station_seoul_cleaned.csv
잠실역.롯데월드,,37.51241161,127.0981962,bus,bus,bus_station_seoul_cleaned.csv
갤러리아팰리스,,37.51131743,127.0929235,bus,bus,bus_station_seoul_cleaned.csv
잠실트리지움.송파경찰서교통센터,,37.51097795,127.0926278,bus,bus,bus_station_seoul_cleaned.csv
영동일고.레이크팰리스앞,,37.50880848,127.0921467,bus,bus,bus_station_seoul_cleaned.csv
영동일고.트리지움동문앞,,37.509037,127.091732,bus,bus,bus_station_seoul_cleaned.csv
송파레이크힐아파트,,37.485173,127.143618,bus,bus,bus_station_seoul_cleaned.csv
잠실학원사거리.잠실트리지움남문,,37.50768266,127.0902574,bus,bus,bus_station_seoul_cleaned.csv
잠실119안전센터,,37.50700782,127.0947494,bus,bus,bus_station_seoul_cleaned.csv
잠실종합운동장,,37.510665,127.073172,bus,bus,bus_station_seoul_cleaned.csv
아시아선수촌아파트,,37.51041,127.0784475,bus,bus,bus_station_seoul_cleaned.csv
아주중학교,,37.50478092,127.0765948,bus,bus,bus_station_seoul_cleaned.csv
종합운동장사거리,,37.51161284,127.0795555,bus,bus,bus_station_seoul_cleaned.csv
잠실새내역4번출구,,37.51144531,127.0843636,bus,bus,bus_station_seoul_cleaned.csv
영빌딩앞,,37.506535,127.089623,bus,bus,bus_station_seoul_cleaned.csv
잠실우성4차현대아파트,,37.50526245,127.0852076,bus,bus,bus_station_seoul_cleaned.csv
잠실우성4차현대아파트,,37.50495736,127.0853685,bus,bus,bus_station_seoul_cleaned.csv
잠실근린공원.성현교회,,37.506274,127.081873,bus,bus,bus_station_seoul_cleaned.csv
아시아선수촌아파트삼거리.성현교회,,37.50619482,127.080993,bus,bus,bus_station_seoul_cleaned.csv
아시아선수촌아파트,,37.50985695,127.0790367,bus,bus,bus_station_seoul_cleaned.csv
아주중학교,,37.50537039,127.0779321,bus,bus,bus_station_seoul_cleaned.csv
삼전역,,37.50393207,127.0889638,bus,bus,bus_station_seoul_cleaned.csv
삼전역,,37.50395426,127.0897903,bus,bus,bus_station_seoul_cleaned.csv
송파구민회관.구의회,,37.50270595,127.0947576,bus,bus,bus_station_seoul_cleaned.csv
송파구민회관.구의회,,37.50242754,127.0945601,bus,bus,bus_station_seoul_cleaned.csv
삼학사길사거리,,37.5046916,127.0969945,bus,bus,bus_station_seoul_cleaned.csv
잠실119안전센터,,37.50700385,127.0929453,bus,bus,bus_station_seoul_cleaned.csv
삼밭나루어린이공원입구,,37.50628078,127.0898346,bus,bus,bus_station_seoul_cleaned.csv
삼전역.잠실현대아파트,,37.50342636,127.0874732,bus,bus,bus_station_seoul_cleaned.csv
삼전동현대APT,,37.50043063,127.0874665,bus,bus,bus_station_seoul_cleaned.csv
삼전동쌍용하이츠빌라,,37.49922536,127.0908501,bus,bus,bus_station_seoul_cleaned.csv
삼전사회복지관,,37.49809301,127.0942399,bus,bus,bus_station_seoul_cleaned.csv
배명중고교,,37.50015519,127.0966612,bus,bus,bus_station_seoul_cleaned.csv
석촌고분역,,37.50267054,127.0983927,bus,bus,bus_station_seoul_cleaned.csv
석촌고분역,,37.50242871,127.0986428,bus,bus,bus_station_seoul_cleaned.csv
석촌역.잠실한솔아파트,,37.50451546,127.1052846,bus,bus,bus_station_seoul_cleaned.csv
석촌역.잠실한솔아파트,,37.50439361,127.1056432,bus,bus,bus_station_seoul_cleaned.csv
송파레이크파크호반써밋2차정문,,37.48504,127.143358,bus,bus,bus_station_seoul_cleaned.csv
삼학사길사거리,,37.50403815,127.0972566,bus,bus,bus_station_seoul_cleaned.csv
배명중고교,,37.49970985,127.0969106,bus,bus,bus_station_seoul_cleaned.csv
석촌동남현교회앞,,37.49902004,127.1006952,bus,bus,bus_station_seoul_cleaned.csv
석촌동남현교회앞,,37.4988053,127.1002693,bus,bus,bus_station_seoul_cleaned.csv
송파책박물관.헬리오시티,,37.50023414,127.1044857,bus,bus,bus_station_seoul_cleaned.csv
송파책박물관.헬리오시티,,37.49991736,127.1040227,bus,bus,bus_station_seoul_cleaned.csv
송파사거리.석촌시장,,37.5015446,127.109178,bus,bus,bus_station_seoul_cleaned.csv
송파사거리,,37.50161118,127.1087521,bus,bus,bus_station_seoul_cleaned.csv
송파역.헬리오시티,,37.50058141,127.1110145,bus,bus,bus_station_seoul_cleaned.csv
위례포레샤인13단지공원,,37.48315259,127.1362424,bus,bus,bus_station_seoul_cleaned.csv
송파여성문화회관,,37.50693564,127.1094494,bus,bus,bus_station_seoul_cleaned.csv
송파여성문화회관,,37.50672809,127.1096248,bus,bus,bus_station_seoul_cleaned.csv
송파초등학교.송파동성당,,37.50916247,127.1112976,bus,bus,bus_station_seoul_cleaned.csv
송파초등학교.송파동성당,,37.50873661,127.1113793,bus,bus,bus_station_seoul_cleaned.csv
방이사거리,,37.51066766,127.1107862,bus,bus,bus_station_seoul_cleaned.csv
포레나송파후문,,37.484588,127.146938,bus,bus,bus_station_seoul_cleaned.csv
송파나루역,,37.50956286,127.1132143,bus,bus,bus_station_seoul_cleaned.csv
한양공원,,37.50387311,127.1138832,bus,bus,bus_station_seoul_cleaned.csv
송파동한양1차아파트,,37.50595672,127.1154171,bus,bus,bus_station_seoul_cleaned.csv
서울방이동고분군,,37.50842451,127.1151708,bus,bus,bus_station_seoul_cleaned.csv
송파역,,37.49929285,127.1129081,bus,bus,bus_station_seoul_cleaned.csv
잠실더샵루벤,,37.49978314,127.1174306,bus,bus,bus_station_seoul_cleaned.csv
송파동삼익아파트,,37.5029233,127.1219128,bus,bus,bus_station_seoul_cleaned.csv
송파미성.가락삼익아파트,,37.50608698,127.1203825,bus,bus,bus_station_seoul_cleaned.csv
송파한양2차아파트,,37.50599792,127.1157234,bus,bus,bus_station_seoul_cleaned.csv
한양공원,,37.503707,127.113797,bus,bus,bus_station_seoul_cleaned.csv
잠실여고후문,,37.50257222,127.1120106,bus,bus,bus_station_seoul_cleaned.csv
방이중학교,,37.51416401,127.1143672,bus,bus,bus_station_seoul_cleaned.csv
한성백제역4번출구,,37.51499159,127.1153632,bus,bus,bus_station_seoul_cleaned.csv
송파나루역.방이전통시장서문,,37.51100323,127.1124464,bus,bus,bus_station_seoul_cleaned.csv
송파나루역.방이전통시장서문,,37.51109032,127.1129452,bus,bus,bus_station_seoul_cleaned.csv
송파나루역,,37.51067944,127.1116742,bus,bus,bus_station_seoul_cleaned.csv
송파구청.방이맛골,,37.51335215,127.1077936,bus,bus,bus_station_seoul_cleaned.csv
잠실진주아파트,,37.51617537,127.109619,bus,bus,bus_station_seoul_cleaned.csv
올림픽베어스타운아파트앞,,37.51482805,127.1191036,bus,bus,bus_station_seoul_cleaned.csv
방이초등학교,,37.5118705,127.1191093,bus,bus,bus_station_seoul_cleaned.csv
방이전통시장동문,,37.51011225,127.1180475,bus,bus,bus_station_seoul_cleaned.csv
방이우체국,,37.50951307,127.1139246,bus,bus,bus_station_seoul_cleaned.csv
올림픽공원남2문,,37.51402402,127.1214073,bus,bus,bus_station_seoul_cleaned.csv
올림픽공원장미광장,,37.5126513,127.1249202,bus,bus,bus_station_seoul_cleaned.csv
방이역3번출구.대림아파트,,37.50841809,127.1256144,bus,bus,bus_station_seoul_cleaned.csv
잠실3차한양아파트,,37.50591435,127.1217138,bus,bus,bus_station_seoul_cleaned.csv
방이전통시장동문,,37.50989594,127.1181179,bus,bus,bus_station_seoul_cleaned.csv
방이초등학교,,37.51201646,127.1194587,bus,bus,bus_station_seoul_cleaned.csv
신구블레스밸리앞,,37.51141306,127.1214992,bus,bus,bus_station_seoul_cleaned.csv
신구블레스밸리,,37.51161754,127.1218814,bus,bus,bus_station_seoul_cleaned.csv
방이동대림.코오롱아파트,,37.50918638,127.124238,bus,bus,bus_station_seoul_cleaned.csv
방이동대림.코오롱아파트,,37.50955878,127.1240112,bus,bus,bus_station_seoul_cleaned.csv
올림픽회관,,37.52091259,127.1151502,bus,bus,bus_station_seoul_cleaned.csv
풍납동극동.쌍용아파트,,37.52684322,127.1186989,bus,bus,bus_station_seoul_cleaned.csv
한성백제박물관,,37.51552827,127.1193031,bus,bus,bus_station_seoul_cleaned.csv
서울체육중.고등학교,,37.52220315,127.131378,bus,bus,bus_station_seoul_cleaned.csv
둔촌오륜역.서문교회,,37.51846577,127.1397436,bus,bus,bus_station_seoul_cleaned.csv
서하남IC입구,,37.51710372,127.1428138,bus,bus,bus_station_seoul_cleaned.csv
효죽동입구,,37.513062,127.142062,bus,bus,bus_station_seoul_cleaned.csv
포레나송파정문,,37.48711324,127.1481049,bus,bus,bus_station_seoul_cleaned.csv
올림픽공원장미광장,,37.51288346,127.126159,bus,bus,bus_station_seoul_cleaned.csv
올림픽공원남2문,,37.51462246,127.1218099,bus,bus,bus_station_seoul_cleaned.csv
몽촌토성역.한성백제역,,37.51719976,127.1146313,bus,bus,bus_station_seoul_cleaned.csv
보성중고등학교,,37.52002252,127.133569,bus,bus,bus_station_seoul_cleaned.csv
보성중고등학교,,37.51973484,127.1330029,bus,bus,bus_station_seoul_cleaned.csv
올림픽공원역,,37.51671779,127.1308989,bus,bus,bus_station_seoul_cleaned.csv
올림픽공원역,,37.51632427,127.1314785,bus,bus,bus_station_seoul_cleaned.csv
올림픽공원테니스장,,37.5132953,127.1285972,bus,bus,bus_station_seoul_cleaned.csv
올림픽선수촌아파트,,37.51332153,127.1293296,bus,bus,bus_station_seoul_cleaned.csv
방이역,,37.50885111,127.1264972,bus,bus,bus_station_seoul_cleaned.csv
오금역.오금동현대아파트,,37.50329446,127.1264326,bus,bus,bus_station_seoul_cleaned.csv
오금공원앞,,37.49922351,127.132975,bus,bus,bus_station_seoul_cleaned.csv
개롱역.오금동상아아파트,,37.49765382,127.135938,bus,bus,bus_station_seoul_cleaned.csv
보인고교.오금동삼성아파트,,37.49644689,127.1382257,bus,bus,bus_station_seoul_cleaned.csv
송파사회복지관.성요셉성당,,37.49807896,127.1407037,bus,bus,bus_station_seoul_cleaned.csv
거여초등학교,,37.50254811,127.1402155,bus,bus,bus_station_seoul_cleaned.csv
거여초등학교,,37.50241,127.140012,bus,bus,bus_station_seoul_cleaned.csv
송파참병원,,37.50361999,127.1375165,bus,bus,bus_station_seoul_cleaned.csv
송파참병원,,37.50386251,127.1374118,bus,bus,bus_station_seoul_cleaned.csv
신흥운수입구,,37.50435053,127.1353926,bus,bus,bus_station_seoul_cleaned.csv
신흥운수입구,,37.50503367,127.1341531,bus,bus,bus_station_seoul_cleaned.csv
송파레미니스후문,,37.50615316,127.13545,bus,bus,bus_station_seoul_cleaned.csv
송파레미니스후문,,37.506195,127.135317,bus,bus,bus_station_seoul_cleaned.csv
오금공원사거리,,37.50603417,127.1310601,bus,bus,bus_station_seoul_cleaned.csv
오금공원사거리,,37.50637915,127.1310587,bus,bus,bus_station_seoul_cleaned.csv
오금동대림아파트,,37.50791594,127.1279924,bus,bus,bus_station_seoul_cleaned.csv
오금동대림아파트,,37.50765103,127.1281153,bus,bus,bus_station_seoul_cleaned.csv
송파도서관,,37.500556,127.136481,bus,bus,bus_station_seoul_cleaned.csv
우창아파트,,37.49975054,127.136064,bus,bus,bus_station_seoul_cleaned.csv
오금동사거리,,37.50274368,127.1378916,bus,bus,bus_station_seoul_cleaned.csv
오금동사거리,,37.502775,127.138162,bus,bus,bus_station_seoul_cleaned.csv
거여역1번출구,,37.49405409,127.1426662,bus,bus,bus_station_seoul_cleaned.csv
거여역8번출구.현대1차아파트,,37.49381766,127.1424783,bus,bus,bus_station_seoul_cleaned.csv
송파체육문회회관.서울인공지능고,,37.49080385,127.1433758,bus,bus,bus_station_seoul_cleaned.csv
거여역2번출구,,37.49431196,127.1447634,bus,bus,bus_station_seoul_cleaned.csv
송파사회복지관.성요셉성당,,37.498118,127.140953,bus,bus,bus_station_seoul_cleaned.csv
송파체육문회회관.거여아파트단지,,37.49046389,127.1435753,bus,bus,bus_station_seoul_cleaned.csv
거여역5번출구,,37.49290375,127.1456767,bus,bus,bus_station_seoul_cleaned.csv
거여역4번출구,,37.49313922,127.1456918,bus,bus,bus_station_seoul_cleaned.csv
송파파크센트럴,,37.492941,127.148924,bus,bus,bus_station_seoul_cleaned.csv
거여삼거리,,37.492768,127.152763,bus,bus,bus_station_seoul_cleaned.csv
비호아파트,,37.49200546,127.154184,bus,bus,bus_station_seoul_cleaned.csv
동현빌딩,,37.50532,127.135,bus,bus,bus_station_seoul_cleaned.csv
마천1동주민센터.송파롯데캐슬,,37.49576854,127.1496063,bus,bus,bus_station_seoul_cleaned.csv
마천2동주민센터.송파롯데캐슬,,37.49673885,127.1482314,bus,bus,bus_station_seoul_cleaned.csv
거여역3번출구.현대2차아파트,,37.49428075,127.1450942,bus,bus,bus_station_seoul_cleaned.csv
마천1동주민센터,,37.49571039,127.1498825,bus,bus,bus_station_seoul_cleaned.csv
마천역.송파파크센트럴,,37.49345553,127.1522337,bus,bus,bus_station_seoul_cleaned.csv
비호아파트,,37.492178,127.15409,bus,bus,bus_station_seoul_cleaned.csv
남한산성입구,,37.490972,127.157155,bus,bus,bus_station_seoul_cleaned.csv
송파구립마천청소년센터,,37.491982,127.156552,bus,bus,bus_station_seoul_cleaned.csv
송파구립마천청소년센터,,37.49183309,127.1567901,bus,bus,bus_station_seoul_cleaned.csv
송파보훈회관.금호어울림2차,,37.4939681,127.1558085,bus,bus,bus_station_seoul_cleaned.csv
송파보훈회관.금호어울림2차,,37.493992,127.155567,bus,bus,bus_station_seoul_cleaned.csv
마천동금호어울림1차아파트,,37.49719974,127.1541947,bus,bus,bus_station_seoul_cleaned.csv
마천동금호어울림1차아파트,,37.497978,127.154075,bus,bus,bus_station_seoul_cleaned.csv
마천시장.마천동우방아파트앞,,37.499937,127.15151,bus,bus,bus_station_seoul_cleaned.csv
남천초교.마천동우방아파트앞,,37.49991862,127.1519313,bus,bus,bus_station_seoul_cleaned.csv
청암노인요양원,,37.501352,127.148553,bus,bus,bus_station_seoul_cleaned.csv
청암노인요양원,,37.5010794,127.1500523,bus,bus,bus_station_seoul_cleaned.csv
마천사거리,,37.49852935,127.1466291,bus,bus,bus_station_seoul_cleaned.csv
마천사거리,,37.49872,127.1471,bus,bus,bus_station_seoul_cleaned.csv
마천2동윤진빌딩.신동아아파트,,37.49963579,127.1440592,bus,bus,bus_station_seoul_cleaned.csv
마천2동윤진빌딩.신동아아파트,,37.49967595,127.1442444,bus,bus,bus_station_seoul_cleaned.csv
마천2동주민센터,,37.49701395,127.1480088,bus,bus,bus_station_seoul_cleaned.csv
성내천공원,,37.50072,127.147632,bus,bus,bus_station_seoul_cleaned.csv
복정역1번출구,,37.47232366,127.1271368,bus,bus,bus_station_seoul_cleaned.csv
거여1동주민센터,,37.49634565,127.1456268,bus,bus,bus_station_seoul_cleaned.csv
건영아파트,,37.481675,127.126677,bus,bus,bus_station_seoul_cleaned.csv
문현중학교,,37.479987,127.12675,bus,bus,bus_station_seoul_cleaned.csv
문현중학교,,37.48007431,127.1269148,bus,bus,bus_station_seoul_cleaned.csv
문덕초등학교.문정고등학교,,37.48368108,127.1264052,bus,bus,bus_station_seoul_cleaned.csv
문정푸르지오1차아파트,,37.486465,127.12834,bus,bus,bus_station_seoul_cleaned.csv
힐스테이트e편한세상문정,,37.48892393,127.1319278,bus,bus,bus_station_seoul_cleaned.csv
문정시영.가락프라자아파트,,37.49122303,127.1345693,bus,bus,bus_station_seoul_cleaned.csv
문정시영.세양청마루아파트,,37.49238684,127.1359636,bus,bus,bus_station_seoul_cleaned.csv
한림연예예술고교,,37.48536878,127.1314175,bus,bus,bus_station_seoul_cleaned.csv
한림연예예술고교,,37.485403,127.131745,bus,bus,bus_station_seoul_cleaned.csv
문현초등학교,,37.482985,127.128678,bus,bus,bus_station_seoul_cleaned.csv
문현초등학교,,37.48338375,127.1289699,bus,bus,bus_station_seoul_cleaned.csv
문정1동주민센터.로데오거리,,37.49039611,127.1245253,bus,bus,bus_station_seoul_cleaned.csv
위례포레샤인18단지,,37.48924134,127.1526632,bus,bus,bus_station_seoul_cleaned.csv
위례포레샤인18단지,,37.48900911,127.1517962,bus,bus,bus_station_seoul_cleaned.csv
문덕초등학교.문정고등학교,,37.483395,127.126295,bus,bus,bus_station_seoul_cleaned.csv
문정푸르지오2차아파트,,37.48715761,127.1271778,bus,bus,bus_station_seoul_cleaned.csv
문정푸르지오2차아파트,,37.486845,127.126833,bus,bus,bus_station_seoul_cleaned.csv
문정동래미안아파트,,37.49204203,127.1293382,bus,bus,bus_station_seoul_cleaned.csv
문정래미안현대아파트앞,,37.491672,127.128978,bus,bus,bus_station_seoul_cleaned.csv
가락현대1차아파트후문,,37.49066063,127.127618,bus,bus,bus_station_seoul_cleaned.csv
가락현대1차아파트후문,,37.49032632,127.1276151,bus,bus,bus_station_seoul_cleaned.csv
가락현대1차아파트정문,,37.49275424,127.1289549,bus,bus,bus_station_seoul_cleaned.csv
문정역2번출구,,37.48625123,127.1245155,bus,bus,bus_station_seoul_cleaned.csv
문정역2번출구,,37.48612299,127.1246073,bus,bus,bus_station_seoul_cleaned.csv
두댐이공원,,37.48921006,127.1318746,bus,bus,bus_station_seoul_cleaned.csv
문정2동주민센터.송파청소년센터,,37.49047681,127.1125409,bus,bus,bus_station_seoul_cleaned.csv
훼미리근린공원,,37.4911855,127.11491,bus,bus,bus_station_seoul_cleaned.csv
문정로데오거리입구,,37.49102561,127.1194205,bus,bus,bus_station_seoul_cleaned.csv
포레나송파정문,,37.48707131,127.1485868,bus,bus,bus_station_seoul_cleaned.csv
서울위례별초교,,37.478319,127.143837,bus,bus,bus_station_seoul_cleaned.csv
오금역2번출구,,37.50183266,127.1287989,bus,bus,bus_station_seoul_cleaned.csv
오금역3번출구,,37.50129131,127.128894,bus,bus,bus_station_seoul_cleaned.csv
장지동,,37.46914722,127.1263367,bus,bus,bus_station_seoul_cleaned.csv
위례포레샤인18단지남문,,37.48690084,127.1527658,bus,bus,bus_station_seoul_cleaned.csv
힐스테이트센트럴위례,,37.486908,127.153384,bus,bus,bus_station_seoul_cleaned.csv
가윤예식장,,37.49275093,127.1253326,bus,bus,bus_station_seoul_cleaned.csv
가락동미륭아파트,,37.49266221,127.1282355,bus,bus,bus_station_seoul_cleaned.csv
가락쌍용1차아파트,,37.49438361,127.1304313,bus,bus,bus_station_seoul_cleaned.csv
송파중학교,,37.49637296,127.1315012,bus,bus,bus_station_seoul_cleaned.csv
가락현대5차아파트,,37.500158,127.130629,bus,bus,bus_station_seoul_cleaned.csv
개롱역3번출구,,37.49766656,127.1353725,bus,bus,bus_station_seoul_cleaned.csv
보인고교.가락삼환아파트,,37.496575,127.137465,bus,bus,bus_station_seoul_cleaned.csv
송파배드민턴체육관,,37.49446328,127.1380347,bus,bus,bus_station_seoul_cleaned.csv
문정시영.세영청마루아파트,,37.49245561,127.1357194,bus,bus,bus_station_seoul_cleaned.csv
문정시영.가락프라자아파트,,37.49072687,127.1337169,bus,bus,bus_station_seoul_cleaned.csv
가락프라자아파트정문,,37.49310896,127.1340582,bus,bus,bus_station_seoul_cleaned.csv
가락프라자아파트정문,,37.49306077,127.1342993,bus,bus,bus_station_seoul_cleaned.csv
가락극동아파트정문,,37.49488836,127.1321418,bus,bus,bus_station_seoul_cleaned.csv
가락극동아파트정문,,37.49528444,127.1313315,bus,bus,bus_station_seoul_cleaned.csv
가락동극동아파트,,37.49625726,127.1318313,bus,bus,bus_station_seoul_cleaned.csv
가락쌍용1차아파트,,37.49394541,127.1298583,bus,bus,bus_station_seoul_cleaned.csv
가주초등학교,,37.49714542,127.1288572,bus,bus,bus_station_seoul_cleaned.csv
가동초등학교,,37.49754567,127.1286578,bus,bus,bus_station_seoul_cleaned.csv
가락2동주민센터,,37.49886329,127.1268493,bus,bus,bus_station_seoul_cleaned.csv
가락2동주민센터,,37.49876612,127.1267123,bus,bus,bus_station_seoul_cleaned.csv
가락시장.가락시장역,,37.49444786,127.1172843,bus,bus,bus_station_seoul_cleaned.csv
문정로데오거리입구,,37.49045997,127.1204717,bus,bus,bus_station_seoul_cleaned.csv
문정1동주민센터.로데오거리,,37.49065985,127.1243322,bus,bus,bus_station_seoul_cleaned.csv
건너말공원입구,,37.49271432,127.1250181,bus,bus,bus_station_seoul_cleaned.csv
샛별어린이공원입구,,37.49753951,127.1208958,bus,bus,bus_station_seoul_cleaned.csv
샛별어린이공원입구,,37.49758954,127.1212536,bus,bus,bus_station_seoul_cleaned.csv
송파경찰서.오금역,,37.50266982,127.1268713,bus,bus,bus_station_seoul_cleaned.csv
가락쌍용2차아파트,,37.50251491,127.1221013,bus,bus,bus_station_seoul_cleaned.csv
가락대림아파트,,37.49968151,127.1179869,bus,bus,bus_station_seoul_cleaned.csv
신가초등학교,,37.498817,127.120215,bus,bus,bus_station_seoul_cleaned.csv
신가초등학교,,37.49842923,127.1201688,bus,bus,bus_station_seoul_cleaned.csv
석촌중학교후문,,37.49983357,127.1229196,bus,bus,bus_station_seoul_cleaned.csv
석촌중학교후문,,37.49985836,127.1232035,bus,bus,bus_station_seoul_cleaned.csv
포레나송파,,37.48470463,127.1492506,bus,bus,bus_station_seoul_cleaned.csv
경찰병원.KT가락지사,,37.49592616,127.1222432,bus,bus,bus_station_seoul_cleaned.csv
경찰병원.KT가락지사,,37.49623499,127.1223708,bus,bus,bus_station_seoul_cleaned.csv
경찰병원.서울동부고용노동지청,,37.49467367,127.1223373,bus,bus,bus_station_seoul_cleaned.csv
가락시장역4번출구.제일오피스텔,,37.49321671,127.1197228,bus,bus,bus_station_seoul_cleaned.csv
위례호반써밋,,37.48432115,127.1496483,bus,bus,bus_station_seoul_cleaned.csv
경찰병원.서울동부고용노동지청,,37.49442559,127.1226224,bus,bus,bus_station_seoul_cleaned.csv
북위례입구,,37.488952,127.156522,bus,bus,bus_station_seoul_cleaned.csv
북위례입구,,37.48866602,127.1567449,bus,bus,bus_station_seoul_cleaned.csv
가락시장.가락시장역,,37.49376287,127.1171509,bus,bus,bus_station_seoul_cleaned.csv
가락시장.가락몰,,37.491843,127.115874,bus,bus,bus_station_seoul_cleaned.csv
가락시장남문,,37.49078192,127.1122487,bus,bus,bus_station_seoul_cleaned.csv
가락시장?헬리오시티,,37.49438404,127.1049619,bus,bus,bus_station_seoul_cleaned.csv
가락시장.헬리오시티,,37.4951999,127.1062543,bus,bus,bus_station_seoul_cleaned.csv
가락1동주민센터,,37.49629776,127.1098466,bus,bus,bus_station_seoul_cleaned.csv
서울방이동고분군,,37.50820966,127.1161985,bus,bus,bus_station_seoul_cleaned.csv
문정푸르지오1차아파트,,37.48666414,127.1283056,bus,bus,bus_station_seoul_cleaned.csv
토성오거리,,37.53206188,127.1190834,bus,bus,bus_station_seoul_cleaned.csv
풍납토성서성벽,,37.52979578,127.1098763,bus,bus,bus_station_seoul_cleaned.csv
가락시장동문,,37.49514632,127.1160111,bus,bus,bus_station_seoul_cleaned.csv
몽촌토성역.한성백제역,,37.51704039,127.1136028,bus,bus,bus_station_seoul_cleaned.csv
풍납동강변현대아파트,,37.53363504,127.111217,bus,bus,bus_station_seoul_cleaned.csv
서울위례별초교.위례별유치원,,37.47803397,127.1448746,bus,bus,bus_station_seoul_cleaned.csv
송례중학교.송파꿈에그린,,37.47731013,127.1414973,bus,bus,bus_station_seoul_cleaned.csv
홍이공원,,37.50020542,127.124792,bus,bus,bus_station_seoul_cleaned.csv
홍이공원,,37.50041498,127.1248262,bus,bus,bus_station_seoul_cleaned.csv
송파파크센트럴,,37.49265523,127.1495066,bus,bus,bus_station_seoul_cleaned.csv
거여역7번출구,,37.492387,127.143927,bus,bus,bus_station_seoul_cleaned.csv
거여역6번출구,,37.49195738,127.1440918,bus,bus,bus_station_seoul_cleaned.csv
덕수고등학교,,37.48555761,127.146225,bus,bus,bus_station_seoul_cleaned.csv
풍납2동주민센터,,37.52956,127.116059,bus,bus,bus_station_seoul_cleaned.csv
복정역환승센터1번승강장,,37.47012477,127.1273151,bus,bus,bus_station_seoul_cleaned.csv
오륜사거리,,37.50539721,127.1392233,bus,bus,bus_station_seoul_cleaned.csv
오륜사거리,,37.50453633,127.1386561,bus,bus,bus_station_seoul_cleaned.csv
위례중앙푸르지오.신안인스빌,,37.47484144,127.1433043,bus,bus,bus_station_seoul_cleaned.csv
위례신안인스빌.중앙푸르지오,,37.47571241,127.1439249,bus,bus,bus_station_seoul_cleaned.csv
송파와이즈더샵.위례센트로엘,,37.47710378,127.1440807,bus,bus,bus_station_seoul_cleaned.csv
송파와이즈더샵.위례센트로엘,,37.47760847,127.1443893,bus,bus,bus_station_seoul_cleaned.csv
위례별초등학교.위례2차아이파크,,37.47953907,127.1442347,bus,bus,bus_station_seoul_cleaned.csv
위례별초등학교.위례스타힐스,,37.48033832,127.1445585,bus,bus,bus_station_seoul_cleaned.csv
위례동주민센터.위례스타힐스,,37.48135706,127.1436821,bus,bus,bus_station_seoul_cleaned.csv
위례동주민센터.위례송파푸르지오,,37.48156139,127.1429793,bus,bus,bus_station_seoul_cleaned.csv
힐스테이트송파.송파더센트레,,37.47948437,127.1419922,bus,bus,bus_station_seoul_cleaned.csv
송파더센트레.힐스테이트송파,,37.47944534,127.1416455,bus,bus,bus_station_seoul_cleaned.csv
복정역2번출구,,37.46928382,127.1268695,bus,bus,bus_station_seoul_cleaned.csv
세계로병원,,37.48655181,127.1418426,bus,bus,bus_station_seoul_cleaned.csv
세계로병원,,37.487287,127.141787,bus,bus,bus_station_seoul_cleaned.csv
덕수고등학교,,37.48543139,127.1462869,bus,bus,bus_station_seoul_cleaned.csv
송파레이크파크호반써밋1차,,37.48389554,127.1404158,bus,bus,bus_station_seoul_cleaned.csv
송파레이크파크호반써밋2차,,37.48346957,127.1406157,bus,bus,bus_station_seoul_cleaned.csv
위례포레샤인13단지,,37.48295605,127.1386672,bus,bus,bus_station_seoul_cleaned.csv
송파레이크파크호반써밋1차정문,,37.48318875,127.1380741,bus,bus,bus_station_seoul_cleaned.csv
송파위례리슈빌,,37.48418381,127.1478419,bus,bus,bus_station_seoul_cleaned.csv
남한산성입구,,37.49096,127.157278,bus,bus,bus_station_seoul_cleaned.csv
서울아산병원장례식장,,37.52463958,127.1074534,bus,bus,bus_station_seoul_cleaned.csv
갑을.미성아파트,,37.53529619,127.112481,bus,bus,bus_station_seoul_cleaned.csv
송파배드민턴체육관,,37.49420734,127.1380636,bus,bus,bus_station_seoul_cleaned.csv
위례31단지정문,,37.47348826,127.1327886,bus,bus,bus_station_seoul_cleaned.csv
풍납중학교앞,,37.52477282,127.1152308,bus,bus,bus_station_seoul_cleaned.csv
복정역3번출구,,37.46973206,127.1239612,bus,bus,bus_station_seoul_cleaned.csv
새마을시장,,37.50885772,127.086733,bus,bus,bus_station_seoul_cleaned.csv
잠실학원사거리.잠실트리지움남문,,37.50758601,127.0893716,bus,bus,bus_station_seoul_cleaned.csv
삼전역.잠실현대아파트,,37.503762,127.087268,bus,bus,bus_station_seoul_cleaned.csv
위례포레샤인.위례31단지후문,,37.47485239,127.1339747,bus,bus,bus_station_seoul_cleaned.csv
위례31단지.위례포레샤인후문,,37.47464993,127.133737,bus,bus,bus_station_seoul_cleaned.csv
위례송파더센트레.송파푸르지오,,37.47947164,127.1384658,bus,bus,bus_station_seoul_cleaned.csv
장지역2번출구,,37.47827237,127.1266732,bus,bus,bus_station_seoul_cleaned.csv
위례송파푸르지오.송파더센트레,,37.480622,127.13887,bus,bus,bus_station_seoul_cleaned.csv
가락시장역5번출구,,37.49267405,127.1195353,bus,bus,bus_station_seoul_cleaned.csv
올림픽대교남단교차로,,37.525152,127.11681,bus,bus,bus_station_seoul_cleaned.csv
장지공영차고지,,37.48051079,127.1358871,bus,bus,bus_station_seoul_cleaned.csv
장지공영차고지,,37.48056062,127.1356441,bus,bus,bus_station_seoul_cleaned.csv
아이코리아,,37.48096864,127.1333949,bus,bus,bus_station_seoul_cleaned.csv
송파파인타운11.12단지,,37.479127,127.132114,bus,bus,bus_station_seoul_cleaned.csv
송파파인타운7단지,,37.47903117,127.1316532,bus,bus,bus_station_seoul_cleaned.csv
송파파인타운10단지.13단지,,37.47759448,127.1292369,bus,bus,bus_station_seoul_cleaned.csv
송파파인타운8단지.9단지,,37.47808677,127.1274733,bus,bus,bus_station_seoul_cleaned.csv
송파구립산모건강증진센터,,37.47798449,127.1273092,bus,bus,bus_station_seoul_cleaned.csv
장지동주민센터앞,,37.48669447,127.1328865,bus,bus,bus_station_seoul_cleaned.csv
장지동주민센터.송파파인타운1단지,,37.486505,127.132993,bus,bus,bus_station_seoul_cleaned.csv
잠실여고후문,,37.50250109,127.111619,bus,bus,bus_station_seoul_cleaned.csv
건영아파트앞,,37.481838,127.126489,bus,bus,bus_station_seoul_cleaned.csv
잠실새내역2번출구,,37.51042245,127.0860381,bus,bus,bus_station_seoul_cleaned.csv
삼성래미안파크팰리스아파트앞,,37.499257,127.132413,bus,bus,bus_station_seoul_cleaned.csv
서울버스종점,,37.4806082,127.1369279,bus,bus,bus_station_seoul_cleaned.csv
서울버스종점,,37.48037961,127.1377802,bus,bus,bus_station_seoul_cleaned.csv
송파파인타운2단지.한림예고,,37.485133,127.132647,bus,bus,bus_station_seoul_cleaned.csv
송파파인타운3단지.한림예고,,37.484826,127.132645,bus,bus,bus_station_seoul_cleaned.csv
송파글마루도서관.버들어린이집,,37.481607,127.131555,bus,bus,bus_station_seoul_cleaned.csv
송파글마루도서관.버들어린이집,,37.481598,127.131337,bus,bus,bus_station_seoul_cleaned.csv
문현고등학교.송파파인타운5단지,,37.480632,127.129475,bus,bus,bus_station_seoul_cleaned.csv
문현고등학교,,37.48066254,127.1291235,bus,bus,bus_station_seoul_cleaned.csv
풍납현대아파트,,37.52875878,127.1193611,bus,bus,bus_station_seoul_cleaned.csv
문정3차푸르지오아파트.송파파인타운1단지,,37.48667385,127.1335864,bus,bus,bus_station_seoul_cleaned.csv
문정3차푸르지오아파트.송파파인타운1단지,,37.48648395,127.1333837,bus,bus,bus_station_seoul_cleaned.csv
아이코리아앞,,37.48096,127.13364,bus,bus,bus_station_seoul_cleaned.csv
가든파이브웍스동,,37.478215,127.121195,bus,bus,bus_station_seoul_cleaned.csv
가든파이브웍스동,,37.47825461,127.1212594,bus,bus,bus_station_seoul_cleaned.csv
위례31단지정문,,37.47258995,127.132279,bus,bus,bus_station_seoul_cleaned.csv
장지역.가든파이브라이프동,,37.47907241,127.1246144,bus,bus,bus_station_seoul_cleaned.csv
장지역.가든파이브라이프동,,37.479007,127.124888,bus,bus,bus_station_seoul_cleaned.csv
가든파이프툴동,,37.47914773,127.1193612,bus,bus,bus_station_seoul_cleaned.csv
가든파이브툴동,,37.47899698,127.1193072,bus,bus,bus_station_seoul_cleaned.csv
잠실대교전망쉼터,,37.52010715,127.0951336,bus,bus,bus_station_seoul_cleaned.csv
잠실대교전망쉼터,,37.519993,127.09479,bus,bus,bus_station_seoul_cleaned.csv
석촌호수서호사거리,,37.50632125,127.0984076,bus,bus,bus_station_seoul_cleaned.csv
석촌호수서호사거리,,37.50658902,127.0992351,bus,bus,bus_station_seoul_cleaned.csv
미켈란호수가아파트,,37.50765632,127.1026501,bus,bus,bus_station_seoul_cleaned.csv
미켈란호수가아파트,,37.50819775,127.1031125,bus,bus,bus_station_seoul_cleaned.csv
호수임광아파트,,37.51062634,127.1067264,bus,bus,bus_station_seoul_cleaned.csv
호수임광아파트,,37.51138824,127.1072025,bus,bus,bus_station_seoul_cleaned.csv
송파파인타운아파트11단지,,37.47836715,127.1332433,bus,bus,bus_station_seoul_cleaned.csv
송파파인타운아파트11단지,,37.47845968,127.1331775,bus,bus,bus_station_seoul_cleaned.csv
문정중학교후문,,37.48864871,127.1302736,bus,bus,bus_station_seoul_cleaned.csv
문정동래미안아파트남문,,37.48883097,127.1304464,bus,bus,bus_station_seoul_cleaned.csv
파크데일아파트입구,,37.49753896,127.1548937,bus,bus,bus_station_seoul_cleaned.csv
위례아이파크아파트앞,,37.47586878,127.1411478,bus,bus,bus_station_seoul_cleaned.csv
송파더센트레.송례초앞,,37.47853828,127.1391565,bus,bus,bus_station_seoul_cleaned.csv
송파더센트레.송례중앞,,37.47821593,127.1407082,bus,bus,bus_station_seoul_cleaned.csv
송파꿈에그린아파트,,37.47494484,127.1407699,bus,bus,bus_station_seoul_cleaned.csv
송파푸르지오시티.한화오벨리스크,,37.48102787,127.1201782,bus,bus,bus_station_seoul_cleaned.csv
송파푸르지오시티.한화오벨리스크,,37.48080016,127.120387,bus,bus,bus_station_seoul_cleaned.csv
파크데일아파트입구,,37.49777754,127.1547623,bus,bus,bus_station_seoul_cleaned.csv
복정역,,37.47006516,127.1257548,bus,bus,bus_station_seoul_cleaned.csv
복정역환승센터2번승강장,,37.46982976,127.127412,bus,bus,bus_station_seoul_cleaned.csv
송파.잠실세무서,,37.52678395,127.1153595,bus,bus,bus_station_seoul_cleaned.csv
복정역환승센터3번승강장,,37.46992977,127.1275898,bus,bus,bus_station_seoul_cleaned.csv
송파역,,37.49987368,127.1123582,bus,bus,bus_station_seoul_cleaned.csv
복정역환승센터4번승강장,,37.46982726,127.1276409,bus,bus,bus_station_seoul_cleaned.csv
송파역.헬리오시티,,37.499696,127.11185,bus,bus,bus_station_seoul_cleaned.csv
송례중학교.위례아이파크,,37.47769127,127.1418223,bus,bus,bus_station_seoul_cleaned.csv
잠실4동주민센터.파크리오B상가,,37.52011331,127.113075,bus,bus,bus_station_seoul_cleaned.csv
송파호반베르디움더퍼스트,,37.50685257,127.1409197,bus,bus,bus_station_seoul_cleaned.csv
오륜사거리,,37.5076049,127.1390323,bus,bus,bus_station_seoul_cleaned.csv
세륜중학교,,37.50773598,127.1327809,bus,bus,bus_station_seoul_cleaned.csv
오금공원,,37.50637195,127.1318935,bus,bus,bus_station_seoul_cleaned.csv
오금역.오금고교,,37.50302358,127.1288453,bus,bus,bus_station_seoul_cleaned.csv
송파삼성래미안아파트,,37.50468176,127.1199758,bus,bus,bus_station_seoul_cleaned.csv
송파현대아파트.가락중학교,,37.50299524,127.1182081,bus,bus,bus_station_seoul_cleaned.csv
가락고등학교,,37.50165249,127.1173726,bus,bus,bus_station_seoul_cleaned.csv
가락동부센트레빌아파트,,37.49929408,127.1173972,bus,bus,bus_station_seoul_cleaned.csv
가락중학교,,37.50209169,127.1174129,bus,bus,bus_station_seoul_cleaned.csv
가락중학교.래미안송파파인탑,,37.50305012,127.118551,bus,bus,bus_station_seoul_cleaned.csv
가락삼익맨숀,,37.50532066,127.1207656,bus,bus,bus_station_seoul_cleaned.csv
오금역.오금고교,,37.50264267,127.1290567,bus,bus,bus_station_seoul_cleaned.csv
오금공원,,37.50534502,127.1316966,bus,bus,bus_station_seoul_cleaned.csv
세륜중학교,,37.50697688,127.1327852,bus,bus,bus_station_seoul_cleaned.csv
송파호반베르디움더퍼스트,,37.5066071,127.140874,bus,bus,bus_station_seoul_cleaned.csv
송파파인타운1단지,,37.485924,127.1335564,bus,bus,bus_station_seoul_cleaned.csv
송파파인타운2단지,,37.48316728,127.1312223,bus,bus,bus_station_seoul_cleaned.csv
송파파크하비오푸르지오,,37.48123083,127.1221458,bus,bus,bus_station_seoul_cleaned.csv
서울동부지방법원.검찰청,,37.48350939,127.1209227,bus,bus,bus_station_seoul_cleaned.csv
문정법조단지,,37.4857853,127.1178396,bus,bus,bus_station_seoul_cleaned.csv
올림픽훼밀리타운아파트,,37.48639664,127.114335,bus,bus,bus_station_seoul_cleaned.csv
올림픽훼밀리타운아파트,,37.48618521,127.1143069,bus,bus,bus_station_seoul_cleaned.csv
문정법조단지,,37.48546156,127.1172088,bus,bus,bus_station_seoul_cleaned.csv
서울동부지방법원.검찰청,,37.48393337,127.1204231,bus,bus,bus_station_seoul_cleaned.csv
송파아이파크오피스텔,,37.48013589,127.1223532,bus,bus,bus_station_seoul_cleaned.csv
송파파인타운3단지,,37.48349554,127.1317656,bus,bus,bus_station_seoul_cleaned.csv
송파파인타운1단지,,37.48565598,127.1336281,bus,bus,bus_station_seoul_cleaned.csv
석촌역4번출구,,37.50449715,127.1082078,bus,bus,bus_station_seoul_cleaned.csv
잠실역.롯데호텔,,37.51174536,127.1009964,bus,bus,bus_station_seoul_cleaned.csv
석촌역5번출구,,37.50439186,127.1075771,bus,bus,bus_station_seoul_cleaned.csv
송파레이크파크호반써밋1차후문,,37.48537794,127.1402122,bus,bus,bus_station_seoul_cleaned.csv
문정역테라타워,,37.48470834,127.1203282,bus,bus,bus_station_seoul_cleaned.csv
서울한방병원,,37.48560518,127.1154762,bus,bus,bus_station_seoul_cleaned.csv
힐스테이트에코송파,,37.48560087,127.1152699,bus,bus,bus_station_seoul_cleaned.csv
문정현대지식산업센터,,37.48550417,127.1196511,bus,bus,bus_station_seoul_cleaned.csv
송파레이크파크호반써밋1차후문,,37.48510454,127.1400481,bus,bus,bus_station_seoul_cleaned.csv
롯데월드.샤롯데,,37.51080004,127.1007139,bus,bus,bus_station_seoul_cleaned.csv
잠실롯데월드,,37.51013229,127.0986614,bus,bus,bus_station_seoul_cleaned.csv
레이크팰리스아파트,,37.50891933,127.0972743,bus,bus,bus_station_seoul_cleaned.csv
삼전동주민센터,,37.503537,127.091536,bus,bus,bus_station_seoul_cleaned.csv
삼전역,,37.50390498,127.0890344,bus,bus,bus_station_seoul_cleaned.csv
레이크팰리스아파트,,37.50837173,127.0975648,bus,bus,bus_station_seoul_cleaned.csv
잠실롯데월드,,37.50984848,127.0986441,bus,bus,bus_station_seoul_cleaned.csv
롯데월드.샤롯데,,37.5105674,127.1008817,bus,bus,bus_station_seoul_cleaned.csv
잠실역2번출구,,37.512089,127.101458,bus,bus,bus_station_seoul_cleaned.csv
글샘공원.송파파크하비오푸르지오,,37.479108,127.123245,bus,bus,bus_station_seoul_cleaned.csv
잠실나루역,,37.52057,127.104951,bus,bus,bus_station_seoul_cleaned.csv
잠실나루역,,37.520416,127.104677,bus,bus,bus_station_seoul_cleaned.csv
장지역.한우물공원,,37.479268,127.125119,bus,bus,bus_station_seoul_cleaned.csv
송파위례리슈빌,,37.484226,127.147733,bus,bus,bus_station_seoul_cleaned.csv
장미아파트,,37.51734877,127.101971,bus,bus,bus_station_seoul_cleaned.csv
잠실파크리오아파트,,37.51950434,127.1111729,bus,bus,bus_station_seoul_cleaned.csv
효죽동입구,,37.513338,127.142482,bus,bus,bus_station_seoul_cleaned.csv
잠실롯데월드호텔.롯데타워,,37.51073554,127.1005887,bus,bus,bus_station_seoul_cleaned.csv
위례포레샤인.송파꿈에그린서문,,37.47732185,127.1372888,bus,bus,bus_station_seoul_cleaned.csv
송파꿈에그린서문.위례포레샤인,,37.47661211,127.1374571,bus,bus,bus_station_seoul_cleaned.csv
복정역환승주차장,,37.470728,127.128144,bus,bus,bus_station_seoul_cleaned.csv
잠실새내역,,37.511957,127.08406,bus,bus,bus_station_seoul_cleaned.csv
잠실종합운동장,,37.51110665,127.0721955,bus,bus,bus_station_seoul_cleaned.csv
잠실종합운동장,,37.510689,127.073353,bus,bus,bus_station_seoul_cleaned.csv
잠실역,,37.51266671,127.0969964,bus,bus,bus_station_seoul_cleaned.csv
잠실새내역,,37.5114109,127.0836049,bus,bus,bus_station_seoul_cleaned.csv
가락동,,37.4912598,127.1146567,bus,bus,bus_station_seoul_cleaned.csv
경찰병원.서울동부고용노동지청,,37.49416477,127.1221697,bus,bus,bus_station_seoul_cleaned.csv
경찰병원.서울동부고용노동지청,,37.49445009,127.1221914,bus,bus,bus_station_seoul_cleaned.csv
가락동,,37.491693,127.115336,bus,bus,bus_station_seoul_cleaned.csv
올림픽선수촌아파트,,37.5161644,127.1311811,bus,bus,bus_station_seoul_cleaned.csv
올림픽선수촌아파트,,37.51644632,127.1308621,bus,bus,bus_station_seoul_cleaned.csv
오금역,,37.50118007,127.1276491,bus,bus,bus_station_seoul_cleaned.csv
오금역,,37.50060225,127.1266416,bus,bus,bus_station_seoul_cleaned.csv
오금동,,37.50609909,127.1321673,bus,bus,bus_station_seoul_cleaned.csv
오금동,,37.50668181,127.1320894,bus,bus,bus_station_seoul_cleaned.csv
방이동,,37.51150338,127.1296715,bus,bus,bus_station_seoul_cleaned.csv
방이동,,37.51109547,127.1287692,bus,bus,bus_station_seoul_cleaned.csv
장지역,,37.47751317,127.126369,bus,bus,bus_station_seoul_cleaned.csv
장미광장,,37.51255285,127.1270391,bus,bus,bus_station_seoul_cleaned.csv
한성백제박물관,,37.51541885,127.119601,bus,bus,bus_station_seoul_cleaned.csv
올림픽공원평화의문,,37.51707048,127.115008,bus,bus,bus_station_seoul_cleaned.csv
풍납초등학교,,37.533949,127.11855,bus,bus,bus_station_seoul_cleaned.csv
풍납백제문화공원,,37.535044,127.114721,bus,bus,bus_station_seoul_cleaned.csv
마천터널,,37.50426998,127.1502361,bus,bus,bus_station_seoul_cleaned.csv
가락근린공원.경찰병원,,37.49707823,127.1252211,bus,bus,bus_station_seoul_cleaned.csv
가락근린공원.경찰병원,,37.49716335,127.1250227,bus,bus,bus_station_seoul_cleaned.csv
송파레미니스아파트,,37.50786641,127.1369121,bus,bus,bus_station_seoul_cleaned.csv
송파레미니스아파트,,37.50823863,127.1371836,bus,bus,bus_station_seoul_cleaned.csv
한강극동아파트후문,,37.53072807,127.1124924,bus,bus,bus_station_seoul_cleaned.csv
토성초등학교.한강극동아파트,,37.5298706,127.114404,bus,bus,bus_station_seoul_cleaned.csv
풍납2동주민센터,,37.52877621,127.1168542,bus,bus,bus_station_seoul_cleaned.csv
잠신고등학교,,37.516551,127.091066,bus,bus,bus_station_seoul_cleaned.csv
잠신고등학교,,37.51646,127.090655,bus,bus,bus_station_seoul_cleaned.csv
잠일고등학교,,37.515716,127.084768,bus,bus,bus_station_seoul_cleaned.csv
잠일고등학교,,37.515627,127.084403,bus,bus,bus_station_seoul_cleaned.csv
한강버스잠실선착장,,37.516437,127.085241,bus,bus,bus_station_seoul_cleaned.csv
잠실새내역1번출구,,37.511331,127.088213,bus,bus,bus_station_seoul_cleaned.csv
잠실역,,37.51506727,127.0991375,bus,bus,bus_station_seoul_cleaned.csv
상일초교,,37.54612527,127.1713598,bus,bus,bus_station_seoul_cleaned.csv
상일초교,,37.5457941,127.1706309,bus,bus,bus_station_seoul_cleaned.csv
초이동,,37.5421386,127.1615969,bus,bus,bus_station_seoul_cleaned.csv
초이동,,37.54184634,127.1610838,bus,bus,bus_station_seoul_cleaned.csv
강동자이.프라자아파트,,37.53673336,127.1488398,bus,bus,bus_station_seoul_cleaned.csv
강동자이·프라자아파트,,37.53621009,127.147789,bus,bus,bus_station_seoul_cleaned.csv
길동주민센터.둔촌2동주민센터,,37.53427435,127.1429329,bus,bus,bus_station_seoul_cleaned.csv
길동주민센터.둔촌2동주민센터,,37.53388573,127.1421048,bus,bus,bus_station_seoul_cleaned.csv
길동사거리.강동세무서,,37.53452044,127.1367996,bus,bus,bus_station_seoul_cleaned.csv
길동사거리.강동세무서,,37.53473327,127.1358553,bus,bus,bus_station_seoul_cleaned.csv
강동역,,37.53590168,127.1324489,bus,bus,bus_station_seoul_cleaned.csv
강동역,,37.5361077,127.1315159,bus,bus,bus_station_seoul_cleaned.csv
천호역,,37.53765329,127.1270521,bus,bus,bus_station_seoul_cleaned.csv
천호역,,37.5379482,127.1255386,bus,bus,bus_station_seoul_cleaned.csv
강동공영차고지,,37.56406596,127.1738851,bus,bus,bus_station_seoul_cleaned.csv
강동공영차고지,,37.56417689,127.1743327,bus,bus,bus_station_seoul_cleaned.csv
고덕리엔파크1단지,,37.56115952,127.1704714,bus,bus,bus_station_seoul_cleaned.csv
고덕리엔파크1단지,,37.561365,127.170696,bus,bus,bus_station_seoul_cleaned.csv
해뜨는주유소,,37.55910043,127.1708038,bus,bus,bus_station_seoul_cleaned.csv
해뜨는주유소,,37.559757,127.170989,bus,bus,bus_station_seoul_cleaned.csv
고덕천교차로,,37.55632413,127.1711474,bus,bus,bus_station_seoul_cleaned.csv
고덕천교차로,,37.556043,127.171561,bus,bus,bus_station_seoul_cleaned.csv
고덕자이.고덕천물놀이장,,37.55346669,127.1720517,bus,bus,bus_station_seoul_cleaned.csv
강명초등학교.고덕천물놀이장,,37.553372,127.172373,bus,bus,bus_station_seoul_cleaned.csv
고덕자이,,37.55160257,127.1725023,bus,bus,bus_station_seoul_cleaned.csv
고덕리엔파크3단지,,37.55188966,127.1727254,bus,bus,bus_station_seoul_cleaned.csv
상일동산.롯데캐슬베네루체,,37.5499723,127.1651955,bus,bus,bus_station_seoul_cleaned.csv
상일동산.롯데캐슬베네루체,,37.54994493,127.1654359,bus,bus,bus_station_seoul_cleaned.csv
상일근린공원,,37.54731429,127.1670055,bus,bus,bus_station_seoul_cleaned.csv
상일근린공원,,37.54739482,127.1672437,bus,bus,bus_station_seoul_cleaned.csv
GS강동자이아파트.둔촌동프라자아파트,,37.53700164,127.1490316,bus,bus,bus_station_seoul_cleaned.csv
둔촌동프라자아파트.GS강동자이아파트,,37.53612862,127.1480887,bus,bus,bus_station_seoul_cleaned.csv
둔촌푸르지오아파트,,37.53503197,127.1441944,bus,bus,bus_station_seoul_cleaned.csv
둔촌푸르지오아파트,,37.53464259,127.1446716,bus,bus,bus_station_seoul_cleaned.csv
길동주민센터.서울양병원,,37.53412032,127.1418252,bus,bus,bus_station_seoul_cleaned.csv
둔촌2동주민센터.서울양병원,,37.533652,127.141927,bus,bus,bus_station_seoul_cleaned.csv
길동사거리.강동세무서,,37.53444568,127.1375233,bus,bus,bus_station_seoul_cleaned.csv
길동사거리.강동세무서,,37.53412401,127.1371821,bus,bus,bus_station_seoul_cleaned.csv
강동역1번출구.동신중학교,,37.53628076,127.1318584,bus,bus,bus_station_seoul_cleaned.csv
강동역.강풀만화거리입구,,37.53605102,127.1309701,bus,bus,bus_station_seoul_cleaned.csv
천호역5번출구,,37.53778848,127.1270212,bus,bus,bus_station_seoul_cleaned.csv
천호역.성내2동주민센터,,37.53722506,127.127289,bus,bus,bus_station_seoul_cleaned.csv
상일동역4번출구.센트럴푸르지오,,37.55723705,127.1696339,bus,bus,bus_station_seoul_cleaned.csv
상일동역6번출구.고덕아르테온,,37.55680934,127.167873,bus,bus,bus_station_seoul_cleaned.csv
상일동역1번출구,,37.55651761,127.1639451,bus,bus,bus_station_seoul_cleaned.csv
상일동역8번출구,,37.55639079,127.1648527,bus,bus,bus_station_seoul_cleaned.csv
고덕그라시움,,37.55610753,127.1607019,bus,bus,bus_station_seoul_cleaned.csv
고덕그라시움,,37.55572789,127.160272,bus,bus,bus_station_seoul_cleaned.csv
고덕평생학습관.온조대왕체육관,,37.55568841,127.1581417,bus,bus,bus_station_seoul_cleaned.csv
고덕평생학습관.온조대왕체육관,,37.55550514,127.1580919,bus,bus,bus_station_seoul_cleaned.csv
고덕역,,37.55537308,127.1558492,bus,bus,bus_station_seoul_cleaned.csv
고덕역,,37.55504,127.154997,bus,bus,bus_station_seoul_cleaned.csv
배재중고등학교,,37.55485657,127.1493254,bus,bus,bus_station_seoul_cleaned.csv
배재중고등학교,,37.55454072,127.149718,bus,bus,bus_station_seoul_cleaned.csv
동부기술교육원.장애인종합복지관,,37.55479232,127.1465849,bus,bus,bus_station_seoul_cleaned.csv
동부기술교육원.장애인종합복지관,,37.55461665,127.1457517,bus,bus,bus_station_seoul_cleaned.csv
명일초등학교,,37.55486737,127.1434374,bus,bus,bus_station_seoul_cleaned.csv
명일초등학교,,37.554602,127.143468,bus,bus,bus_station_seoul_cleaned.csv
암사3동주민센터(강동롯데캐슬퍼스트),,37.55487796,127.1391936,bus,bus,bus_station_seoul_cleaned.csv
암사3동주민센터.프라이어팰리스,,37.55455872,127.1393191,bus,bus,bus_station_seoul_cleaned.csv
강일중.선사고,,37.55486022,127.1370264,bus,bus,bus_station_seoul_cleaned.csv
강일중.선사고,,37.55462479,127.1360923,bus,bus,bus_station_seoul_cleaned.csv
신암중학교,,37.55483907,127.1313639,bus,bus,bus_station_seoul_cleaned.csv
신암중학교,,37.55461384,127.1313205,bus,bus,bus_station_seoul_cleaned.csv
삼성광나루아파트,,37.55338,127.128557,bus,bus,bus_station_seoul_cleaned.csv
삼성광나루아파트,,37.5532319,127.1288157,bus,bus,bus_station_seoul_cleaned.csv
암사역.선사현대아파트,,37.55069921,127.1275581,bus,bus,bus_station_seoul_cleaned.csv
암사역2번출구.암사종합시장,,37.54960071,127.1275283,bus,bus,bus_station_seoul_cleaned.csv
천호동공원,,37.54596923,127.1259117,bus,bus,bus_station_seoul_cleaned.csv
천호동공원,,37.54607176,127.1262319,bus,bus,bus_station_seoul_cleaned.csv
서울현대요양병원,,37.54297,127.124789,bus,bus,bus_station_seoul_cleaned.csv
서울현대요양병원,,37.5420614,127.124856,bus,bus,bus_station_seoul_cleaned.csv
천호역2번출구.현대백화점,,37.54034836,127.1239224,bus,bus,bus_station_seoul_cleaned.csv
천호역3번출구.현대백화점,,37.53995311,127.1240057,bus,bus,bus_station_seoul_cleaned.csv
천호역8번출구,,37.53597308,127.1227695,bus,bus,bus_station_seoul_cleaned.csv
강동구청역1번출구.영파여고,,37.53215229,127.1213543,bus,bus,bus_station_seoul_cleaned.csv
상일동역2번출구,,37.55733807,127.1651252,bus,bus,bus_station_seoul_cleaned.csv
상일동역2번출구,,37.55718019,127.1654239,bus,bus,bus_station_seoul_cleaned.csv
고덕초등학교,,37.560169,127.165391,bus,bus,bus_station_seoul_cleaned.csv
고덕초등학교,,37.56004256,127.165645,bus,bus,bus_station_seoul_cleaned.csv
강덕초등학교.고덕그라시움,,37.56037858,127.1627959,bus,bus,bus_station_seoul_cleaned.csv
강덕초등학교.고덕그라시움,,37.56025814,127.1628839,bus,bus,bus_station_seoul_cleaned.csv
광문고.서울컨벤션고,,37.56058564,127.1576291,bus,bus,bus_station_seoul_cleaned.csv
광문고.서울컨벤션고,,37.56044925,127.156515,bus,bus,bus_station_seoul_cleaned.csv
고덕아이파크아파트,,37.55974063,127.1540689,bus,bus,bus_station_seoul_cleaned.csv
고덕아이파크아파트,,37.55936883,127.1537815,bus,bus,bus_station_seoul_cleaned.csv
명일중학교,,37.55824272,127.1487292,bus,bus,bus_station_seoul_cleaned.csv
명일중학교,,37.55842356,127.1488762,bus,bus,bus_station_seoul_cleaned.csv
강동경희대병원.명일동이마트,,37.55454947,127.1567608,bus,bus,bus_station_seoul_cleaned.csv
강동아트센터.강동경희대병원,,37.55234446,127.1561087,bus,bus,bus_station_seoul_cleaned.csv
강동아트센터.강동경희대병원후문,,37.55106541,127.1564473,bus,bus,bus_station_seoul_cleaned.csv
한영중고.한영외고,,37.548057,127.155872,bus,bus,bus_station_seoul_cleaned.csv
한영중고.한영외고,,37.5480045,127.1562768,bus,bus,bus_station_seoul_cleaned.csv
길동자연생태공원,,37.53903988,127.1525923,bus,bus,bus_station_seoul_cleaned.csv
길동자연생태공원,,37.53917991,127.1530135,bus,bus,bus_station_seoul_cleaned.csv
일자산입구.둔촌도서관,,37.53199561,127.149622,bus,bus,bus_station_seoul_cleaned.csv
일자산입구.둔촌도서관,,37.53148948,127.1498681,bus,bus,bus_station_seoul_cleaned.csv
서하남IC입구,,37.51761441,127.1433323,bus,bus,bus_station_seoul_cleaned.csv
동북고등학교.둔촌오륜역,,37.5189586,127.1400432,bus,bus,bus_station_seoul_cleaned.csv
오륜교회앞,,37.52247631,127.1320754,bus,bus,bus_station_seoul_cleaned.csv
농협둔촌동지점,,37.52891275,127.1435152,bus,bus,bus_station_seoul_cleaned.csv
둔촌하이츠아파트,,37.52987986,127.1428079,bus,bus,bus_station_seoul_cleaned.csv
약수터,,37.53232531,127.1416379,bus,bus,bus_station_seoul_cleaned.csv
약수터,,37.53250581,127.1413837,bus,bus,bus_station_seoul_cleaned.csv
명일여자고등학교,,37.54842602,127.1490721,bus,bus,bus_station_seoul_cleaned.csv
명일여자고등학교,,37.5483515,127.1493032,bus,bus,bus_station_seoul_cleaned.csv
길동성당,,37.54440669,127.1479778,bus,bus,bus_station_seoul_cleaned.csv
길동성당,,37.54439066,127.1481899,bus,bus,bus_station_seoul_cleaned.csv
길동신동아아파트,,37.54130405,127.1471322,bus,bus,bus_station_seoul_cleaned.csv
길동신동아아파트,,37.54138761,127.1473293,bus,bus,bus_station_seoul_cleaned.csv
미사강변18단지.강일리버10단지,,37.56003,127.181785,bus,bus,bus_station_seoul_cleaned.csv
윤슬중학교.강솔초등학교,,37.56198,127.18176,bus,bus,bus_station_seoul_cleaned.csv
강일리버5단지.미사강변루나리움,,37.567494,127.17919,bus,bus,bus_station_seoul_cleaned.csv
미사강변17단지.강일리버7단지,,37.56425,127.18013,bus,bus,bus_station_seoul_cleaned.csv
보훈회관,,37.52645625,127.1452996,bus,bus,bus_station_seoul_cleaned.csv
보훈회관,,37.52629756,127.1453853,bus,bus,bus_station_seoul_cleaned.csv
신암중.선사고,,37.55657,127.134587,bus,bus,bus_station_seoul_cleaned.csv
신암중.선사고,,37.556546,127.133034,bus,bus,bus_station_seoul_cleaned.csv
암사역사공원역1번출구,,37.55731,127.138716,bus,bus,bus_station_seoul_cleaned.csv
암사역사공원역3번출구,,37.55711,127.137212,bus,bus,bus_station_seoul_cleaned.csv
대순진리회,,37.53035372,127.1312576,bus,bus,bus_station_seoul_cleaned.csv
대순진리회,,37.53025182,127.1309512,bus,bus,bus_station_seoul_cleaned.csv
성내종합사회복지관,,37.53125513,127.1280341,bus,bus,bus_station_seoul_cleaned.csv
성내종합사회복지관,,37.53103748,127.1281258,bus,bus,bus_station_seoul_cleaned.csv
성내삼성.청구아파트,,37.53192153,127.1255463,bus,bus,bus_station_seoul_cleaned.csv
성내삼성.청구아파트,,37.53158563,127.126152,bus,bus,bus_station_seoul_cleaned.csv
성내주유소,,37.53292481,127.1220777,bus,bus,bus_station_seoul_cleaned.csv
성내주유소,,37.53270319,127.1222824,bus,bus,bus_station_seoul_cleaned.csv
강동농협,,37.54096431,127.1427532,bus,bus,bus_station_seoul_cleaned.csv
강동농협,,37.54073313,127.1431647,bus,bus,bus_station_seoul_cleaned.csv
참잘함한방병원,,37.54113355,127.1398826,bus,bus,bus_station_seoul_cleaned.csv
참잘함한방병원,,37.54093176,127.140039,bus,bus,bus_station_seoul_cleaned.csv
천동초등학교.천호도서관,,37.54042365,127.1366641,bus,bus,bus_station_seoul_cleaned.csv
천동초등학교.천호도서관,,37.540437,127.136948,bus,bus,bus_station_seoul_cleaned.csv
강동성심병원(동신중학교),,37.537458,127.1355,bus,bus,bus_station_seoul_cleaned.csv
강동성심병원(동신중학교),,37.53734265,127.1352327,bus,bus,bus_station_seoul_cleaned.csv
조은마디병원,,37.53414706,127.1339143,bus,bus,bus_station_seoul_cleaned.csv
조은마디병원,,37.53447211,127.1337617,bus,bus,bus_station_seoul_cleaned.csv
JYP엔터테인먼트.윤선생영어교실,,37.52477282,127.1291706,bus,bus,bus_station_seoul_cleaned.csv
JYP엔터테인먼트.윤선생영어교실,,37.52495905,127.1294413,bus,bus,bus_station_seoul_cleaned.csv
명일역3번출구.래미안솔베뉴,,37.5518874,127.1442239,bus,bus,bus_station_seoul_cleaned.csv
명일역2번출구,,37.55214992,127.1439709,bus,bus,bus_station_seoul_cleaned.csv
명일역1번출구.명일전통시장,,37.55002461,127.1436703,bus,bus,bus_station_seoul_cleaned.csv
명일역4번출구.명일전통시장,,37.55031428,127.1440658,bus,bus,bus_station_seoul_cleaned.csv
굽은다리사거리,,37.54791016,127.1433278,bus,bus,bus_station_seoul_cleaned.csv
굽은다리사거리,,37.54726559,127.1435586,bus,bus,bus_station_seoul_cleaned.csv
십자성마을,,37.54345768,127.1419715,bus,bus,bus_station_seoul_cleaned.csv
십자성마을,,37.54297902,127.1421222,bus,bus,bus_station_seoul_cleaned.csv
길동역1번출구,,37.53797243,127.1399401,bus,bus,bus_station_seoul_cleaned.csv
길동역3번출구,,37.53731365,127.1400079,bus,bus,bus_station_seoul_cleaned.csv
서울프라임한방병원,,37.53552534,127.1389352,bus,bus,bus_station_seoul_cleaned.csv
서울프라임한방병원,,37.53543646,127.139364,bus,bus,bus_station_seoul_cleaned.csv
강동리바트,,37.53136415,127.1373321,bus,bus,bus_station_seoul_cleaned.csv
동명약국앞,,37.529719,127.137186,bus,bus,bus_station_seoul_cleaned.csv
둔촌동역4번출구,,37.52825586,127.1361248,bus,bus,bus_station_seoul_cleaned.csv
둔촌동역2번출구,,37.52774,127.136548,bus,bus,bus_station_seoul_cleaned.csv
한국전력공사강동송파지사,,37.524796,127.13491,bus,bus,bus_station_seoul_cleaned.csv
한국전력공사.올림픽파크포레온,,37.52448723,127.1353305,bus,bus,bus_station_seoul_cleaned.csv
고덕자이.상일여고,,37.55091642,127.1712888,bus,bus,bus_station_seoul_cleaned.csv
고덕자이.상일여고,,37.55084618,127.1721418,bus,bus,bus_station_seoul_cleaned.csv
상일1동주민센터.고덕사회체육센터,,37.55046528,127.1681685,bus,bus,bus_station_seoul_cleaned.csv
상일1동주민센터.롯데캐슬베네루체,,37.5502886,127.1682563,bus,bus,bus_station_seoul_cleaned.csv
고덕숲아이파크,,37.55063415,127.164629,bus,bus,bus_station_seoul_cleaned.csv
고덕숲아이파크,,37.55045395,127.1647425,bus,bus,bus_station_seoul_cleaned.csv
강동고등학교,,37.55022121,127.1603417,bus,bus,bus_station_seoul_cleaned.csv
강동고등학교,,37.55026234,127.1606808,bus,bus,bus_station_seoul_cleaned.csv
한영중고앞사거리,,37.54922764,127.1567383,bus,bus,bus_station_seoul_cleaned.csv
고덕현대아파트,,37.54927667,127.1532127,bus,bus,bus_station_seoul_cleaned.csv
한영중고앞사거리,,37.54907668,127.1556548,bus,bus,bus_station_seoul_cleaned.csv
고덕삼환.주공9단지아파트,,37.54927423,127.1516086,bus,bus,bus_station_seoul_cleaned.csv
고덕삼환.주공9단지아파트,,37.54912495,127.1520921,bus,bus,bus_station_seoul_cleaned.csv
명일여자고등학교,,37.5494552,127.1484178,bus,bus,bus_station_seoul_cleaned.csv
명일여자고등학교,,37.54914935,127.1488528,bus,bus,bus_station_seoul_cleaned.csv
명일1동주민센터,,37.55047806,127.1462721,bus,bus,bus_station_seoul_cleaned.csv
명일1동주민센터,,37.55019761,127.1463681,bus,bus,bus_station_seoul_cleaned.csv
강동롯데캐슬퍼스트,,37.558453,127.143043,bus,bus,bus_station_seoul_cleaned.csv
강동롯데캐슬퍼스트,,37.5586,127.143034,bus,bus,bus_station_seoul_cleaned.csv
래미안힐스테이트고덕,,37.561812,127.150388,bus,bus,bus_station_seoul_cleaned.csv
래미안힐스테이트고덕,,37.56208766,127.1514604,bus,bus,bus_station_seoul_cleaned.csv
샘터근린공원교차로,,37.56228401,127.1540143,bus,bus,bus_station_seoul_cleaned.csv
샘터근린공원교차로,,37.56246,127.153899,bus,bus,bus_station_seoul_cleaned.csv
고덕풍경채어바니티,,37.56232653,127.1686082,bus,bus,bus_station_seoul_cleaned.csv
고덕풍경채어바니티,,37.562416,127.169549,bus,bus,bus_station_seoul_cleaned.csv
올림픽파크포레온121동앞,,37.524908,127.140955,bus,bus,bus_station_seoul_cleaned.csv
올림픽파크포레온418동앞,,37.524184,127.1409,bus,bus,bus_station_seoul_cleaned.csv
동북중학교,,37.520423,127.139261,bus,bus,bus_station_seoul_cleaned.csv
동북중학교,,37.520063,127.139267,bus,bus,bus_station_seoul_cleaned.csv
강동구청,,37.53020453,127.1225424,bus,bus,bus_station_seoul_cleaned.csv
강동구청,,37.5299252,127.1225674,bus,bus,bus_station_seoul_cleaned.csv
강동보건소앞,,37.52882741,127.1254929,bus,bus,bus_station_seoul_cleaned.csv
강동보건소건너,,37.52855966,127.125423,bus,bus,bus_station_seoul_cleaned.csv
한양수자인아파트,,37.52735145,127.1286297,bus,bus,bus_station_seoul_cleaned.csv
한양수자인아파트,,37.52722033,127.1285589,bus,bus,bus_station_seoul_cleaned.csv
서울장애인복지관,,37.55520009,127.1490837,bus,bus,bus_station_seoul_cleaned.csv
서울장애인복지관,,37.55508049,127.1488865,bus,bus,bus_station_seoul_cleaned.csv
명일동신동아아파트,,37.55495283,127.1523213,bus,bus,bus_station_seoul_cleaned.csv
명일동신동아아파트,,37.5545613,127.1518429,bus,bus,bus_station_seoul_cleaned.csv
고덕비즈밸리입구교차로,,37.563965,127.160845,bus,bus,bus_station_seoul_cleaned.csv
고덕비즈밸리입구교차로,,37.563745,127.160736,bus,bus,bus_station_seoul_cleaned.csv
지식산업센터,,37.565741,127.159377,bus,bus,bus_station_seoul_cleaned.csv
강동아이파크더리버,,37.566005,127.157905,bus,bus,bus_station_seoul_cleaned.csv
상일동동아아파트,,37.54578773,127.1675513,bus,bus,bus_station_seoul_cleaned.csv
상일동동아아파트,,37.54554801,127.1675745,bus,bus,bus_station_seoul_cleaned.csv
상일동주몽재활원,,37.54597748,127.1633225,bus,bus,bus_station_seoul_cleaned.csv
상일동주몽재활원,,37.54575761,127.163685,bus,bus,bus_station_seoul_cleaned.csv
상일동빌라단지,,37.5454599,127.1591118,bus,bus,bus_station_seoul_cleaned.csv
상일동빌라단지,,37.54561695,127.1595704,bus,bus,bus_station_seoul_cleaned.csv
강동아이파크더리버,,37.565636,127.157665,bus,bus,bus_station_seoul_cleaned.csv
중앙보훈병원역1번출구,,37.52799195,127.1480519,bus,bus,bus_station_seoul_cleaned.csv
중앙보훈병원역1번출구,,37.52720873,127.1480767,bus,bus,bus_station_seoul_cleaned.csv
샘터근린공원,,37.563923,127.156808,bus,bus,bus_station_seoul_cleaned.csv
샘터근린공원,,37.563775,127.157125,bus,bus,bus_station_seoul_cleaned.csv
고덕산생태육교,,37.561295,127.147648,bus,bus,bus_station_seoul_cleaned.csv
고덕산생태육교,,37.560545,127.146161,bus,bus,bus_station_seoul_cleaned.csv
강동첨단업무단지.상일여고입구,,37.54864253,127.1730829,bus,bus,bus_station_seoul_cleaned.csv
강동첨단업무단지.상일여고입구,,37.54940462,127.1732465,bus,bus,bus_station_seoul_cleaned.csv
천동초교입구사거리,,37.53995537,127.141012,bus,bus,bus_station_seoul_cleaned.csv
천동초교입구사거리,,37.53994047,127.1406623,bus,bus,bus_station_seoul_cleaned.csv
강동구청역.농협중앙회,,37.5291461,127.1201139,bus,bus,bus_station_seoul_cleaned.csv
성내구립도서관.사회적경제지원센터,,37.53269253,127.1332543,bus,bus,bus_station_seoul_cleaned.csv
성내구립도서관.사회적경제지원센터,,37.53226596,127.132767,bus,bus,bus_station_seoul_cleaned.csv
둔촌습지앞,,37.52190041,127.1456204,bus,bus,bus_station_seoul_cleaned.csv
강일리버파크6단지,,37.56386878,127.1755233,bus,bus,bus_station_seoul_cleaned.csv
강일동주민센터,,37.566015,127.173929,bus,bus,bus_station_seoul_cleaned.csv
강일동주민센터,,37.56571601,127.173875,bus,bus,bus_station_seoul_cleaned.csv
강일리버파크4단지.2단지,,37.568441,127.176556,bus,bus,bus_station_seoul_cleaned.csv
강일리버파크2단지.4단지,,37.56862184,127.1765457,bus,bus,bus_station_seoul_cleaned.csv
강일고등학교.강일리버파크7단지,,37.565067,127.177918,bus,bus,bus_station_seoul_cleaned.csv
강일고등학교.강일리버파크7단지,,37.56471101,127.1784008,bus,bus,bus_station_seoul_cleaned.csv
강일리버파크6단지,,37.56280905,127.1762367,bus,bus,bus_station_seoul_cleaned.csv
강일초등학교,,37.565095,127.175752,bus,bus,bus_station_seoul_cleaned.csv
강일초등학교,,37.56587375,127.1768636,bus,bus,bus_station_seoul_cleaned.csv
강일리버파크9단지.10단지,,37.55955336,127.1794627,bus,bus,bus_station_seoul_cleaned.csv
강일리버파크10단지.9단지,,37.55955837,127.1797197,bus,bus,bus_station_seoul_cleaned.csv
중앙보훈병원역2번출구,,37.52959797,127.1486791,bus,bus,bus_station_seoul_cleaned.csv
중앙보훈병원역3번출구,,37.52932275,127.1489407,bus,bus,bus_station_seoul_cleaned.csv
강일리버파크8단지,,37.56227189,127.1777181,bus,bus,bus_station_seoul_cleaned.csv
강일리버파크8단지,,37.562648,127.177967,bus,bus,bus_station_seoul_cleaned.csv
강일리버파크4단지.5단지,,37.56656,127.177374,bus,bus,bus_station_seoul_cleaned.csv
강일리버파크5단지.4단지,,37.56712372,127.177484,bus,bus,bus_station_seoul_cleaned.csv
강일리버파크1단지.3단지,,37.56703681,127.1733008,bus,bus,bus_station_seoul_cleaned.csv
강일리버파크3단지.1단지,,37.568207,127.174408,bus,bus,bus_station_seoul_cleaned.csv
상일파출소.고덕아르테온,,37.55555768,127.1657709,bus,bus,bus_station_seoul_cleaned.csv
강일리버파크9단지후문,,37.56169242,127.1801379,bus,bus,bus_station_seoul_cleaned.csv
강일리버파크9단지후문,,37.56171621,127.1799003,bus,bus,bus_station_seoul_cleaned.csv
강동공영차고지,,37.564251,127.174627,bus,bus,bus_station_seoul_cleaned.csv
강일역.고덕리엔파크2단지.3단지,,37.557258,127.173781,bus,bus,bus_station_seoul_cleaned.csv
강일역.고덕리엔파크3단지.2단지,,37.55709762,127.1741238,bus,bus,bus_station_seoul_cleaned.csv
고덕리엔파크2단지,,37.55683896,127.1730238,bus,bus,bus_station_seoul_cleaned.csv
강명초등학교.고덕리엔파크3단지,,37.55404374,127.1737829,bus,bus,bus_station_seoul_cleaned.csv
강명초등학교.고덕리엔파크3단지,,37.55382591,127.1733353,bus,bus,bus_station_seoul_cleaned.csv
고덕리엔파크2단지,,37.55683486,127.1733644,bus,bus,bus_station_seoul_cleaned.csv
굽은다리역구민회관.강동홈플러스,,37.54569475,127.1427892,bus,bus,bus_station_seoul_cleaned.csv
굽은다리역구민회관.강동홈플러스,,37.545612,127.143063,bus,bus,bus_station_seoul_cleaned.csv
삼성E&A,,37.54991094,127.1749558,bus,bus,bus_station_seoul_cleaned.csv
삼성E&A,,37.5498684,127.1747803,bus,bus,bus_station_seoul_cleaned.csv
고덕리엔파크3단지서문,,37.55125728,127.1738484,bus,bus,bus_station_seoul_cleaned.csv
고덕리엔파크3단지서문,,37.55107076,127.1738479,bus,bus,bus_station_seoul_cleaned.csv
천동초교삼거리,,37.54156668,127.1367999,bus,bus,bus_station_seoul_cleaned.csv
천동초교삼거리,,37.54192962,127.1362377,bus,bus,bus_station_seoul_cleaned.csv
동아하이빌,,37.54408536,127.1341268,bus,bus,bus_station_seoul_cleaned.csv
동아하이빌,,37.5438917,127.134084,bus,bus,bus_station_seoul_cleaned.csv
천일초교사거리,,37.54460068,127.132309,bus,bus,bus_station_seoul_cleaned.csv
천일초교사거리,,37.54453699,127.1312463,bus,bus,bus_station_seoul_cleaned.csv
천일중.구강사,,37.5451182,127.1290083,bus,bus,bus_station_seoul_cleaned.csv
천일중.구강사,,37.54493529,127.1290019,bus,bus,bus_station_seoul_cleaned.csv
고덕센트럴.고덕숲아이파크,,37.551342,127.165386,bus,bus,bus_station_seoul_cleaned.csv
고덕숲.고덕센트럴아이파크,,37.551649,127.165146,bus,bus,bus_station_seoul_cleaned.csv
고현초등학교.고덕센트럴아이파크,,37.552914,127.165331,bus,bus,bus_station_seoul_cleaned.csv
고현초등학교.고덕숲아이파크,,37.55396597,127.1650717,bus,bus,bus_station_seoul_cleaned.csv
현대토파즈아파트,,37.52530533,127.1258611,bus,bus,bus_station_seoul_cleaned.csv
성내유수지체육공원,,37.52708021,127.1218419,bus,bus,bus_station_seoul_cleaned.csv
서울시동부기술교육원.명덕초교,,37.55622721,127.1448068,bus,bus,bus_station_seoul_cleaned.csv
아남.대우아파트,,37.55771391,127.1447616,bus,bus,bus_station_seoul_cleaned.csv
강동롯데캐슬퍼스트아파트,,37.55690776,127.1445591,bus,bus,bus_station_seoul_cleaned.csv
천호역1번출구.문구거리,,37.5392937,127.1222319,bus,bus,bus_station_seoul_cleaned.csv
강동리버스트7.6단지,,37.57064475,127.172132,bus,bus,bus_station_seoul_cleaned.csv
강동리버스트6.7단지,,37.5704941,127.1719505,bus,bus,bus_station_seoul_cleaned.csv
강동리버스트상가,,37.57209937,127.1740031,bus,bus,bus_station_seoul_cleaned.csv
힐스테이트리슈빌강일501동,,37.57247694,127.1746744,bus,bus,bus_station_seoul_cleaned.csv
강동리버스트8단지,,37.57294627,127.177053,bus,bus,bus_station_seoul_cleaned.csv
강일역3번출구,,37.5576403,127.1770155,bus,bus,bus_station_seoul_cleaned.csv
상일2동주민센터.고덕어반브릿지,,37.5560067,127.1794171,bus,bus,bus_station_seoul_cleaned.csv
상일2동주민센터.고덕어반브릿지,,37.556268,127.179726,bus,bus,bus_station_seoul_cleaned.csv
강동리엔파크11단지,,37.553478,127.179748,bus,bus,bus_station_seoul_cleaned.csv
강동리엔파크11단지,,37.55358868,127.1798392,bus,bus,bus_station_seoul_cleaned.csv
강동리엔파크13.14단지,,37.55125906,127.1816669,bus,bus,bus_station_seoul_cleaned.csv
강동리엔파크13.14단지,,37.55137165,127.1817343,bus,bus,bus_station_seoul_cleaned.csv
강일역2번출구,,37.55792621,127.1773711,bus,bus,bus_station_seoul_cleaned.csv
가래여울,,37.57653738,127.168922,bus,bus,bus_station_seoul_cleaned.csv
신명초교입구교차로,,37.54008805,127.146753,bus,bus,bus_station_seoul_cleaned.csv
길동초등학교,,37.53900264,127.1464238,bus,bus,bus_station_seoul_cleaned.csv
강일리버파크1단지103동,,37.56800029,127.1727485,bus,bus,bus_station_seoul_cleaned.csv
길동우성아파트.은평교회맞은편,,37.53632566,127.145545,bus,bus,bus_station_seoul_cleaned.csv
둔촌푸르지오아파트사거리,,37.5343756,127.1449229,bus,bus,bus_station_seoul_cleaned.csv
강일고등학교.강일리버파크7단지,,37.56502882,127.1779895,bus,bus,bus_station_seoul_cleaned.csv
둔촌고앞,,37.53168544,127.1437301,bus,bus,bus_station_seoul_cleaned.csv
구립둔촌어린이집,,37.53008773,127.1430346,bus,bus,bus_station_seoul_cleaned.csv
고덕1동주민센터.두레근린공원,,37.5581605,127.1514654,bus,bus,bus_station_seoul_cleaned.csv
고덕역1번출구,,37.55531793,127.1531515,bus,bus,bus_station_seoul_cleaned.csv
명일신동아아파트,,37.552739,127.152717,bus,bus,bus_station_seoul_cleaned.csv
한산초등학교,,37.52745192,127.1416277,bus,bus,bus_station_seoul_cleaned.csv
상일동역3.4번출구,,37.5570367,127.1679754,bus,bus,bus_station_seoul_cleaned.csv
한산중학교,,37.52818853,127.1389985,bus,bus,bus_station_seoul_cleaned.csv
시립강동노인종합복지관,,37.55219856,127.152899,bus,bus,bus_station_seoul_cleaned.csv
고덕리엔파크1단지,,37.56124296,127.1705201,bus,bus,bus_station_seoul_cleaned.csv
둔촌역,,37.528598,127.137631,bus,bus,bus_station_seoul_cleaned.csv
고덕역1번출구,,37.555741,127.153287,bus,bus,bus_station_seoul_cleaned.csv
고덕1동주민센터.두레근린공원,,37.55827606,127.1517169,bus,bus,bus_station_seoul_cleaned.csv
우리은행둔촌역지점.발리호텔,,37.52901642,127.1360979,bus,bus,bus_station_seoul_cleaned.csv
둔촌청구아파트,,37.52950517,127.1342126,bus,bus,bus_station_seoul_cleaned.csv
고덕중학교,,37.56077028,127.1610298,bus,bus,bus_station_seoul_cleaned.csv
대순진리회,,37.5303284,127.1313345,bus,bus,bus_station_seoul_cleaned.csv
농협둔촌동지점,,37.52908823,127.1436965,bus,bus,bus_station_seoul_cleaned.csv
성내복지관,,37.53119251,127.1280943,bus,bus,bus_station_seoul_cleaned.csv
고덕아이파크101동,,37.56057252,127.1559731,bus,bus,bus_station_seoul_cleaned.csv
성내삼성아파트.공안과,,37.53189983,127.1256097,bus,bus,bus_station_seoul_cleaned.csv
9호선중앙보훈병원역1번출구,,37.52779284,127.1475094,bus,bus,bus_station_seoul_cleaned.csv
성내주유소,,37.53289918,127.1221432,bus,bus,bus_station_seoul_cleaned.csv
묘곡초교사거리,,37.55931935,127.1516273,bus,bus,bus_station_seoul_cleaned.csv
선린초등학교,,37.52883186,127.145195,bus,bus,bus_station_seoul_cleaned.csv
아남.대우아파트,,37.55749788,127.1445857,bus,bus,bus_station_seoul_cleaned.csv
롯데캐슬아파트,,37.5561042,127.1444777,bus,bus,bus_station_seoul_cleaned.csv
명일동국민은행.래미안솔베뉴,,37.55372892,127.1441673,bus,bus,bus_station_seoul_cleaned.csv
명일역,,37.55204722,127.1439571,bus,bus,bus_station_seoul_cleaned.csv
성덕고등학교,,37.55076485,127.1433061,bus,bus,bus_station_seoul_cleaned.csv
천호우성아파트,,37.55059521,127.1397441,bus,bus,bus_station_seoul_cleaned.csv
성내주유소,,37.53270893,127.122264,bus,bus,bus_station_seoul_cleaned.csv
약국앞,,37.5500707,127.1375045,bus,bus,bus_station_seoul_cleaned.csv
성내삼성아파트.공안과,,37.53165,127.126183,bus,bus,bus_station_seoul_cleaned.csv
강동농협,,37.54808355,127.1353709,bus,bus,bus_station_seoul_cleaned.csv
성내복지관,,37.53105829,127.1280545,bus,bus,bus_station_seoul_cleaned.csv
대순진리회,,37.53014556,127.1312629,bus,bus,bus_station_seoul_cleaned.csv
고분다리,,37.54266537,127.131286,bus,bus,bus_station_seoul_cleaned.csv
둔촌청구아파트,,37.52949856,127.1336775,bus,bus,bus_station_seoul_cleaned.csv
둔촌시장.발리호텔,,37.528821,127.1359946,bus,bus,bus_station_seoul_cleaned.csv
천호동로데오거리,,37.54056488,127.1271983,bus,bus,bus_station_seoul_cleaned.csv
서울.경기양돈농협,,37.54763426,127.1334688,bus,bus,bus_station_seoul_cleaned.csv
둔촌역,,37.528562,127.137231,bus,bus,bus_station_seoul_cleaned.csv
브라운스톤,,37.54908071,127.1300716,bus,bus,bus_station_seoul_cleaned.csv
한산초등학교,,37.527106,127.142588,bus,bus,bus_station_seoul_cleaned.csv
암사종합시장,,37.549833,127.128379,bus,bus,bus_station_seoul_cleaned.csv
천호역5번출구,,37.53775272,127.1270532,bus,bus,bus_station_seoul_cleaned.csv
암사역,,37.55063301,127.1278571,bus,bus,bus_station_seoul_cleaned.csv
구립둔촌어린이집,,37.530511,127.143354,bus,bus,bus_station_seoul_cleaned.csv
암사삼성.현대아파트,,37.55352016,127.12887,bus,bus,bus_station_seoul_cleaned.csv
둔촌고등학교,,37.53178069,127.1439442,bus,bus,bus_station_seoul_cleaned.csv
천호우체국,,37.5408597,127.1253621,bus,bus,bus_station_seoul_cleaned.csv
고덕주유소.선사초등학교,,37.555382,127.129569,bus,bus,bus_station_seoul_cleaned.csv
둔촌푸르지오아파트사거리,,37.53433571,127.1450863,bus,bus,bus_station_seoul_cleaned.csv
천호동로데오거리,,37.54036214,127.1271889,bus,bus,bus_station_seoul_cleaned.csv
선사마을,,37.55767079,127.1304453,bus,bus,bus_station_seoul_cleaned.csv
길동은평교회,,37.53642353,127.1458326,bus,bus,bus_station_seoul_cleaned.csv
천호시장,,37.54065263,127.1293712,bus,bus,bus_station_seoul_cleaned.csv
서울암사동유적,,37.55936818,127.1311704,bus,bus,bus_station_seoul_cleaned.csv
길동초등학교,,37.53872949,127.1465127,bus,bus,bus_station_seoul_cleaned.csv
고분다리,,37.54293435,127.1316893,bus,bus,bus_station_seoul_cleaned.csv
서원마을,,37.56375305,127.1330896,bus,bus,bus_station_seoul_cleaned.csv
신명초교입구교차로,,37.54032872,127.1469372,bus,bus,bus_station_seoul_cleaned.csv
서울암사동유적,,37.5593289,127.1308364,bus,bus,bus_station_seoul_cleaned.csv
강동농협,,37.54840916,127.1358972,bus,bus,bus_station_seoul_cleaned.csv
선사마을,,37.55726451,127.1300088,bus,bus,bus_station_seoul_cleaned.csv
고덕아이파크101동,,37.560448,127.156037,bus,bus,bus_station_seoul_cleaned.csv
약국앞,,37.54991479,127.13752,bus,bus,bus_station_seoul_cleaned.csv
선사초등학교,,37.55505949,127.1291908,bus,bus,bus_station_seoul_cleaned.csv
광문고.서울컨벤션고,,37.5605,127.157554,bus,bus,bus_station_seoul_cleaned.csv
천호우성아파트,,37.55037877,127.1391292,bus,bus,bus_station_seoul_cleaned.csv
고덕온빛채아파트,,37.563645,127.170216,bus,bus,bus_station_seoul_cleaned.csv
암사역,,37.55095578,127.1277594,bus,bus,bus_station_seoul_cleaned.csv
고덕한양아파트,,37.54909122,127.1556459,bus,bus,bus_station_seoul_cleaned.csv
고덕풍경채어바니티,,37.563582,127.170017,bus,bus,bus_station_seoul_cleaned.csv
주원교회,,37.565946,127.164756,bus,bus,bus_station_seoul_cleaned.csv
주원교회,,37.565696,127.165133,bus,bus,bus_station_seoul_cleaned.csv
우진산전.디엠스퀘어,,37.567118,127.160461,bus,bus,bus_station_seoul_cleaned.csv
에이스메디칼타워,,37.56713,127.160906,bus,bus,bus_station_seoul_cleaned.csv
강동아이파크더리버.이케아,,37.566649,127.158736,bus,bus,bus_station_seoul_cleaned.csv
지식산업센터,,37.5653235,127.1599407,bus,bus,bus_station_seoul_cleaned.csv
강동구청고덕별관,,37.55783513,127.1565213,bus,bus,bus_station_seoul_cleaned.csv
강동구청고덕별관,,37.5563796,127.1568207,bus,bus,bus_station_seoul_cleaned.csv
광문고.컨벤션고,,37.559787,127.156966,bus,bus,bus_station_seoul_cleaned.csv
샘터배드민턴장,,37.562061,127.156754,bus,bus,bus_station_seoul_cleaned.csv
샘터배드민턴장,,37.56229,127.157098,bus,bus,bus_station_seoul_cleaned.csv
천호우체국,,37.5408398,127.1254334,bus,bus,bus_station_seoul_cleaned.csv
강동구청,,37.53140727,127.1218466,bus,bus,bus_station_seoul_cleaned.csv
강동아이파크더리버.이케아,,37.566966,127.158778,bus,bus,bus_station_seoul_cleaned.csv
광문고.컨벤션고,,37.559809,127.156672,bus,bus,bus_station_seoul_cleaned.csv
고분다리시장입구,,37.54304353,127.1315503,bus,bus,bus_station_seoul_cleaned.csv
고분다리시장입구,,37.54297665,127.1317313,bus,bus,bus_station_seoul_cleaned.csv
암사1동제1경로당,,37.550002,127.1376866,bus,bus,bus_station_seoul_cleaned.csv
성덕중고등학교,,37.55064585,127.1426911,bus,bus,bus_station_seoul_cleaned.csv
성덕중고등학교,,37.55070224,127.1429223,bus,bus,bus_station_seoul_cleaned.csv
강동농협,,37.54807047,127.1353379,bus,bus,bus_station_seoul_cleaned.csv
강동농협,,37.54840012,127.1359045,bus,bus,bus_station_seoul_cleaned.csv
암사1동제1경로당,,37.55019474,127.1377662,bus,bus,bus_station_seoul_cleaned.csv
천호초교입구사거리,,37.5464913,127.1342129,bus,bus,bus_station_seoul_cleaned.csv
천호3동주민센터,,37.54058257,127.1291639,bus,bus,bus_station_seoul_cleaned.csv
천호초교입구사거리,,37.54589692,127.1336463,bus,bus,bus_station_seoul_cleaned.csv
천호3동주민센터,,37.540876,127.129416,bus,bus,bus_station_seoul_cleaned.csv
암사종합시장,,37.54969905,127.1282505,bus,bus,bus_station_seoul_cleaned.csv
명일동국민은행.래미안솔베뉴,,37.5533716,127.1443599,bus,bus,bus_station_seoul_cleaned.csv
브라운스톤,,37.54887157,127.1301482,bus,bus,bus_station_seoul_cleaned.csv
삼익가든아파트,,37.54630481,127.14854,bus,bus,bus_station_seoul_cleaned.csv
삼익가든아파트,,37.54615813,127.148779,bus,bus,bus_station_seoul_cleaned.csv
둔촌신성미소지움아파트,,37.526944,127.143581,bus,bus,bus_station_seoul_cleaned.csv
둔촌신성미소지움아파트,,37.5266617,127.1441698,bus,bus,bus_station_seoul_cleaned.csv
9호선중앙보훈병원역1번출구,,37.52791119,127.1475394,bus,bus,bus_station_seoul_cleaned.csv
상일초등학교,,37.54577311,127.1714625,bus,bus,bus_station_seoul_cleaned.csv
길동LG자이아파트,,37.53612862,127.1480887,bus,bus,bus_station_seoul_cleaned.csv
강동구청역,,37.53180617,127.1212544,bus,bus,bus_station_seoul_cleaned.csv
천호역.성내2동주민센터,,37.53728465,127.1270546,bus,bus,bus_station_seoul_cleaned.csv
길동사거리,,37.53420037,127.1369886,bus,bus,bus_station_seoul_cleaned.csv
상일초등학교,,37.54642678,127.1715812,bus,bus,bus_station_seoul_cleaned.csv
길동LG자이아파트,,37.53708013,127.149123,bus,bus,bus_station_seoul_cleaned.csv
길동사거리,,37.53466426,127.1370912,bus,bus,bus_station_seoul_cleaned.csv
천호역,,37.53772736,127.1272955,bus,bus,bus_station_seoul_cleaned.csv
강동구청역,,37.53117972,127.1205586,bus,bus,bus_station_seoul_cleaned.csv
둔촌동역,,37.527528,127.136444,bus,bus,bus_station_seoul_cleaned.csv
둔촌동역,,37.52739007,127.1358929,bus,bus,bus_station_seoul_cleaned.csv
서울.경기양돈농협,,37.54754436,127.1332864,bus,bus,bus_station_seoul_cleaned.csv
고덕래미안힐스테이트시니어센터,,37.55929454,127.1479431,bus,bus,bus_station_seoul_cleaned.csv
고덕1동주민센터.고덕래미안힐스테이트,,37.55870678,127.1505497,bus,bus,bus_station_seoul_cleaned.csv
고덕중학교,,37.56062303,127.1606413,bus,bus,bus_station_seoul_cleaned.csv
상일동역5번출구,,37.55688964,127.1684278,bus,bus,bus_station_seoul_cleaned.csv
강일리버파크1단지.금화사,,37.56702769,127.1733772,bus,bus,bus_station_seoul_cleaned.csv
강일리버파크6단지,,37.56393051,127.1754977,bus,bus,bus_station_seoul_cleaned.csv
강일리버파크1단지정문,,37.56809653,127.1728698,bus,bus,bus_station_seoul_cleaned.csv
가래여울,,37.57656426,127.1690128,bus,bus,bus_station_seoul_cleaned.csv
강동리버스트4단지,,37.57377365,127.1719948,bus,bus,bus_station_seoul_cleaned.csv
힐스테이트리슈빌강일503동,,37.57301216,127.1766739,bus,bus,bus_station_seoul_cleaned.csv
강동리버스트8단지,,37.57259633,127.1761086,bus,bus,bus_station_seoul_cleaned.csv
강빛초.중학교,,37.57415,127.1728,bus,bus,bus_station_seoul_cleaned.csv
굽은다리역,,37.5454039,127.1430234,bus,bus,bus_station_seoul_cleaned.csv
굽은다리역,,37.54558894,127.1427437,bus,bus,bus_station_seoul_cleaned.csv
명일동국민은행.래미안솔베뉴,,37.55414459,127.1441907,bus,bus,bus_station_seoul_cleaned.csv
암사삼성.현대아파트,,37.55359654,127.1286195,bus,bus,bus_station_seoul_cleaned.csv
천호우체국.로데오거리,,37.54055579,127.1272741,bus,bus,bus_station_seoul_cleaned.csv
천호우성아파트,,37.55038573,127.1393385,bus,bus,bus_station_seoul_cleaned.csv
천호우성아파트,,37.55064261,127.1400464,bus,bus,bus_station_seoul_cleaned.csv
라움포레아파트,,37.53363026,127.1235962,bus,bus,bus_station_seoul_cleaned.csv
성내시장,,37.53615493,127.1254968,bus,bus,bus_station_seoul_cleaned.csv
천호동로데오거리,,37.54034306,127.1273371,bus,bus,bus_station_seoul_cleaned.csv
